slug	year	cluster	role	title	text_path	pdf_path	bitmessage_link	note
1996-anderson-bear-lion	1996	PB8-pq-anonymity	building_block	Two Practical and Provably Secure Block Ciphers: BEAR and LION	graph/text/1996-anderson-bear-lion.txt	pdfs/1996-anderson-bear-lion.pdf	Payload cipher family behind Sphinx-style formats; unaffected by size growth of KEMs.	Wide-block ciphers (hash plus stream cipher, 3 or 4 Feistel rounds) from which LIONESS, the SPRP used for Sphinx payloads, derives. Symmetric only: Grover halves key strength, so 256-bit keys keep 128-bit post-quantum security; the post-quantum cost in Sphinx comes entirely from the public-key header.
1996-grover-search	1996	PB8-pq-anonymity	limit_or_theory	A fast quantum mechanical algorithm for database search	graph/text/1996-grover-search.txt	pdfs/1996-grover-search.pdf	The only generic quantum speedup for Bitmessage-style hash proof-of-work and for key search.	Unstructured search in O(sqrt(N)) queries. Against an n-bit hashcash target the expected work falls from 2^n to about 2^(n/2) hash evaluations in the ideal case; it parallelises poorly (k machines give only sqrt(k) speedup).
1998-chor-pir	1998	PB3-receiver-privacy	limit_or_theory	Private Information Retrieval	graph/text/1998-chor-pir.txt	pdfs/1998-chor-pir.pdf	Replaces broadcast-and-trial-decrypt with indexed private retrieval: the recipient fetches only its slots and the server learns nothing about which; works only if the recipient can compute or look up the slot (a rendezvous or mailbox index)	Founding paper. A single database must be downloaded in full (n bits) for perfect privacy; with k>=2 replicated non-colluding servers there are sublinear schemes (two servers: about n^(1/3) communication). The baseline cost every later receiver-privacy scheme is measured against: Bitmessage's flood is the trivial single-server solution.
2001-bellare-keyprivacy	2001	PB8-pq-anonymity	limit_or_theory	Key-Privacy in Public-Key Encryption	graph/text/2001-bellare-keyprivacy.txt	pdfs/2001-bellare-keyprivacy.pdf	The property Bitmessage's flooding relies on: ciphertext must not reveal which key it targets.	Defines key-privacy (IK-CPA/IK-CCA, i.e. ANO-CPA/ANO-CCA): a ciphertext must not reveal the recipient key. Every post-quantum KEM used for recipient-hiding must be re-proved against this notion.
2002-back-hashcash	2002	PB4-source-anonymity-spam	building_block	Hashcash - A Denial of Service Counter-Measure	graph/text/2002-back-hashcash.txt	pdfs/2002-back-hashcash.pdf	The exact mechanism Bitmessage attaches to every object.	Partial-hash-collision stamps as a cost-function against email spam and DoS. Adversary: bulk sender who trades CPU for volume; assumes a roughly uniform sender cost model.
2002-douceur-sybil	2002	PB4-source-anonymity-spam	limit_or_theory	The Sybil Attack	graph/text/2002-douceur-sybil.txt	pdfs/2002-douceur-sybil.pdf	Why per-identity trust fails in an open flooding network and why Bitmessage ties cost to objects (proof of work) instead of identities.	Without a logically central identity authority, an entity can present multiple identities and defeat redundancy-based schemes. Adversary: single entity with many pseudonymous identities, limited only by resources.
2003-goel-herbivore	2003	PB2-metadata-private-systems	system	Herbivore: A Scalable and Efficient Protocol for Anonymous Communication	graph/text/2003-goel-herbivore.txt	pdfs/2003-goel-herbivore.pdf	Replaces Bitmessage's flood-and-trial-decrypt with DC-net rounds: every client sends every round, so the recipient/sender is hidden without proof-of-work, but the anonymity set is bounded by the round size.	Cost model: DC-net cliques of small size; later Dissent papers report Herbivore-class systems usable only up to 40-50 participants. Background.
2004-boneh-peks	2004	PB3-receiver-privacy	building_block	Public Key Encryption with Keyword Search	graph/text/2004-boneh-peks.txt	pdfs/2004-boneh-peks.pdf	Lets an untrusted server route messages by keyword/recipient tag without reading them, a pre-Bitmessage alternative to trial decryption by every node.	PEKS: a sender appends a searchable tag under the recipient's public key; the recipient hands a trapdoor for a keyword to a gateway that can test tags without reading messages. Built from identity-based encryption; each test is one pairing, so server cost is linear in stored tags. The template for outsourced tag matching (FMD, OMR) and for pub/sub keyword filters.
2004-borisov-otr	2004	PB5-sessions-groups-pq	system	Off-the-Record Communication, or, Why Not To Use PGP	graph/text/2004-borisov-otr.txt	pdfs/2004-borisov-otr.pdf	Bitmessage's signed objects are the opposite of OTR's deniability goal; OTR is the 2004 baseline for forward secrecy and deniability.	Introduced OTR: ephemeral DH with rekeying for forward secrecy, MAC key publication for deniability (malleable encryption), authentication without non-repudiation; the ancestor of the Signal ratchet and the deniability goal.
2004-laurie-proofofwork	2004	PB4-source-anonymity-spam	limit_or_theory	Proof-of-Work Proves Not to Work	graph/text/2004-laurie-proofofwork.txt	pdfs/2004-laurie-proofofwork.pdf	The standard economic argument against Bitmessage-style flat proof of work: the cost falls on honest low-power senders, not on botnets.	Argues that PoW cannot separate spammers from legitimate senders because spammers use stolen cycles (zombies) while honest users have weak machines; a cost that spammers will pay is too high for ordinary users. Adversary: botnet-equipped spammer with free compute.
2005-camenisch-onion-formal	2005	PB7-limits-theory-soks	limit_or_theory	A Formal Treatment of Onion Routing	graph/text/2005-camenisch-onion-formal.txt	pdfs/2005-camenisch-onion-formal.pdf	Foundational formal definition against which the onion-routing proofs of later systems are measured.	First UC ideal functionality for onion routing and the onion-layer security properties (onion-correctness, onion-integrity, onion-security) a scheme must satisfy to realise it; the template that Backes et al. (2012) and Kuhn et al. (2020) revisit. Preliminary-version PDF.
2005-ostrovsky-streamingsearch	2005	PB3-receiver-privacy	building_block	Private Searching On Streaming Data	graph/text/2005-ostrovsky-streamingsearch.txt	pdfs/2005-ostrovsky-streamingsearch.pdf	First construction of a server-side private filter over a message stream, the problem Bitmessage solves by every node decrypting everything.	A server filters a stream of documents against a hidden keyword criterion using public-key (additively homomorphic) encryption and returns a compact encrypted buffer of matches, without learning the criterion or which documents matched; generalises PIR to a streaming setting and to richer queries. Ancestor of OMR: server work is linear in the stream and the output size is bounded by the expected number of matches.
2006-ishai-cryptography-from-anonymity	2006	PB7-limits-theory-soks	limit_or_theory	Cryptography from Anonymity	graph/text/2006-ishai-cryptography-from-anonymity.txt	pdfs/2006-ishai-cryptography-from-anonymity.pdf	Shows what an anonymous broadcast board (as a Bitmessage stream tries to be) is worth as a cryptographic resource.	An anonymous channel over insecure channels implements unconditionally secure point-to-point channels and hence honest-majority MPC; anonymity cannot yield unconditional security without honest majority. Also PIR for many users with near-optimal communication and computation, using secret sharing plus anonymous mixing.
2006-liu-pow	2006	PB4-source-anonymity-spam	limit_or_theory	Proof of Work can Work	graph/text/2006-liu-pow.txt	pdfs/2006-liu-pow.pdf	Suggests per-sender difficulty tied to reputation; Bitmessage has no reputation so cannot use it.	Rebuts Laurie and Clayton: with sender-specific, reputation-adjusted difficulty, PoW can impose cost on spammers while sparing trusted senders. Adversary: spammer who must pay marginal cost per message; recommended difficulty tied to reputation.
2009-danezis-sphinx	2009	PB2-metadata-private-systems	building_block	Sphinx: A Compact and Provably Secure Mix Format	graph/text/2009-danezis-sphinx.txt	pdfs/2009-danezis-sphinx.pdf	Packet format used by Loopix, Nym, Katzenpost and the Lightning Network; contrast with Bitmessage's single-layer static-key encryption.	Cost model: constant-size packets, one group element per hop plus MAC. Background reference.
2009-goldberg-mpotr	2009	PB5-sessions-groups-pq	system	Multi-party Off-the-Record Messaging	graph/text/2009-goldberg-mpotr.txt	pdfs/2009-goldberg-mpotr.pdf	The group-chat deniability and consistency baseline that Bitmessage chans (shared key, signed messages) do not offer.	Group OTR: authenticated group key agreement, deniable authentication within the group, forward secrecy, and participant/transcript consistency; designed for synchronous multi-party chat.
2010-corrigangibbs-dissent	2010	PB2-metadata-private-systems	system	Dissent: Accountable Anonymous Group Messaging	graph/text/2010-corrigangibbs-dissent.txt	pdfs/2010-corrigangibbs-dissent.pdf	Origin of the Dissent line; first anonymous group messaging with accountability against disruptors, which Bitmessage lacks (it relies on PoW only).	Cost model: DC-net plus verifiable shuffle for moderate groups; later Dissent papers report this version usable only for 40-50 members. Trust: no honest-majority needed, accountability by blame protocol. Pre-2012, background.
2010-pfitzmann-terminology	2010	PB7-limits-theory-soks	limit_or_theory	A terminology for talking about privacy by data minimization: Anonymity, Unlinkability, Undetectability, Unobservability, Pseudonymity, and Identity Management (v0.34)	graph/text/2010-pfitzmann-terminology.txt	pdfs/2010-pfitzmann-terminology.pdf	Bitmessage claims recipient anonymity by ambiguity (an anonymity set of all stream nodes); this is the terminology in which that claim is stated.	Canonical vocabulary: anonymity of a subject = not identifiable within an anonymity set of all possible subjects; unlinkability of items of interest = adversary cannot sufficiently distinguish whether they are related; unobservability = items indistinguishable from random noise and sender/recipient anonymous. Defines sender/recipient anonymity, relationship anonymity, undetectability.
2011-carzaniga-contentbased	2011			Content-based publish/subscribe networking and information-centric networking	graph/text/2011-carzaniga-contentbased.txt	pdfs/2011-carzaniga-contentbased.pdf		Abstract not retrieved; classified from the title as core work on content-based routing, information-centric networking.
2011-chen-scaling-construction	2011			Scaling Construction of Low Fan-out Overlays for Topic-Based Publish/Subscribe Systems	graph/text/2011-chen-scaling-construction.txt	pdfs/2011-chen-scaling-construction.pdf		Chen, Vitenberg, Jacobsen: scalable construction of low fan-out topic-connected overlays (ICDCS 2011).
2011-dangelo-adaptive	2011			Adaptive event dissemination for peer-to-peer multiplayer online games	graph/text/2011-dangelo-adaptive.txt	pdfs/2011-dangelo-adaptive.pdf		In this paper we show that gossip algorithms may be effectively used to disseminate game events in Peer-to-Peer (P2P) Multiplayer Online Games (MOGs).
2011-davis-presencearchitecture	2011			Presence-Based Architecture for Wireless Sensor Networks Using Publish/Subscribe Paradigm	graph/text/2011-davis-presencearchitecture.txt	pdfs/2011-davis-presencearchitecture.pdf		The main contribution of this paper is the discussion of requirements for presence services on WSN and the new proposed architecture to cope with presence services in WSN.
2011-giannaki-supporting	2011			Supporting mobility in a publish subscribe internetwork architecture	graph/text/2011-giannaki-supporting.txt	pdfs/2011-giannaki-supporting.pdf		Information-Centric Networking (ICN) is constantly gaining momentum within the Future Internet research community.
2011-guidec-communicationbasee	2011			Communication " basée contenus " dans les réseaux mobiles ad hoc discontinus	graph/text/2011-guidec-communicationbasee.txt	pdfs/2011-guidec-communicationbasee.pdf		Abstract not retrieved; included on title and venue (Revue des Sciences et Technologies de l'Information - Série TSI : Technique et Science Informatiques).
2011-hosoda-approximability-minimum	2011			On the Approximability of Minimum Topic Connected Overlay and Its Special Instances	graph/text/2011-hosoda-approximability-minimum.txt	pdfs/2011-hosoda-approximability-minimum.pdf		Hosoda et al.: COCOON version of approximability and hardness of minimum topic-connected overlay. Journal version: Theoretical Computer Science 2012 (10.1016/j.tcs.2011.12.033); arXiv preprint 2011.
2011-hu-self-organizing	2011			Self-organizing spatial publish subscribe	graph/text/2011-hu-self-organizing.txt	pdfs/2011-hu-self-organizing.pdf		Self-organizing spatial publish subscribe.
2011-konstantinidis-content	2011			A Content-Based Publish/Subscribe Matching Algorithm for 2D Spatial Objects	graph/text/2011-konstantinidis-content.txt	pdfs/2011-konstantinidis-content.pdf		Content-based pub/sub matching algorithm for 2D spatial objects
2011-malekpour-endtoend	2011			End-to-end reliability for best-effort content-based publish/subscribe networks	graph/text/2011-malekpour-endtoend.txt	pdfs/2011-malekpour-endtoend.pdf		Abstract not retrieved; classified from the title as core work on content-based routing, reliability/fault tolerance.
2011-mega-dissemination-decentralized	2011			Efficient dissemination in decentralized social networks	graph/text/2011-mega-dissemination-decentralized.txt	pdfs/2011-mega-dissemination-decentralized.pdf		Mega et al.: efficient dissemination in decentralized social networks using social overlays.
2011-nguyen-swarmintelligent	2011			Swarm-based Intelligent Routing (SIR) - a New Approach for Efficient Routing in Content Centric Delay Tolerant Networks	graph/text/2011-nguyen-swarmintelligent.txt	pdfs/2011-nguyen-swarmintelligent.pdf		Abstract not retrieved; included on title and venue (The 14th ACM International Conference on Modeling, Analysis and Simulation of Wireless and Mobile Systems (MSWIM 2011)).
2011-pace-gossiping	2011			Gossiping in the wild -- Tackling practical problems faced by gossip protocols when deployed on the Internet	graph/text/2011-pace-gossiping.txt	pdfs/2011-pace-gossiping.pdf		Les systèmes pair-à-pair (P2P) sont aujourd'hui très populaires.
2011-polyzos-contextaware	2011			Context-aware information delivery in assistive environments over a publish-subscribe internet	graph/text/2011-polyzos-contextaware.txt	pdfs/2011-polyzos-contextaware.pdf		The potential for enabling the context-aware content adaptation and specialized delivery of healthcare information of the Publish/Subscribe Internetworking (PSI) Future Internet architecture is presented.
2011-rahimian-vinifera	2011			Vinifera: A Gossip-based Hybrid Overlay for Content-based Publish/Subscribe	graph/text/2011-rahimian-vinifera.txt	pdfs/2011-rahimian-vinifera.pdf		Abstract not retrieved; classified from the title as core work on gossip/epidemic dissemination, overlay construction, content-based routing.
2011-sanchezmonedero-ddsbloom	2011			Bloom filter-based discovery protocol for DDS middleware	graph/text/2011-sanchezmonedero-ddsbloom.txt	pdfs/2011-sanchezmonedero-ddsbloom.pdf		Results show that the design and evaluation of an SDP alternative–which uses Bloom Filters (BF)–that increases DDS scalability can improve the discovery process (in terms of network load and node resource consumption), especially in those scenarios with...
2011-sarela-bloomcasting	2011			BloomCasting for publish/subscribe networks	graph/text/2011-sarela-bloomcasting.txt	pdfs/2011-sarela-bloomcasting.pdf		Abstract not retrieved; classified from the title as core work on pub/sub.
2011-shapiro-conflictfree	2011			Conflict-Free Replicated Data Types	graph/text/2011-shapiro-conflictfree.txt	pdfs/2011-shapiro-conflictfree.pdf		This paper formalises two popular approaches (state- and operation-based) and their relevant sufficient conditions and studies a number of useful CRDTs, such as sets with clean semantics, supporting both add and remove operations, and considers in depth...
2011-shikfa-brokerbased	2011			Broker-Based Private Matching	graph/text/2011-shikfa-brokerbased.txt	pdfs/2011-shikfa-brokerbased.pdf		Private matching of publisher and subscriber interests through an honest-but-curious broker.
2011-singh-disclosurecontrol	2011			Disclosure control in multi-domain publish/subscribe systems	graph/text/2011-singh-disclosurecontrol.txt	pdfs/2011-singh-disclosurecontrol.pdf		Interaction Control is presented, a policy model that overlays context-aware, point-to point (hop-level) controls onto a publish/subscribe network and allows granular control over i) the construction of the dissemination network, and ii) the information...
2011-tajuddin-techniques	2011			Techniques for Overlay Design of Content-based Publish/Subscribe Systems	graph/text/2011-tajuddin-techniques.txt	pdfs/2011-tajuddin-techniques.pdf		Techniques for overlay design of content-based pub/sub systems
2011-timpanaro-i2p	2011	PB4-source-anonymity-spam	measurement	Monitoring the I2P network	graph/text/2011-timpanaro-i2p.txt	pdfs/2011-timpanaro-i2p.pdf	Passive measurement of an anonymity network that a messenger could use as transport.	Monitoring infrastructure and measurement of I2P (peer discovery, popularity). Adversary: passive measurement operator with many routers.
2011-visala-securityinter	2011			Security Design for an Inter-Domain Publish/Subscribe Architecture	graph/text/2011-visala-securityinter.txt	pdfs/2011-visala-securityinter.pdf		This paper presents a security design through the network stack for a data-centric pub/sub architecture that achieves availability, information integrity, and allows application-specific security policies while remaining scalable.
2012-backes-provably-secure-onion	2012	PB7-limits-theory-soks	limit_or_theory	Provably Secure and Practical Onion Routing	graph/text/2012-backes-provably-secure-onion.txt	pdfs/2012-backes-provably-secure-onion.pdf	Reference UC treatment for relay-based anonymity; Kuhn et al. later find gaps in this proof family.	UC ideal functionality F_OR for onion routing; derives the exact security properties required of onion construction/processing algorithms and key exchange (predictably malleable symmetric encryption, strengthened integrity); proves forward secrecy; realises the black-box model of Feigenbaum-Johnson-Syverson so its anonymity metrics apply to the protocol.
2012-bainomugisha-flexubdynamic	2012			Flexub: Dynamic Subscriptions for Publish/Subscribe Systems in MANETs	graph/text/2012-bainomugisha-flexubdynamic.txt	pdfs/2012-bainomugisha-flexubdynamic.pdf		Abstract not retrieved; included on title and venue (12th International Conference on Distributed Applications and Interoperable Systems (DAIS)).
2012-baldoni-dynamic-message	2012			Dynamic Message Ordering for Topic-Based Publish/Subscribe Systems	graph/text/2012-baldoni-dynamic-message.txt	pdfs/2012-baldoni-dynamic-message.pdf		Dynamic Message Ordering for Topic-Based Publish/Subscribe Systems.
2012-bampas-self	2012			Self-Stabilizing Balancing Algorithm for Containment-Based Trees	graph/text/2012-bampas-self.txt	pdfs/2012-bampas-self.pdf		Self-stabilizing balancing for containment-based trees (subscription containment structure)
2012-bip37-bloomfilter	2012	PB3-receiver-privacy	system	BIP 37: Connection Bloom Filtering	graph/text/2012-bip37-bloomfilter.txt	pdfs/2012-bip37-bloomfilter.md	Bloom-filter subscription to a relay, the deployed form of tag filtering, with documented leakage.	SPV client sends a Bloom filter to a full node, which forwards only matching transactions; false-positive rate is the client's privacy knob. Attacked by Gervais et al. (ACSAC 2014): under 20 addresses leaks almost all of them.
2012-bitmessage-protocol-specification	2012	PB1-bitmessage-heirs	system	Bitmessage Protocol specification (wiki, protocol v3)	graph/text/2012-bitmessage-protocol-specification.txt	pdfs/2012-bitmessage-protocol-specification.md	The normative wire protocol: version/inv/getdata/object messages, object types getpubkey, pubkey, msg, broadcast, inventory vectors and the double-SHA-512 proof of work.	Page text saved as Markdown; text says protocol v3 is mandatory from 2014-11-16. Living document, year is first protocol version.
2012-bitmessage-wiki-changelog	2012	PB1-bitmessage-heirs	system	PyBitmessage Changelog (wiki)	graph/text/2012-bitmessage-wiki-changelog.txt	pdfs/2012-bitmessage-wiki-changelog.md	Release-by-release record of protocol changes (PoW parameters, TTL, streams, Tor and I2P handling, the 0.6.3.2 fix) that shows how the design drifted from the whitepaper.	Useful for dating protocol v3, the extended-encoding change that led to CVE-2018-1000070, and Tor-related fixes.
2012-bitmessage-wiki-faq	2012	PB1-bitmessage-heirs	system	Bitmessage Wiki FAQ	graph/text/2012-bitmessage-wiki-faq.txt	pdfs/2012-bitmessage-wiki-faq.md	Explains chans (shared passphrase as address), streams, the 2-day retention, the cost of sending and why every node receives every message.	Operational description of chans (mailing-list style shared keys), Tor use and the PoW wait; used to ground the chan and stream claims.
2012-brouwers-pogomiddleware	2012			Pogo, a Middleware for Mobile Phone Sensing	graph/text/2012-brouwers-pogomiddleware.txt	pdfs/2012-brouwers-pogomiddleware.pdf		Abstract not retrieved; included on title and venue (13th International Middleware Conference (MIDDLEWARE)).
2012-cao-sybilrank	2012	PB4-source-anonymity-spam	attack_or_audit	Aiding the Detection of Fake Accounts in Large Scale Social Online Services	graph/text/2012-cao-sybilrank.txt	pdfs/2012-cao-sybilrank.pdf	Reputation-based admission control from a social graph; contrast with Bitmessage cost-based admission.	SybilRank ranks accounts by early-terminated random-walk trust from known honest seeds to flag fake accounts at scale. Adversary: Sybil attacker with a bounded number of attack edges into the honest region.
2012-chaabane-ontology	2012			Towards an ontology and DHT-based publish/subscribe scalable system	graph/text/2012-chaabane-ontology.txt	pdfs/2012-chaabane-ontology.pdf		In the context of Publish/Subscribe systems (Pub/Sub), Peer-to-Peer (P2P) solutions based on Distributed Hash Tables (DHT) offer efficient functionalities such as event routing flexibility, scalabilit
2012-chaudet-building-overlay	2012			Building an efficient overlay for publish/subscribe in wireless sensor networks	graph/text/2012-chaudet-building-overlay.txt	pdfs/2012-chaudet-building-overlay.pdf		Building an efficient overlay for publish/subscribe in wireless sensor networks.
2012-chen-generalized-algorithm	2012			A Generalized Algorithm for Publish/Subscribe Overlay Design and Its Fast Implementation	graph/text/2012-chen-generalized-algorithm.txt	pdfs/2012-chen-generalized-algorithm.pdf		Chen et al.: GenODA, generalized overlay design algorithm for pub/sub (DISC 2012).
2012-ciobanu-data	2012			Data Dissemination in Opportunistic Networks	graph/text/2012-ciobanu-data.txt	pdfs/2012-ciobanu-data.pdf		Abstract not retrieved; classified from the title as adjacent work on ad hoc/opportunistic networks.
2012-elahi-guards	2012	PB4-source-anonymity-spam	limit_or_theory	Changing of the Guards: A Framework for Understanding and Improving Entry Guard Selection in Tor	graph/text/2012-elahi-guards.txt	pdfs/2012-elahi-guards.pdf	Peer-selection hardening for the user side of an anonymity network.	Framework for entry guard parameters (number, lifetime) trading profiling resistance against availability; recommends fewer guards with longer lifetimes. Adversary: relay adversary controlling a fraction of bandwidth who is selected as a guard for some users over time.
2012-feigenbaum-onion-blackbox	2011	PB7-limits-theory-soks	limit_or_theory	A Probabilistic Analysis of Onion Routing in a Black-box Model	graph/text/2012-feigenbaum-onion-blackbox.txt	pdfs/2012-feigenbaum-onion-blackbox.pdf	Quantifies how adversary priors on destinations degrade anonymity; relevant to non-uniform recipient popularity.	UC black-box model of onion routing against an adversary that controls a fraction b of routers and knows priors on user destinations. As the network grows, user u's anonymity is worst either when others always choose the destination u is least likely to visit or when they always choose the destination u chooses. Worst-case anonymity against fraction b of routers is comparable to best-case anonymity against fraction s
2012-ferretti-publish-subscribe	2011			Publish-subscribe systems via gossip	graph/text/2012-ferretti-publish-subscribe.txt	pdfs/2012-ferretti-publish-subscribe.pdf		Ferretti: gossip-based pub/sub studied via complex-network analysis. ACM version 2012; arXiv v1 2011.
2012-kazemzadeh-introducing-publiy	2012			Introducing Publiy	graph/text/2012-kazemzadeh-introducing-publiy.txt	pdfs/2012-kazemzadeh-introducing-publiy.pdf		Introducing Publiy.
2012-kazemzadeh-opportunistic	2012			Opportunistic Multipath Forwarding in Content-Based Publish/Subscribe Overlays	graph/text/2012-kazemzadeh-opportunistic.txt	pdfs/2012-kazemzadeh-opportunistic.pdf		Abstract not retrieved; classified from the title as core work on overlay construction, content-based routing, ad hoc/opportunistic networks.
2012-kazemzadeh-publiy-peer	2012			Publiy+: A Peer-Assisted Publish/Subscribe Service for Timely Dissemination of Bulk Content	graph/text/2012-kazemzadeh-publiy-peer.txt	pdfs/2012-kazemzadeh-publiy-peer.pdf		Publiy+: A Peer-Assisted Publish/Subscribe Service for Timely Dissemination of Bulk Content.
2012-kreutz-trustworthyresilient	2012			A Trustworthy and Resilient Event Broker for Monitoring Cloud Infrastructures	graph/text/2012-kreutz-trustworthyresilient.txt	pdfs/2012-kreutz-trustworthyresilient.pdf		Abstract not retrieved; included on title and venue (12th International Conference on Distributed Applications and Interoperable Systems (DAIS)).
2012-lahyani-manetanalytical	2012			Analytical Framework for QoS Aware Publish/subscribe System Deployed on MANET	graph/text/2012-lahyani-manetanalytical.txt	pdfs/2012-lahyani-manetanalytical.pdf		Abstract not retrieved; included on title and venue (2012 IEEE 10th International Symposium on Parallel and Distributed Processing with Applications).
2012-lahyani-manetself	2012			Towards Self Healing Publish/Subscribe System on MANET	graph/text/2012-lahyani-manetself.txt	pdfs/2012-lahyani-manetself.pdf		Abstract not retrieved; included on title and venue (2012 IEEE 21st International Workshop on Enabling Technologies: Infrastructure for Collaborative Enterprises).
2012-li-community-clustering	2012			Community Clustering for Distributed Publish/Subscribe Systems	graph/text/2012-li-community-clustering.txt	pdfs/2012-li-community-clustering.pdf		Li et al.: community clustering of subscribers for distributed pub/sub.
2012-li-sybilcontrol	2012	PB4-source-anonymity-spam	system	SybilControl: Practical Sybil Defense with Computational Puzzles	graph/text/2012-li-sybilcontrol.txt	pdfs/2012-li-sybilcontrol.pdf	Identity-level (not object-level) puzzle admission; contrasts with Bitmessage per-object PoW and shows the same botnet and hardware-asymmetry limits.	Sybil defence for decentralised systems in which every identity must keep solving periodic computational puzzles to remain valid, bounding identities per unit of compute. Adversary: Sybil attacker with finite compute (no ASIC/botnet assumption) and fixed lifetime of puzzle solutions.
2012-libert-anonymousbe	2012	PB3-receiver-privacy	building_block	Anonymous Broadcast Encryption: Adaptive Security and Efficient Constructions in the Standard Model	graph/text/2012-libert-anonymousbe.txt	pdfs/2012-libert-anonymousbe.pdf	Anonymous hint systems are a cryptographic cousin of Bitmessage's tag/trial-decrypt shortcut: a cheap per-component test that avoids a full trial decryption.	Defines ANOBE: a multi-recipient ciphertext that does not reveal the recipient set. Generic constructions from key-private IND-CCA PKE and from IBE; introduces anonymous hint systems that speed up decryption so a receiver need not try every ciphertext component. Costs: ciphertext linear in recipients, decryption sped up by hints.
2012-matos-brisa-combining	2012			BRISA: Combining Efficiency and Reliability in Epidemic Data Dissemination	graph/text/2012-matos-brisa-combining.txt	pdfs/2012-matos-brisa-combining.pdf		BRISA: Combining Efficiency and Reliability in Epidemic Data Dissemination.
2012-morales-adaptable	2012			An Adaptable Destination-Based Dissemination Algorithm Using a Publish/Subscribe Model in Vehicular Networks	graph/text/2012-morales-adaptable.txt	pdfs/2012-morales-adaptable.pdf		Adaptable destination-based dissemination using pub/sub in vehicular networks
2012-mulamba-design	2012			On the design of a secure and anonymous publish-subscribe system	graph/text/2012-mulamba-design.txt	pdfs/2012-mulamba-design.pdf		The reliability and the high availability of data have made online servers very popular among single users or organizations like hospitals, insurance companies or administrations.
2012-naicken-finding	2012			Finding Trusted Publish/Subscribe Trees	graph/text/2012-naicken-finding.txt	pdfs/2012-naicken-finding.pdf		Publish/Subscribe systems assume that clients and brokers abide by the matching and forwarding protocols.
2012-naicken-trusted	2012			Trusted content-based publish/subscribe trees	graph/text/2012-naicken-trusted.txt	pdfs/2012-naicken-trusted.pdf		Abstract not retrieved; classified from the title as core work on content-based routing, security.
2012-olteanu-robust-peer	2012			Towards robust and scalable peer-to-peer social networks	graph/text/2012-olteanu-robust-peer.txt	pdfs/2012-olteanu-robust-peer.pdf		Olteanu: robust scalable P2P social networks using gossip pub/sub-style dissemination.
2012-pal-p3s	2012			P3S: A Privacy Preserving Publish-Subscribe Middleware	graph/text/2012-pal-p3s.txt	pdfs/2012-pal-p3s.pdf		Abstract not retrieved; classified from the title as core work on privacy/confidentiality.
2012-rahimian-locality-awareness	2012			Locality-Awareness in a Peer-to-Peer Publish/Subscribe Network	graph/text/2012-rahimian-locality-awareness.txt	pdfs/2012-rahimian-locality-awareness.pdf		Rahimian et al.: adds network-locality awareness to a gossip-based P2P pub/sub overlay (Vitis follow-up).
2012-schmidt-why	2012			Why We Shouldn't Forget Multicast in Name-oriented Publish/Subscribe	graph/text/2012-schmidt-why.txt	pdfs/2012-schmidt-why.pdf		Name-oriented networks introduce the vision of an information-centric, secure, globally available publish-subscribe infrastructure.
2012-schnitzer-content-routing	2012			Content routing algorithms to support Publish/Subscribe in Mobile Ad Hoc Networks	graph/text/2012-schnitzer-content-routing.txt	pdfs/2012-schnitzer-content-routing.pdf		Content routing algorithms to support Publish/Subscribe in Mobile Ad Hoc Networks.
2012-setty-poldercast	2012			PolderCast: Fast, Robust, and Scalable Architecture for P2P Topic-Based Pub/Sub	graph/text/2012-setty-poldercast.txt	pdfs/2012-setty-poldercast.pdf		Anchor paper: PolderCast, gossip-built topic-based P2P pub/sub overlay (ring + Vicinity/Cyclon-style layers) with low relay overhead and fast, robust dissemination.
2012-shen-approximate	2012			Approximate covering detection among content-based subscriptions using space filling curves	graph/text/2012-shen-approximate.txt	pdfs/2012-shen-approximate.pdf		Approximate covering detection among content-based subscriptions using space-filling curves
2012-wang-topological	2012			Topological Similarity-Based Scheme for Large-Scale Group Communication Services	graph/text/2012-wang-topological.txt	pdfs/2012-wang-topological.pdf		Abstract not retrieved; classified from the title as adjacent work on pub/sub.
2012-warren-bitmessage-whitepaper	2012	PB1-bitmessage-heirs	system	Bitmessage: A Peer-to-Peer Message Authentication and Delivery System	graph/text/2012-warren-bitmessage-whitepaper.txt	pdfs/2012-warren-bitmessage-whitepaper.pdf	The subject: every message is flooded to every node of a stream, encrypted to the recipient public key, admitted by a hashcash-style proof of work; recipients trial-decrypt everything; broadcasts use a key derived from the sender address.	Original design: addresses as hash of two public keys, streams to partition load, 2-day TTL, PoW sized by message length and TTL, ECIES encryption without forward secrecy.
2012-wolinsky-dissentnumbers	2012	PB2-metadata-private-systems	system	Dissent in Numbers: Making Strong Anonymity Scale	graph/text/2012-wolinsky-dissentnumbers.txt	pdfs/2012-wolinsky-dissentnumbers.pdf	Replaces Bitmessage's flood-and-trial-decrypt with DC-net rounds: every client sends every round, so the recipient/sender is hidden without proof-of-work, but the anonymity set is bounded by the round size.	Cost model: client/server DC-net with anytrust servers. Scales to 5,000 online participants on DeterLab; latency as low as 600 ms for 600-client groups. Trust: anonymity holds if at least one of the M servers is honest. Round-based; every client talks every round.
2012-zuzak-performancehierarchical	2012			Performance Evaluation of Hierarchical Publish-Subscribe Monitoring Architecture for Service-Oriented Applications	graph/text/2012-zuzak-performancehierarchical.txt	pdfs/2012-zuzak-performancehierarchical.pdf		Contemporary high-performance service-oriented applications demand a performance efficient run-time monitoring.
2013-backes-anoa	2013	PB7-limits-theory-soks	limit_or_theory	AnoA: A Framework for Analyzing Anonymous Communication Protocols	graph/text/2013-backes-anoa.txt	pdfs/2013-backes-anoa.pdf	Gives the (eps, delta) vocabulary used by Vuvuzela-style DP accounting and for comparing flooding with mixing.	Definition: a protocol P provides (eps, delta)-sender anonymity iff it is (eps, delta)-alpha-IND-CDP for the adjacency function alpha_SA (challenge rows differ only in the sender); likewise sender unlinkability (alpha_UL) and relationship anonymity. (eps,delta)-alpha-IND-CDP: Pr[adversary outputs 0 | b=0] <= e^eps Pr[outputs 0 | b=1] + delta. Unifies anonymity with computational differential privacy.
2013-biryukov-trawling	2013	PB4-source-anonymity-spam	attack_or_audit	Trawling for Tor Hidden Services: Detection, Measurement, Deanonymization	graph/text/2013-biryukov-trawling.txt	pdfs/2013-biryukov-trawling.pdf	Recipient privacy through hidden services is attackable via directory position and guard; why v3 onion services and vanguards were needed.	Shows how an attacker can measure popularity of, take down, and deanonymise Tor hidden services by controlling HSDir positions and guards; evaluated on Silk Road and a botnet. Adversary: relay operator placing HSDirs near a descriptor and controlling the guard of the service.
2013-boutet-decentralizing	2013			Decentralizing news personalization systems	graph/text/2013-boutet-decentralizing.txt	pdfs/2013-boutet-decentralizing.pdf		The rapid evolution of the web has changed the way information is created, distributed, evaluated and consumed.
2013-boutet-whatsup-decentralized	2013			WHATSUP: A Decentralized Instant News Recommender	graph/text/2013-boutet-whatsup-decentralized.txt	pdfs/2013-boutet-whatsup-decentralized.pdf		Boutet et al.: WhatsUp, decentralized gossip-based news recommender.
2013-buford-applicationlayer	2013			Application-Layer Multicast Extensions to REsource LOcation And Discovery (RELOAD)	graph/text/2013-buford-applicationlayer.txt	pdfs/2013-buford-applicationlayer.pdf		Abstract not retrieved; classified from the title as adjacent work on multicast.
2013-chen-brief-announcement	2013			Brief announcement: constructing fault-tolerant overlay networks for topic-based publish/subscribe	graph/text/2013-chen-brief-announcement.txt	pdfs/2013-chen-brief-announcement.pdf		Chen et al.: k-TCO, fault-tolerant topic-connected overlay (PODC 2013 brief announcement).
2013-chen-reliable	2013			Reliable publish/subscribe in content-centric networks	graph/text/2013-chen-reliable.txt	pdfs/2013-chen-reliable.pdf		Abstract not retrieved; classified from the title as core work on information-centric networking, reliability/fault tolerance.
2013-ciancaglini-keybased	2013			From key-based to content-based routing : system interconnection and video streaming applications. (Du routage par clé au routage par contenu : interconnexion des systèmes et applications de diffusion vidéo)	graph/text/2013-ciancaglini-keybased.txt	pdfs/2013-ciancaglini-keybased.pdf		Le routage par clé et par contenu sont des systèmes de routage ou la destination d'un message suit un parcours entre les nœuds du réseau qui dépend seulement du contenu du message même.
2013-corrigangibbs-verdict	2013	PB2-metadata-private-systems	system	Proactively Accountable Anonymous Messaging in Verdict	graph/text/2013-corrigangibbs-verdict.txt	pdfs/2013-corrigangibbs-verdict.pdf	Replaces Bitmessage's flood-and-trial-decrypt with DC-net rounds: every client sends every round, so the recipient/sender is hidden without proof-of-work, but the anonymity set is bounded by the round size. Adds proactive proofs against jam	Cost model: verifiable DC-net with public-key proofs per message. Groups of 100 clients at 1 s per round, or 1,000 clients at 10 s per round. Trust: one honest server; no retroactive blame needed.
2013-davis-improvingpacket	2013			Improving Packet Delivery Performance of Publish/Subscribe Protocols in Wireless Sensor Networks	graph/text/2013-davis-improvingpacket.txt	pdfs/2013-davis-improvingpacket.pdf		An adaptive RTO method is proposed, which consists in using a Smooth Round-trip Time and multiplying it by a constant parameter (K) so that the reliability mechanism of MQTT-S and CoAP would be able to react properly to packet loss and would also be...
2013-fongen-identity	2013			Identity Management and Integrity Protection in Publish-Subscribe Systems	graph/text/2013-fongen-identity.txt	pdfs/2013-fongen-identity.pdf		Identity management and message-integrity protection for pub/sub, so that subscribers can verify publishers.
2013-fukui-two-tier	2013			A Two-tier Overlay Publish/Subscribe System for Sensor Data Stream Using Geographic Based Load Balancing	graph/text/2013-fukui-two-tier.txt	pdfs/2013-fukui-two-tier.pdf		A Two-tier Overlay Publish/Subscribe System for Sensor Data Stream Using Geographic Based Load Balancing.
2013-gelernter-limits-provable-anonymity	2013	PB7-limits-theory-soks	limit_or_theory	On the Limits of Provable Anonymity	graph/text/2013-gelernter-limits-provable-anonymity.txt	pdfs/2013-gelernter-limits-provable-anonymity.pdf	Counting argument: honest senders must each emit as many packets as the total delivered, which flooding (everyone relays everything) satisfies at O(N) cost.	Computational anonymity definitions (Comp-N-anonymity: eavesdroppers, malicious peers, malicious destinations). 'Ultimate anonymity' is feasible (Thm 10, via MPC/TTP, polynomial but absurd cost) and the overhead is unavoidable. Thm 13 (deterministic protocols, Comp-SA-anonymous against global eavesdropper destination): for every run and every R, messages reaching the destination Out <= min over honest potential sende
2013-hakiri-supportingend2	2013			Supporting End-to-end Scalability and Real-time Event Dissemination in the OMG Data Distribution Service over Wide Area Networks	graph/text/2013-hakiri-supportingend2.txt	pdfs/2013-hakiri-supportingend2.pdf		Abstract not retrieved; included on title and venue (Journal of Systems and Software).
2013-johnson-usersgetrouted	2013	PB4-source-anonymity-spam	attack_or_audit	Users Get Routed: Traffic Correlation on Tor by Realistic Adversaries	graph/text/2013-johnson-usersgetrouted.txt	pdfs/2013-johnson-usersgetrouted.pdf	Quantifies end-to-end correlation when Bitmessage is run through Tor; guard rotation and AS diversity matter.	Models Tor users and adversaries (relays, ASes, IXPs) and measures time-to-compromise with a Tor path simulator; users are far more exposed than earlier work estimated. Adversary: AS-level and IXP-level network adversaries and malicious relays, observing both ends over time.
2013-karanasos-deltadata	2013			Delta: Scalable Data Dissemination under Capacity Constraints	graph/text/2013-karanasos-deltadata.txt	pdfs/2013-karanasos-deltadata.pdf		Abstract not retrieved; included on title and venue (n/a).
2013-kazemzadeh-overlay	2013			Overlay Neighborhoods for Distributed Publish/Subscribe Systems	graph/text/2013-kazemzadeh-overlay.txt	pdfs/2013-kazemzadeh-overlay.pdf		Overlay neighborhoods for distributed pub/sub
2013-kim-gossip-causal	2013			Gossip-based Causal Order Delivery Protocol Respecting Deadline Constraints in Publish/Subscribe Systems	graph/text/2013-kim-gossip-causal.txt	pdfs/2013-kim-gossip-causal.pdf		Gossip-based Causal Order Delivery Protocol Respecting Deadline Constraints in Publish/Subscribe Systems.
2013-kohlweiss-anonymitypke	2013	PB3-receiver-privacy	limit_or_theory	Anonymity-preserving Public-Key Encryption: A Constructive Approach	graph/text/2013-kohlweiss-anonymitypke.txt	pdfs/2013-kohlweiss-anonymitypke.pdf	States exactly which encryption properties make Bitmessage's flooded broadcast actually receiver-anonymous: IND-CCA, key-privacy and (weak) robustness of the cipher.	Builds a confidential receiver-anonymous channel from a broadcast channel using PKE that is IND-CCA, key-private and weakly robust, and shows weak robustness is necessary while strong robustness is stronger than needed; also proves limitations on what PKE can construct. Formal justification for 'broadcast and let the recipient try all' as an anonymity mechanism.
2013-leblond-aqua	2013	PB2-metadata-private-systems	system	Towards Efficient Traffic-analysis Resistant Anonymity Networks	graph/text/2013-leblond-aqua.txt	pdfs/2013-leblond-aqua.pdf	Constant-rate, traffic-analysis-resistant forwarding for bulk traffic; shows what bandwidth cost buys source-timing resistance.	Cost model: high-bandwidth anonymity with constant-rate padded links; anonymity sets of hundreds of clients, latency low enough for bulk TCP; evaluated on traces of hundreds of thousands of BitTorrent users. Trust: tolerates a bounded number of compromised nodes.
2013-lehn-distributed	2013			Distributed optimization of event dissemination exploiting interest clustering	graph/text/2013-lehn-distributed.txt	pdfs/2013-lehn-distributed.pdf		Abstract not retrieved; classified from the title as core work on pub/sub.
2013-leone-content	2013			Content Based Routing with Directional Random Walk for Failure Tolerance and Detection in Cooperative Large Scale Wireless Networks	graph/text/2013-leone-content.txt	pdfs/2013-leone-content.pdf		Abstract not retrieved; classified from the title as core work on content-based routing.
2013-luk-rrg	2013			RRG: redundancy reduced gossip protocol for real-time N-to-N dynamic group communication	graph/text/2013-luk-rrg.txt	pdfs/2013-luk-rrg.pdf		Real-time group communication is an indispensable part of many interactive multimedia applications over the internet.
2013-marlinspike-ratcheting	2013	PB5-sessions-groups-pq	system	Advanced cryptographic ratcheting	graph/text/2013-marlinspike-ratcheting.txt	pdfs/2013-marlinspike-ratcheting.md	Published one year after Bitmessage; the design answer to Bitmessage's lack of forward secrecy and compromise recovery on an asynchronous, store-and-forward transport.	First public description of the Axolotl ratchet (later Double Ratchet): OTR-style DH ratchet combined with hash ratchet so that asynchronous transports get forward secrecy and recovery from key compromise ('self-healing') without waiting for a reply round trip.
2013-matos-scaling-up	2013			Scaling Up Publish/Subscribe Overlays Using Interest Correlation for Link Sharing	graph/text/2013-matos-scaling-up.txt	pdfs/2013-matos-scaling-up.pdf		Matos et al.: scales pub/sub overlays by exploiting interest correlation for link sharing (IEEE TPDS).
2013-mega-social-overlays	2013			On Social Overlays and Their Application to Decentralized Online Social Networks	graph/text/2013-mega-social-overlays.txt	pdfs/2013-mega-social-overlays.pdf		On Social Overlays and Their Application to Decentralized Online Social Networks.
2013-morales-hottopic	2013			A Hot-topic based Distribution and Notification of Events in Pub/Sub Mobile Brokers.	graph/text/2013-morales-hottopic.txt	pdfs/2013-morales-hottopic.pdf		This paper introduces mechanisms that allow mobile brokers to distribute their subscribers and coordinate the notification of events between fixed and mobile brokers and proposes a hot-topic algorithm that marks the event popularity and depending on this,...
2013-morales-supportscientific	2013			On the Support of Scientific Workflows over Pub/Sub Brokers	graph/text/2013-morales-supportscientific.txt	pdfs/2013-morales-supportscientific.pdf		A new model for supporting scientific workflows that improves the dissemination of control events is proposed, based on the mapping of workflow tasks to the underlying Pub/Sub event layer, and the definition of interfaces and procedures for execution on...
2013-nabeel-privacy	2013			Privacy Preserving Context Aware Publish Subscribe Systems	graph/text/2013-nabeel-privacy.txt	pdfs/2013-nabeel-privacy.pdf		Abstract not retrieved; classified from the title as core work on privacy/confidentiality.
2013-noguchi-widearea	2013			Wide-Area Publish/Subscribe Mobile Resource Discovery Based on IPv6 GeoNetworking	graph/text/2013-noguchi-widearea.txt	pdfs/2013-noguchi-widearea.pdf		The proposed system relies on a hierarchical publish-subscribe architecture and geographic routing so that users can locate resources according to geographical coordinates without scalability issue, and proposes a location management mechanism for mobile...
2013-oya-sda-family	2013	PB7-limits-theory-soks	attack_or_audit	Meet the Family of Statistical Disclosure Attacks	graph/text/2013-oya-sda-family.txt	pdfs/2013-oya-sda-family.pdf	Intersection and profiling attacks defeat the receiver ambiguity that flooding provides once a user is persistent.	Unified framework comparing SDA variants and the least-squares disclosure attack as estimators of senders' behavioural profiles from sets of observed receivers. No bound; comparison of estimator variance.
2013-pellegrino-distributed	2013			A Distributed Publish/Subscribe System for RDF Data	graph/text/2013-pellegrino-distributed.txt	pdfs/2013-pellegrino-distributed.pdf		Abstract not retrieved; classified from the title as core work on pub/sub.
2013-rene-erreichen	2013			Erreichen der Kooperation von egoistischen Peers in in verteilten Systemen - Eine Studie mit Publish/Subscribe	graph/text/2013-rene-erreichen.txt	pdfs/2013-rene-erreichen.pdf		German-language version of the thesis on cooperation of selfish peers with pub/sub
2013-richerzhagen-adaptivepublish	2013			Towards an Adaptive Publish/Subscribe Approach Supporting Transitions	graph/text/2013-richerzhagen-adaptivepublish.txt	pdfs/2013-richerzhagen-adaptivepublish.pdf		Abstract not retrieved; included on title and venue (7th International Conference on Autonomous Infrastructure (AIMS)).
2013-royer-survey	2013			Survey on Context-Aware Publish/Subscribe Systems for VANET	graph/text/2013-royer-survey.txt	pdfs/2013-royer-survey.pdf		Abstract not retrieved; classified from the title as core work on survey/overview, ad hoc/opportunistic networks.
2013-stais-errorcontrol	2013			Towards an error control scheme for a publish/subscribe network	graph/text/2013-stais-errorcontrol.txt	pdfs/2013-stais-errorcontrol.pdf		Abstract not retrieved; included on title and venue (2013 IEEE International Conference on Communications (ICC)).
2013-tor-prop224-rendng	2013	PB4-source-anonymity-spam	system	Tor proposal 224: Next-Generation Hidden Services in Tor	graph/text/2013-tor-prop224-rendng.txt	pdfs/2013-tor-prop224-rendng.md	Descriptor blinding to stop directory enumeration; relevant to private recipient rendezvous.	Design of v3 onion services: ed25519 keys, blinded keys per time period for HSDir descriptor privacy, client authorisation. Adversary: HSDir operators and relay-level adversaries enumerating or tracking onion services; addresses the weaknesses in v2 (Trawling).
2013-tox-protocol-spec	2013	PB6-deployed-messengers	system	The Tox Protocol Specification (TokTok)	graph/text/2013-tox-protocol-spec.txt	pdfs/2013-tox-protocol-spec.md	Direct peer connections with a DHT, instead of a flood. The legacy design lacks forward secrecy like Bitmessage.	Tox's DHT-based peer discovery, onion paths for announcing and finding long-term keys, and crypto using NaCl; no ratchet in the legacy protocol (static keys with session nonces). Hides: friend key lookups from DHT nodes via onion paths. Leaks IP address to friends and DHT neighbours; no offline messages.
2013-vansaberhagen-cryptonote	2013	PB3-receiver-privacy	system	CryptoNote v 2.0	graph/text/2013-vansaberhagen-cryptonote.txt	pdfs/2013-vansaberhagen-cryptonote.pdf	Bitmessage addresses are static and the public key is looked up by everyone; stealth/one-time addresses give per-message recipient keys, at the cost that the recipient must scan (an ECDH per candidate) unless a tag or detection key short-cu	Defines one-time destination keys: the sender derives a per-output key from the recipient's two-key address and a transaction public key; the recipient finds its outputs by testing every output in every transaction with its view key, one elliptic-curve operation per candidate. Scanning cost is linear in chain outputs.
2013-vylegzhanina-design	2013			Design considerations in developing a mobile application for scalable and decentralized publish/subscribe-based weather alert system	graph/text/2013-vylegzhanina-design.txt	pdfs/2013-vylegzhanina-design.pdf		Abstract not retrieved; classified from the title as core work on pub/sub.
2013-wolinsky-hang	2013			Hang with your buddies to resist intersection attacks	graph/text/2013-wolinsky-hang.txt	pdfs/2013-wolinsky-hang.pdf		We present Buddies, the first systematic design for intersection attack resistance in practical anonymity systems.
2013-yoon-adaptation-techniques	2013			Adaptation Techniques for Publish/Subscribe Overlays	graph/text/2013-yoon-adaptation-techniques.txt	pdfs/2013-yoon-adaptation-techniques.pdf		Topic-connected overlay design: Adaptation Techniques for Publish/Subscribe Overlays.
2013-zamani-anonymousbroadcast	2013	PB2-metadata-private-systems	limit_or_theory	Towards Provably-Secure Scalable Anonymous Broadcast	graph/text/2013-zamani-anonymousbroadcast.txt	pdfs/2013-zamani-anonymousbroadcast.pdf	Replaces Bitmessage's flood-and-trial-decrypt with DC-net rounds: every client sends every round, so the recipient/sender is hidden without proof-of-work, but the anonymity set is bounded by the round size.	Cost model: targets the Omega(n^2) total bit complexity of classical DC-nets by using secure multiparty computation among small groups. Unconditional security against traffic analysis; theory with a protocol sketch, no deployment numbers.
2013-zhang-distributed-ranked	2013			Distributed Ranked Data Dissemination in Social Networks	graph/text/2013-zhang-distributed-ranked.txt	pdfs/2013-zhang-distributed-ranked.pdf		Zhang, Jacobsen et al.: distributed ranked (top-k) data dissemination in social networks over pub/sub overlays.
2013-zhang-sdnlike	2013			SDN-like: The Next Generation of Pub/Sub	graph/text/2013-zhang-sdnlike.txt	pdfs/2013-zhang-sdnlike.pdf		Software-Defined Networking (SDN) has raised the boundaries of cloud computing by offering unparalleled levels of control and flexibility to system administrators over their virtualized environments.
2014-almeida-statecrdts	2014			Efficient state-based CRDTs by decomposition	graph/text/2014-almeida-statecrdts.txt	pdfs/2014-almeida-statecrdts.pdf		This work introduces a decomposable version of state-based CRDTs, called Delta State-basedCRDTs (Δ-CRDT), and explores the minimal requirements that a communication algorithm must offer according to the guarantees provided by the underlying messaging...
2014-backes-mator	2014	PB7-limits-theory-soks	measurement	(Nothing else) MATor(s): Monitoring the Anonymity of Tor's Path Selection	graph/text/2014-backes-mator.txt	pdfs/2014-backes-mator.pdf	A measurement-driven way to quote an (eps, delta) for a deployed network, which Bitmessage lacks.	Rigorous anonymity bounds in an extension of AnoA, applied to Tor's path selection using the public consensus and server descriptors; real-time anonymity monitor on Tor Metrics data; proposes an alternative path selection with stronger guarantees at no performance cost.
2014-backes-tuc	2014	PB7-limits-theory-soks	limit_or_theory	TUC: Time-sensitive and Modular Analysis of Anonymous Communication	graph/text/2014-backes-tuc.txt	pdfs/2014-backes-tuc.pdf	Timing attacks (the source-timing weakness of immediate flooding) need a time-aware model; TUC is the formal tool.	Universal-composability-style framework (TUC) with a notion of time and sequential activation, enough to model traffic-correlation and website-fingerprinting timing attacks on onion routing; compositional proofs; applied to a Tor website-fingerprinting countermeasure.
2014-bensasson-zerocash	2014	PB6-deployed-messengers	building_block	Zerocash: Decentralized Anonymous Payments from Bitcoin (extended version)	graph/text/2014-bensasson-zerocash.txt	pdfs/2014-bensasson-zerocash.pdf	Ledger-wide broadcast with recipient trial-decrypt, the same recipient-ambiguity mechanism as Bitmessage, with the ledger's fee as admission cost.	Foundation of Zcash shielded notes: notes appear on chain as commitments with an encrypted payload for the recipient; spends reveal nullifiers; hides amounts and the sender-receiver link. Recipient discovery is by trial decryption of all new ciphertexts with the incoming viewing key. Transaction existence, time and fees public.
2014-bertaux-ddscommunication	2014			A DDS/SDN Based Communication System for Efficient Support of Dynamic Distributed Real-Time Applications	graph/text/2014-bertaux-ddscommunication.txt	pdfs/2014-bertaux-ddscommunication.pdf		Abstract not retrieved; included on title and venue (2014 IEEE/ACM 18th International Symposium on Distributed Simulation and Real Time Applications).
2014-biryukov-bitcointor	2014	PB4-source-anonymity-spam	attack_or_audit	Bitcoin over Tor isn't a good idea	graph/text/2014-biryukov-bitcointor.txt	pdfs/2014-biryukov-bitcointor.pdf	Cautionary result for using Tor as the transport of a flooding network: a peer-reputation or anti-DoS rule keyed on source address can be turned into a steering attack.	Shows that routing Bitcoin through Tor lets a low-resource attacker control all Tor-using clients by getting them banned from exit nodes and steering them to attacker nodes, then link transactions. Adversary: active attacker with a few Tor exit relays and Bitcoin nodes, abusing Bitcoin DoS defences (ban scores) to force connections.
2014-biryukov-deanonymisation	2014	PB4-source-anonymity-spam	attack_or_audit	Deanonymisation of clients in Bitcoin P2P network	graph/text/2014-biryukov-deanonymisation.txt	pdfs/2014-biryukov-deanonymisation.pdf	Shows that an observer connected to many peers de-anonymises the origin of flooded messages, the attack that motivated Dandelion and applies equally to Bitmessage objects.	Links transaction pseudonyms to client IPs using the set of entry (outgoing-connection) nodes as a fingerprint, also behind NAT. Adversary: well-connected passive observer running a few machines that connect to many reachable nodes and watches relay order; also an active step that abuses anti-DoS bans to cut off Tor use.
2014-biryukov-hspopularity	2014	PB4-source-anonymity-spam	measurement	Content and popularity analysis of Tor hidden services	graph/text/2014-biryukov-hspopularity.txt	pdfs/2014-biryukov-hspopularity.pdf	Onion address enumeration through directory position; relevant to onion-service addressing for private chat.	Harvested hidden service descriptors (via HSDir position) to enumerate services and estimate popularity and content. Adversary: operator of HSDir relays sampling descriptors.
2014-chase-algebraicmacs	2014	PB4-source-anonymity-spam	building_block	Algebraic MACs and Keyed-Verification Anonymous Credentials	graph/text/2014-chase-algebraicmacs.txt	pdfs/2014-chase-algebraicmacs.pdf	Efficient anonymous credentials for a single operator or relay that both issues and verifies.	Algebraic MACs from which keyed-verification anonymous credentials (issuer = verifier) are built, cheaper than pairing-based credentials. Adversary: malicious users trying to forge or share credentials, and verifier trying to link presentations.
2014-chen-algorithms-divide	2014			Algorithms Based on Divide and Conquer for Topic-Based Publish/Subscribe Overlay Design	graph/text/2014-chen-algorithms-divide.txt	pdfs/2014-chen-algorithms-divide.pdf		Chen et al.: divide-and-conquer algorithms for topic-based pub/sub overlay design (IEEE/ACM ToN).
2014-chen-overlay-network	2014			Overlay Network Design for Publish/Subscribe Systems	graph/text/2014-chen-overlay-network.txt	pdfs/2014-chen-overlay-network.pdf		Topic-connected overlay design: Overlay Network Design for Publish/Subscribe Systems.
2014-conti-knocking	2014	PB4-source-anonymity-spam	attack_or_audit	Can't you hear me knocking: Identification of user actions on Android apps via traffic analysis	graph/text/2014-conti-knocking.txt	pdfs/2014-conti-knocking.pdf	Even end-to-end encrypted messaging traffic leaks action types; flooding to everyone constant-rate mitigates this at bandwidth cost.	Identifies user actions inside Android apps (including messaging apps) from encrypted traffic with high accuracy using SVM-style classifiers. Adversary: passive network observer (Wi-Fi sniffer or ISP) with no device access.
2014-coull-imessage-privacy	2014	PB5-sessions-groups-pq	attack_or_audit	Privacy Failures in Encrypted Messaging Services:  Apple iMessage and Beyond	graph/text/2014-coull-imessage-privacy.txt	pdfs/2014-coull-imessage-privacy.pdf	Size side channel that padding or flooding of uniform-size objects (as in Bitmessage) avoids.	Shows an eavesdropper can learn user actions, message language and message length with over 96 percent accuracy from encrypted packet sizes in iMessage (and generic to other services), despite end-to-end and transport encryption.
2014-dominguez-contribution	2014			Contribution to integration and coordination mechanisms for mobile distributed services in publish/subscribe networks	graph/text/2014-dominguez-contribution.txt	pdfs/2014-dominguez-contribution.pdf		Esta tesis doctoral esta enmarcada en dos diferentes pero complementarias areas de investigacion: las redes de Publicacion/Subscripcion y los servicios moviles distribuidos.
2014-fischer-qualityofserviceaware	2014			Quality-of-Service-Aware Configuration of Distributed Publish-Subscribe Systems - A Massive Multiuser Virtual Environment Perspective.	graph/text/2014-fischer-qualityofserviceaware.txt	pdfs/2014-fischer-qualityofserviceaware.pdf		Mit der Verbreitung von hochskalierbaren Anwendungen wie Massively Multiplayer Online Games (MMOG), entstanden einige einzigartige Herausforderungen bezüglich der Skalierbarkeit und Wartbarkeit von komplexen Systemen.
2014-franck-dc-collision-resolution	2014	PB7-limits-theory-soks	building_block	Dining Cryptographers with 0.924 Verifiable Collision Resolution	graph/text/2014-franck-dc-collision-resolution.txt	pdfs/2014-franck-dc-collision-resolution.pdf	Gives the throughput ceiling of a collision-based DC-net broadcast channel.	Computationally secure DC-net implementing a multiple-access channel with collision resolution achieving maximum stable throughput of 0.924 messages per round (the classic tree-algorithm throughput) and easy disruptor detection.
2014-franck-dcnets-practical	2014	PB7-limits-theory-soks	building_block	Dining Cryptographers are Practical	graph/text/2014-franck-dcnets-practical.txt	pdfs/2014-franck-dcnets-practical.pdf	DC-net is the unconditional alternative to flooding for sender anonymity; this paper addresses its collision and disruption problems.	DC-net with optimal collision resolution in which computationally limited disruptors are easy to detect; keeps information-theoretic sender and recipient untraceability of the base protocol.
2014-frosch-textsecure-analysis	2014	PB5-sessions-groups-pq	attack_or_audit	How Secure is TextSecure?	graph/text/2014-frosch-textsecure-analysis.txt	pdfs/2014-frosch-textsecure-analysis.pdf	Shows early analyses finding key-exchange flaws in a protocol far more scrutinised than Bitmessage's.	First public security analysis of TextSecure (the Signal predecessor, protocol version 2): finds an unknown key-share attack on the key exchange and discusses other weaknesses of the then-new protocol including message authenticity, while rating the overall design strong; established the first targeted-analysis line of work on Signal.
2014-gervais-bloomfilters	2014	PB3-receiver-privacy	attack_or_audit	On the Privacy Provisions of Bloom Filters in Lightweight Bitcoin Clients	graph/text/2014-gervais-bloomfilters.txt	pdfs/2014-gervais-bloomfilters.pdf	Empirical proof that tag or Bloom-filter topic subscriptions to an untrusted relay leak the subscriber's interests; applies to any Bitmessage-style stream/tag subscription.	SPV clients upload a Bloom filter of their addresses so full nodes forward only relevant transactions; the paper shows analytically and empirically that a client with a modest number of addresses (under 20) leaks almost all of them, and that restarts or multiple filters make it worse.
2014-hakiri-supportingsip	2014			Supporting SIP-based End-to-End Data Distribution Service QoS in WANs	graph/text/2014-hakiri-supportingsip.txt	pdfs/2014-hakiri-supportingsip.pdf		Abstract not retrieved; included on title and venue (Journal of Systems and Software).
2014-jansen-sniper	2014	PB4-source-anonymity-spam	attack_or_audit	The Sniper Attack: Anonymously Deanonymizing and Disabling the Tor Network	graph/text/2014-jansen-sniper.txt	pdfs/2014-jansen-sniper.pdf	Flow-control DoS in the anonymity transport; denial of service as a deanonymisation primitive.	A single client can exhaust relay memory with unread SENDME-driven cells, taking down targeted relays and thereby forcing circuits through attacker-controlled relays. Adversary: low-bandwidth client that can open circuits and withhold reads; anonymity of the attacker preserved.
2014-juarez-critical	2014	PB4-source-anonymity-spam	measurement	A Critical Evaluation of Website Fingerprinting Attacks	graph/text/2014-juarez-critical.txt	pdfs/2014-juarez-critical.pdf	Cautions that traffic-analysis results are assumption-sensitive; relevant when deciding how much cover traffic a messenger needs.	Shows laboratory website-fingerprinting results depend on strong assumptions (browser version, time gap, tabbed browsing, background traffic) that weaken in realistic settings. Adversary: passive local observer whose training data may differ from the victim environment.
2014-malekpour-end	2014			End-to-End Congestion Control for Content-Based Networks	graph/text/2014-malekpour-end.txt	pdfs/2014-malekpour-end.pdf		End-to-end congestion control for content-based networks
2014-melara-coniks	2014	PB5-sessions-groups-pq	system	CONIKS: Bringing Key Transparency to End Users	graph/text/2014-melara-coniks.txt	pdfs/2014-melara-coniks.pdf	Bitmessage's self-certifying addresses avoid a directory; CONIKS is the fix for directory-based messengers.	End-user key verification service: provider maintains a Merkle prefix tree of name-to-key bindings with signed tree roots chained in a hash chain; users self-monitor their own bindings in under 20 kB per day; detects equivocation without global third-party monitors; claims non-equivocation, privacy of names (VRF-based) and auditability.
2014-movahedi-secure-anonymous-broadcast	2014	PB7-limits-theory-soks	limit_or_theory	Secure Anonymous Broadcast	graph/text/2014-movahedi-secure-anonymous-broadcast.txt	pdfs/2014-movahedi-secure-anonymous-broadcast.pdf	Asymptotically beats O(N) flooding for anonymous broadcast, at the price of MPC machinery and an honest supermajority.	Decentralised anonymous broadcast in which each party sends and computes a polylogarithmic number of bits (and operations) per anonymous bit delivered, in O(log n) rounds; provably secure against traffic analysis with no trusted party, load balanced, tolerating up to n/6 statically scheduled Byzantine parties controlled by a computationally unbounded adversary.
2014-muthusamy-infrastructure-free	2014			Infrastructure-Free Content-Based Publish/Subscribe	graph/text/2014-muthusamy-infrastructure-free.txt	pdfs/2014-muthusamy-infrastructure-free.pdf		Infrastructure-Free Content-Based Publish/Subscribe.
2014-onica-efficient	2014			Efficient support for confidentiality-preserving publish/subscribe systems	graph/text/2014-onica-efficient.txt	pdfs/2014-onica-efficient.pdf		In this thesis, we present novel and innovative solutions to address these two aspects and make confidentiality-preserving pub/sub more practical and efficient.
2014-oya-dummies	2014	PB7-limits-theory-soks	limit_or_theory	Do Dummies Pay Off? Limits of Dummy Traffic Protection in Anonymous Communications	graph/text/2014-oya-dummies.txt	pdfs/2014-oya-dummies.pdf	Long-term profiling of persistent senders survives per-round cover traffic; relevant to Bitmessage's pseudo-random dummy ('getpubkey', fake msgs) cost versus intersection resistance.	No closed-form impossibility theorem; analytic limit via least-squares: the adversary's profiling error is characterised as a function of user behaviour, mix behaviour and the dummy strategy (least squares disclosure attack, LSDA). For a timed pool mix the analysis yields the optimal dummy strategy for a given privacy target, and shows dummy traffic buys protection against long-term profiling only up to a computable 
2014-oya-real-world-sda	2014	PB7-limits-theory-soks	measurement	Understanding the Effects of Real-World Behavior in Statistical Disclosure Attacks	graph/text/2014-oya-real-world-sda.txt	pdfs/2014-oya-real-world-sda.pdf	Measured user behaviour (bursty, non-uniform) is what makes recipient-hiding by large anonymity sets weaker in practice.	Evaluates the least-squares disclosure attack on traffic generated from real datasets rather than synthetic uniform user models; finds the usual models do not fit realistic user behaviour and extends the accuracy analysis.
2014-pellegrino-pushingdynamic	2014			Pushing dynamic and ubiquitous event-based interactions in the Internet of services : a middleware for event clouds	graph/text/2014-pellegrino-pushingdynamic.txt	pdfs/2014-pellegrino-pushingdynamic.pdf		Abstract not retrieved; included on title and venue (n/a).
2014-picazosanchez-secure	2014			Secure Publish-Subscribe Protocols for Heterogeneous Medical Wireless Body Area Networks	graph/text/2014-picazosanchez-secure.txt	pdfs/2014-picazosanchez-secure.pdf		In this paper, we describe a WBAN architecture based on the well-known publish-subscribe paradigm.
2014-rahman-realising	2014			Realising Dynamism in MediaSense Publish/Subscribe Model for Logical-Clustering in Crowdsourcing	graph/text/2014-rahman-realising.txt	pdfs/2014-rahman-realising.pdf		Dynamism in the MediaSense pub/sub model for logical clustering in crowdsourcing
2014-ricochet-design	2014	PB6-deployed-messengers	system	Technical design of Ricochet	graph/text/2022-ricochet-refresh-design.txt	pdfs/2022-ricochet-refresh-design.md	Direct anonymous channel to a rendezvous point, removing any need for flooding or recipient ambiguity, but without store-and-forward.	Messenger where each user is a Tor hidden service and ID is the onion address; no server, no contact list stored elsewhere. Hides: IP of both parties, content, social graph from third parties. Both must be online; contact requests reveal onion address to the target.
2014-roos-measuring-freenet	2014	PB7-limits-theory-soks	measurement	Measuring Freenet in the Wild: Censorship-resilience under Observation	graph/text/2014-roos-measuring-freenet.txt	pdfs/2014-roos-measuring-freenet.pdf	Observed uptime of users in a decentralised anonymity system (long sessions), relevant to intersection attacks on persistent senders.	Measurement study plus code analysis of the fully decentralised Freenet: tens of thousands of users with unusually long online times compared to other P2P systems; topology control mechanisms are suboptimal for routing; yields a realistic user model.
2014-syta-dissentanalysis	2014	PB2-metadata-private-systems	attack_or_audit	Security Analysis of Accountable Anonymity in Dissent	graph/text/2014-syta-dissentanalysis.txt	pdfs/2014-syta-dissentanalysis.pdf	Formal proofs that hiding honest senders while exposing disruptors is possible; shows the kind of formal treatment Bitmessage never received.	Cost model: no new performance numbers; hardened protocol with proofs of anonymity and accountability for moderate groups. Finds and fixes several attacks on the original Dissent protocol.
2014-wang-effectivewf	2014	PB4-source-anonymity-spam	attack_or_audit	Effective Attacks and Provable Defenses for Website Fingerprinting	graph/text/2014-wang-effectivewf.txt	pdfs/2014-wang-effectivewf.pdf	Padding cost versus fingerprinting; analogous cover-traffic tradeoffs for a messenger.	k-NN website fingerprinting attack and the Tamaraw-style provable defence analysis with overhead. Adversary: passive local observer, closed world and open world.
2014-winter-spoiledonions	2014	PB4-source-anonymity-spam	measurement	Spoiled Onions: Exposing Malicious Tor Exit Relays	graph/text/2014-winter-spoiledonions.txt	pdfs/2014-winter-spoiledonions.pdf	Transport-level tampering by relays; end-to-end authentication of objects (as Bitmessage does) is needed on top of any anonymity network.	Exitmap/probe study that finds malicious Tor exit relays performing MITM on traffic. Adversary: exit operator tampering with unencrypted or poorly protected application traffic.
2014-yang-privatepubsubcloud	2014	PB3-receiver-privacy	building_block	Privacy-Preserving Data Publish-Subscribe Service on Cloud-based Platforms	graph/text/2014-yang-privatepubsubcloud.txt	pdfs/2014-yang-privatepubsubcloud.pdf	Server-side matching of encrypted data to encrypted subscriptions, the pub/sub form of outsourced detection.	Bi-policy ABE lets the encryptor set an access policy and the decryptor a filtering policy, so an untrusted cloud server evaluates both without learning subscriptions or data (PDPS); secure in the standard model, with performance evaluation in the paper.
2015-abdennadher-gestionqualite	2015			Gestion de la qualité de service des systèmes publier/souscrire déployés sur un réseau mobile ad hoc	graph/text/2015-abdennadher-gestionqualite.txt	pdfs/2015-abdennadher-gestionqualite.pdf		Abstract not retrieved; included on title and venue (n/a).
2015-an-wide-area	2015			Wide Area Network-scale Discovery and Data Dissemination in Data-centric Publish/Subscribe Systems	graph/text/2015-an-wide-area.txt	pdfs/2015-an-wide-area.pdf		Wide Area Network-scale Discovery and Data Dissemination in Data-centric Publish/Subscribe Systems.
2015-banno-designing-overlay	2015			Designing Overlay Networks for Handling Exhaust Data in a Distributed Topic-based Pub/Sub Architecture	graph/text/2015-banno-designing-overlay.txt	pdfs/2015-banno-designing-overlay.pdf		Designing Overlay Networks for Handling Exhaust Data in a Distributed Topic-based Pub/Sub Architecture.
2015-barroso-adtn	2015			aDTN - Undetectable Communication in Wireless Delay-tolerant Networks (Working Draft)	graph/text/2015-barroso-adtn.txt	pdfs/2015-barroso-adtn.pdf		This document describes a best-effort delay-tolerant communication system that protects the privacy of users in wireless ad-hoc networks by making their communication undetectable.
2015-basu-lightweight	2015			Lightweight Practical Private One-Way Anonymous Messaging	graph/text/2015-basu-lightweight.txt	pdfs/2015-basu-lightweight.pdf		One-way anonymous messaging with low client cost.
2015-bip47-payment-codes	2015	PB6-deployed-messengers	building_block	BIP 47: Reusable Payment Codes for Hierarchical Deterministic Wallets	graph/text/2015-bip47-payment-codes.txt	pdfs/2015-bip47-payment-codes.md	On-chain message hiding relationship only from observers who do not know the notification address.	Receiver publishes a payment code; sender sends a one-time notification transaction containing a blinded sender code, then derives per-payment addresses by ECDH. Hides payment links from outsiders, but the notification transaction is a public on-chain message revealing a relationship to the recipient's notification address (and the sender's inputs).
2015-borisov-dp5	2015	PB3-receiver-privacy	system	DP5: A Private Presence Service	graph/text/2015-borisov-dp5.txt	pdfs/2015-borisov-dp5.pdf	Private rendezvous that tells a contact it can reach you without a global address book; same job as Bitmessage's address publication but hiding the friend list.	Private presence and status updates: clients register presence and query friends' presence without revealing their buddy list, using epoch databases and PIR. A subscription service can support about 1 million users at roughly $0.50 per user per month; one evaluated configuration used about 15 core-minutes and 1 GB of bandwidth per epoch.
2015-bouloukakis-leveraging	2015			Leveraging CDR datasets for context-rich performance modeling of large-scale mobile pub/sub systems	graph/text/2015-bouloukakis-leveraging.txt	pdfs/2015-bouloukakis-leveraging.pdf		Abstract not retrieved; classified from the title as core work on pub/sub.
2015-chen-congestion	2015			Congestion Avoidance with Incremental Filter Aggregation in Content-Based Routing Networks	graph/text/2015-chen-congestion.txt	pdfs/2015-chen-congestion.pdf		Congestion avoidance with incremental filter aggregation in content-based routing
2015-chen-design-routing	2015			Design of Routing Protocols and Overlay Topologies for Topic-based Publish/Subscribe on Small-World Networks	graph/text/2015-chen-design-routing.txt	pdfs/2015-chen-design-routing.pdf		Chen et al.: routing protocols and overlay topologies for topic pub/sub over small-world networks.
2015-chen-polynomial-time	2015			Polynomial-Time Data Reduction for the Subset Interconnection Design Problem	graph/text/2015-chen-polynomial-time.txt	pdfs/2015-chen-polynomial-time.pdf		Topic-connected overlay design: Polynomial-Time Data Reduction for the Subset Interconnection Design Problem.
2015-chen-serviceoriented	2015			Service-Oriented Publish/Subscribe Architecture for Large Scale Wireless Sensor Networks	graph/text/2015-chen-serviceoriented.txt	pdfs/2015-chen-serviceoriented.pdf		The analysis indicated that the middleware made SOPSA better suited to the distributing environment with multi-domain registry, and was able to support and integrate a variety of service discovery and composition.
2015-chen-weighted-overlay	2015			Weighted Overlay Design for Topic-Based Publish/Subscribe Systems on Geo-Distributed Data Centers	graph/text/2015-chen-weighted-overlay.txt	pdfs/2015-chen-weighted-overlay.pdf		Chen et al.: weighted topic-connected overlay design for geo-distributed data centers.
2015-corrigangibbs-riposte	2015	PB2-metadata-private-systems	system	Riposte: An Anonymous Messaging System Handling Millions of Users	graph/text/2015-corrigangibbs-riposte.txt	pdfs/2015-corrigangibbs-riposte.pdf	Replaces Bitmessage's flood-and-trial-decrypt with DC-net rounds: every client sends every round, so the recipient/sender is hidden without proof-of-work, but the anonymity set is bounded by the round size. Uses a bulletin board that every 	Cost model: three servers, each client sends a DPF-compressed write per epoch (bandwidth about sqrt of board size). A three-server cluster built an anonymity set of 2,895,216 users in 32 hours (latency-tolerant). Trust: tolerates one malicious server (needs the other two to be non-colluding).
2015-costa-rayzit	2015			Rayzit: An Anonymous and Dynamic Crowd Messaging Architecture	graph/text/2015-costa-rayzit.txt	pdfs/2015-costa-rayzit.pdf		Anonymous, dynamic, location-scoped crowd messaging architecture.
2015-decouchant-collusions	2015			Collusions and Privacy in Rational-Resilient Gossip	graph/text/2015-decouchant-collusions.txt	pdfs/2015-decouchant-collusions.pdf		Thesis on gossip protocols resilient to rational and colluding nodes while preserving privacy.
2015-dziembowski-proofsofspace	2015	PB4-source-anonymity-spam	building_block	Proofs of Space	graph/text/2015-dziembowski-proofsofspace.txt	pdfs/2015-dziembowski-proofsofspace.pdf	Replaces CPU burn with storage commitment as the admission cost.	Proof-of-space protocols where the prover must prove it dedicates disk space; proposed as alternative to PoW for spam control and mining. Adversary: prover with limited storage and fast recomputation.
2015-fanti-hidingrumor	2015	PB4-source-anonymity-spam	limit_or_theory	Hiding the Rumor Source	graph/text/2015-fanti-hidingrumor.txt	pdfs/2015-fanti-hidingrumor.pdf	Gives provable limits on source hiding under flooding; shows source-hiding costs latency, consistent with Bitmessage choosing flood speed over origin privacy.	Journal version of adaptive diffusion with perfect-obfuscation proof on regular trees under the snapshot adversary and bounds when timestamp metadata is sampled. Adversary: global snapshot adversary, optionally with sampled timestamps; shows a fundamental trade-off between spreading speed and obfuscation.
2015-fanti-spyvsspy	2014	PB4-source-anonymity-spam	system	Spy vs. Spy: Rumor Source Obfuscation	graph/text/2015-fanti-spyvsspy.txt	pdfs/2015-fanti-spyvsspy.pdf	Defines the snapshot-adversary model for flooding and a spreading rule that hides the origin without cryptography; background for any analysis of who learns what from a flood.	Introduces adaptive diffusion: the virtual source moves away from the true source so that the infected set has an obfuscating shape. Adversary: global observer of a snapshot of the infected set (and optionally timestamps) with rumor-centrality style source estimators.
2015-ghosh-pq-onion	2015	PB8-pq-anonymity	building_block	Post-Quantum Forward-Secure Onion Routing (Future Anonymity in Today's Budget)	graph/text/2015-ghosh-pq-onion.txt	pdfs/2015-ghosh-pq-onion.pdf	Early evidence that anonymity networks need post-quantum forward secrecy because recorded traffic is the threat; same record-everything adversary Bitmessage faces.	HybridOR: hybrid one-way authenticated key exchange secure under ring-LWE or gap-DH, drop-in for ntor with existing DH node keys. Client sends 1312 B (a ring element of about 1280 B plus a 32 B curve point); node reply about 1.4 KB (derived from 1/8(n lg q + n) + 32 for n=512, q=1051649). Compare 139625 B and 10075 B for earlier lattice AKEs they reject. Motivation: record-now-decrypt-later against Tor traffic.
2015-hakiri-publishsubscribe	2015			Publish/subscribe-enabled software defined networking for efficient and scalable IoT communications	graph/text/2015-hakiri-publishsubscribe.txt	pdfs/2015-hakiri-publishsubscribe.pdf		A novel IoT network architecture that integrates software defined networking (SDN) and data distribution service (DDS) middleware is described that will improve service delivery of IoT systems and will bring flexibility to the network.
2015-heilman-eclipse	2015	PB4-source-anonymity-spam	attack_or_audit	Eclipse Attacks on Bitcoin's Peer-to-Peer Network	graph/text/2015-heilman-eclipse.txt	pdfs/2015-heilman-eclipse.pdf	An eclipsed Bitmessage node sees only attacker objects and attacker peers, so it can be denied messages or have its source anonymity and recipient scan targeted; peer-table hardening is the defence.	Shows an adversary controlling many IPs can monopolise all of a victim node's incoming and outgoing connections by poisoning its address tables, and proposes countermeasures later merged in Bitcoin Core (deterministic bucketing, feeler connections, more table slots). Adversary: attacker with a botnet or a few ASes, control of many IP addresses in distinct groups, no need to be on-path.
2015-heimgaertner-security	2015			A security architecture for the publish/subscribe C-DAX middleware	graph/text/2015-heimgaertner-security.txt	pdfs/2015-heimgaertner-security.pdf		Security architecture (authentication, confidentiality, access control) for the C-DAX information-centric pub/sub middleware.
2015-iglesias-designing	2015			Designing Overlapping Networks for Publish-Subscribe Systems.	graph/text/2015-iglesias-designing.txt	pdfs/2015-iglesias-designing.pdf		From the publish-subscribe systems of the early days of the Internet to the recent emergence of Web 3.0 and IoT (Internet of Things), new problems arise in the design of networks centered at producers
2015-kermarrec-want-centralized	2015			Want to scale in centralized systems? Think P2P	graph/text/2015-kermarrec-want-centralized.txt	pdfs/2015-kermarrec-want-centralized.pdf		Survey or reference text: Want to scale in centralized systems? Think P2P.
2015-khare-reactivestream	2015			Reactive stream processing for data-centric publish/subscribe	graph/text/2015-khare-reactivestream.txt	pdfs/2015-khare-reactivestream.pdf		Insight is presented from the study integrating and evaluating Microsoft .NET Reactive Extensions (Rx) with OMG Data Distribution Service (DDS), which is a standards-based publish/subscribe middleware suitable for demanding industrial IoT applications.
2015-krasnova-footprint	2015	PB2-metadata-private-systems	building_block	Footprint scheduling for Dining-Cryptographer networks	graph/text/2015-krasnova-footprint.txt	pdfs/2015-krasnova-footprint.pdf	Replaces Bitmessage's flood-and-trial-decrypt with DC-net rounds: every client sends every round, so the recipient/sender is hidden without proof-of-work, but the anonymity set is bounded by the round size. Solves the slot reservation step 	Cost model: replaces slot-reservation rounds with footprint scheduling to lower overhead; no deployment numbers.
2015-krawisz-bmd-go-readme	2015	PB1-bitmessage-heirs	system	bmd: Bitmessage full node written in Go (README)	graph/text/2015-krawisz-bmd-go-readme.txt	pdfs/2015-krawisz-bmd-go-readme.md	Go full node and client daemon split (bmd, bmclient) modelled on btcsuite; follows the original protocol and so inherits its flooding and trial decryption.	Thin README; the design discussion is in the 2018 UT report. Repo last pushed 2017.
2015-kwon-circuitfp	2015	PB4-source-anonymity-spam	attack_or_audit	Circuit Fingerprinting Attacks: Passive Deanonymization of Tor Hidden Services	graph/text/2015-kwon-circuitfp.txt	pdfs/2015-kwon-circuitfp.pdf	Passive adversary at the user guard link can tell onion-service circuits; relevant when onion services carry Bitmessage-style traffic.	Identifies Tor hidden-service circuits and their traffic with a passive classifier on the client side (guard-level), then fingerprints hidden-service websites. Adversary: passive observer between the client and its guard.
2015-leblond-herd	2015	PB2-metadata-private-systems	system	Herd: A Scalable, Traffic Analysis Resistant Anonymity Network for VoIP Systems	graph/text/2015-leblond-herd.txt	pdfs/2015-leblond-herd.pdf	Low-latency, traffic-analysis-resistant circuits for calls; anonymity among clients of one jurisdiction rather than a global flood.	Cost model: dedicated cloud proxies fully interconnected plus untrusted superpeers; simulation on 370 million calls among 10.8 million users shows anonymity among millions at low bandwidth; superpeers cut trusted-infrastructure bandwidth and CPU by an order of magnitude; EC2 prototype delay suits high-quality calls. Trust: caller/callee anonymity within a trust zone.
2015-maloney-dpush	2015			Dpush: A scalable decentralized spam resistant unsolicited messaging protocol	graph/text/2015-maloney-dpush.txt	pdfs/2015-maloney-dpush.pdf		Herein this paper is presented a novel invention - called Dpush - that enables truly scalable spam resistant uncensorable automatically encrypted and inherently authenticated messaging; thus restoring
2015-matrix-federation-api	2015	PB6-deployed-messengers	system	Matrix Server-Server (Federation) API specification	graph/text/2015-matrix-federation-api.txt	pdfs/2015-matrix-federation-api.md	Federated full replication of room history among servers, vs Bitmessage's network-wide flood; membership and metadata are server-visible.	Federation protocol: every homeserver in a room replicates a signed event DAG; servers see room membership, sender identities, timestamps and event sizes. Hides content only via separate E2EE; hides nothing about relationships from participating servers.
2015-metamarcdw-pybitmessage-i2p-readme	2015	PB1-bitmessage-heirs	system	PyBitmessage-I2P: PyBitmessage fork that runs natively over I2P (README)	graph/text/2015-metamarcdw-pybitmessage-i2p-readme.txt	pdfs/2015-metamarcdw-pybitmessage-i2p-readme.md	A separate I2P-only Bitmessage network with BM+ addresses; hides node IPs through I2P while the application-layer flood is unchanged.	Answers the source-anonymity gap of Bitmessage by changing transport only.
2015-mosca-quantum-ready	2015	PB8-pq-anonymity	limit_or_theory	Cybersecurity in an era with quantum computers: will we be ready?	graph/text/2015-mosca-quantum-ready.txt	pdfs/2015-mosca-quantum-ready.pdf	Frames why a flooded, publicly stored object set (Bitmessage) is an archive for a future quantum adversary.	Mosca inequality: if the time data must stay confidential (x) plus the migration time (y) exceeds the time until a cryptographically relevant quantum computer (z), the data is already at risk; gives the standard framing of record-now-decrypt-later.
2015-nholambe-maintenancetopology	2015			Maintenance of Topology in Publish/Subscribe Systems	graph/text/2015-nholambe-maintenancetopology.txt	pdfs/2015-nholambe-maintenancetopology.pdf		This paper provides idea of identity based encryption, provision to attempt authentication, confidentiality and scalability and it also provide pairing based cryptography to maintain security for the publisher and subscriber even if there is a loose...
2015-onica-efficient	2015			Efficient Key Updates through Subscription Re-encryption for Privacy-Preserving Publish/Subscribe	graph/text/2015-onica-efficient.txt	pdfs/2015-onica-efficient.pdf		Updates keys cheaply in privacy-preserving pub/sub by re-encrypting stored subscriptions instead of re-registering them.
2015-pandey-minimizing	2015			Minimizing the Communication Cost of Aggregation in Publish/Subscribe Systems	graph/text/2015-pandey-minimizing.txt	pdfs/2015-pandey-minimizing.pdf		Minimizing the communication cost of aggregation in pub/sub
2015-roos-impossibility-self-stabilization	2015	PB7-limits-theory-soks	limit_or_theory	On the Impossibility of Efficient Self-Stabilization in Virtual Overlays with Churn	graph/text/2015-roos-impossibility-self-stabilization.txt	pdfs/2015-roos-impossibility-self-stabilization.pdf	Rules out cheap routed delivery on a friend-to-friend overlay, the trade-off that motivates flooding in Bitmessage-like designs.	In a dynamic restricted-connectivity (darknet/friend-to-friend) network with virtual-overlay greedy routing, either overlay maintenance or routing eventually exceeds polylog(n) cost per operation; self-stabilising virtual overlays cannot be both cheap to maintain and cheap to route in under churn.
2015-royer-performancecontext	2015			Performance of Context-Aware Publish/Subscribe Systems for AANET	graph/text/2015-royer-performancecontext.txt	pdfs/2015-royer-performancecontext.pdf		The aim of this article is to evaluate the performance of typical Publish / Subscribe systems suitable for VANet with cars on AANET with a realistic scenario based on commercial aircraft traffic and shows that some approaches suitable forVANET do not give...
2015-schaub-bitmessage-antispam	2015	PB1-bitmessage-heirs	attack_or_audit	Design and Analysis of an Improved BitMessage Anti-spam Mechanism	graph/text/2015-schaub-bitmessage-antispam.txt	pdfs/2015-schaub-bitmessage-antispam.pdf	Analyses the proof-of-work formula that admits objects; shows legitimate senders and spammers pay the same price and proposes a decoupling that halves what a spammer gains.	Only peer-reviewed analysis of the PoW admission rule; copy is the author-hosted PDF (Wayback copy of Telecom Paris page).
2015-shafique-content-dynaic	2015			Content-based Dynaic Routing in Structured Overlays Networks	graph/text/2015-shafique-content-dynaic.txt	pdfs/2015-shafique-content-dynaic.pdf		Content-based Dynaic Routing in Structured Overlays Networks.
2015-sun-raptor	2015	PB4-source-anonymity-spam	attack_or_audit	RAPTOR: Routing Attacks on Privacy in Tor	graph/text/2015-sun-raptor.txt	pdfs/2015-sun-raptor.pdf	Network-position adversary against any Tor-based flooding client; global observation is feasible with BGP.	Raptor attacks: asymmetric traffic analysis, BGP churn and prefix hijack/interception that let AS-level adversaries deanonymise Tor users; proposes monitoring defences. Adversary: AS-level adversary able to observe one direction of traffic at both ends and to announce BGP routes.
2015-tegueu-ddssymbioses	2015			DDS et SDN en symbioses pour les applications dynamiques	graph/text/2015-tegueu-ddssymbioses.txt	pdfs/2015-tegueu-ddssymbioses.pdf		Abstract not retrieved; included on title and venue (2015 International Conference on Protocol Engineering (ICPE) and International Conference on New Technologies of Distributed Systems (NTDS)).
2015-unger-sok-securemessaging	2015	PB5-sessions-groups-pq	sok_or_survey	SoK: Secure Messaging	graph/text/2015-unger-sok-securemessaging.txt	pdfs/2015-unger-sok-securemessaging.pdf	Cites Bitmessage as the broadcast-transport example and defines the properties (forward secrecy, future secrecy, participant consistency, asynchronicity) that static-key encryption lacks.	Systematises secure messaging along trust establishment, conversation security (forward secrecy, future secrecy, deniability, participant consistency, speaker consistency, causality preservation, asynchronicity) and transport privacy; rates dozens of messaging systems and transport schemes; discusses Bitmessage only as a broadcast-based transport (broadcast gives recipient anonymity and unlinkability against network 
2015-unger-sok-securemessaging-tr	2015	PB5-sessions-groups-pq	sok_or_survey	SoK: Secure Messaging (University of Waterloo technical report CACR 2015-02)	graph/text/2015-unger-sok-securemessaging-tr.txt	pdfs/2015-unger-sok-securemessaging-tr.pdf	Extended justification for the broadcast-transport trade-offs that apply to Bitmessage.	Extended technical-report version of the S&P 2015 SoK with fuller per-system tables and discussion (OTR, mpOTR, TextSecure, Pond, Cryptocat and others; Bitmessage again as the broadcast-based transport example); same property taxonomy.
2015-vandenhooff-vuvuzela	2015	PB2-metadata-private-systems	system	Vuvuzela: Scalable Private Messaging Resistant to Traffic Analysis	graph/text/2015-vandenhooff-vuvuzela.txt	pdfs/2015-vandenhooff-vuvuzela.pdf	First system to give provable metadata privacy at million-user scale; replaces Bitmessage's broadcast with a server chain that adds differentially private noise and dead-drop exchange.	Cost model: chain of servers, synchronous rounds; 68,000 messages per second for 1 million users at 37 s end-to-end latency on commodity servers; clients about 12 KB/s average (30 GB per month), servers about 166 MB/s with 1M users. Trust: privacy if at least one server is honest; differential privacy bounds leakage over time.
2015-zhang-tor-quantum-handshake	2015	PB8-pq-anonymity	building_block	A quantum-safe circuit-extension handshake for Tor	graph/text/2015-zhang-tor-quantum-handshake.txt	pdfs/2015-zhang-tor-quantum-handshake.pdf	Concrete example of a fixed small cell (Tor 512 B) colliding with post-quantum key sizes, the same pressure a size-limited flooded object feels.	Adds NTRUEncrypt key exchange in parallel with ntor (hybrid, minimal change); most extra cost falls on the client. Tor CREATE handshake data is capped near 505 bytes, so a lattice key does not fit without widening cells. Basis for Tor proposals 263 and 269 and the PoPETs 2016 paper by the same authors.
2016-aguilarmelchor-xpir	2016	PB3-receiver-privacy	building_block	XPIR: Private Information Retrieval for Everyone	graph/text/2016-aguilarmelchor-xpir.txt	pdfs/2016-aguilarmelchor-xpir.pdf	Turning point for the argument 'just download everything': after XPIR a per-recipient retrieval can cost less than the full flood on a fast network.	Shows with lattice-based (ring-LWE) homomorphic encryption that single-database computational PIR is practical, overturning the 2007 Sion-Carbunar conclusion that cPIR would never beat downloading the whole database; free GPLv3 implementation. Baseline PIR library later improved by SealPIR. No single headline figure recorded here.
2016-alzahrani-proactive	2016			PROACTIVE DETECTION OF DDOS ATTACKS IN PUBLISH-SUBSCRIBE NETWORKS	graph/text/2016-alzahrani-proactive.txt	pdfs/2016-alzahrani-proactive.pdf		Information centric networking (ICN) using architectures such as Publish-Subscribe Internet Routing Paradigm (PSIRP) or Publish-Subscribe Internet Technology (PURSUIT) has been proposed as an importan
2016-angel-pung	2016	PB2-metadata-private-systems	system	Unobservable Communication over Fully Untrusted Infrastructure (Pung)		pdfs/2016-angel-pung.pdf	Replaces Bitmessage's download-everything-and-trial-decrypt receiver privacy with PIR mailboxes, so the recipient fetches one slot without revealing which.	Cost model: a 4-server deployment supports 135K messages per minute with 32K active users, 10^3 times more users than prior systems with the same threat model; clients incur 4.5 to 36 MB per message for multi-retrieval (k>1); latency of seconds. Trust: none (servers fully untrusted); computational PIR (XPIR) plus batch codes.
2016-angel-pung-1	2016			Pung: Unobservable Communication over Fully Untrusted Infrastructure	graph/text/2016-angel-pung-1.txt	pdfs/2016-angel-pung-1.pdf		Private mailbox messaging with PIR so that a fully untrusted server learns neither senders nor recipients.
2016-bellare-ratcheting	2016	PB5-sessions-groups-pq	limit_or_theory	Ratcheted Encryption and Key Exchange: The Security of Messaging	graph/text/2016-bellare-ratcheting.txt	pdfs/2016-bellare-ratcheting.pdf	Formalises why a static key (as in Bitmessage) cannot meet forward or backward secrecy.	Defines syntax and security for ratcheted encryption and key exchange (formalising the key-ratcheting idea of Borisov, Goldberg and Brewer, extended in messengers); gives a proven-secure ratcheted key exchange and a generic way to get ratcheted encryption from it plus standard encryption; model restricted to unidirectional communication and exposure of one party (later extended by Poettering-Rosler).
2016-biryukov-argon2	2015	PB4-source-anonymity-spam	building_block	Argon2: the memory-hard function for password hashing and other applications	graph/text/2016-biryukov-argon2.txt	pdfs/2016-biryukov-argon2.pdf	Candidate building block for memory-hard per-object stamps.	Memory-hard function family with tunable memory, time and parallelism; used as the basis of memory-hard PoW and client puzzles. Adversary: GPU/ASIC cracker or time-memory tradeoff attacker.
2016-biryukov-equihash	2016	PB4-source-anonymity-spam	building_block	Equihash: Asymmetric Proof-of-Work Based on the Generalized Birthday Problem	graph/text/2016-biryukov-equihash.txt	pdfs/2016-biryukov-equihash.pdf	Memory-hard PoW narrows the CPU/GPU/ASIC gap that makes flat PoW favour attackers.	Memory-hard, asymmetric PoW (cheap verification) designed to narrow the ASIC advantage. Adversary: attacker with specialised hardware (ASIC/FPGA) and time-memory trade-offs.
2016-boneh-balloon	2016	PB4-source-anonymity-spam	building_block	Balloon Hashing: A Memory-Hard Function Providing Provable Protection Against Sequential Attacks	graph/text/2016-boneh-balloon.txt	pdfs/2016-boneh-balloon.pdf	Alternative memory-hard primitive for stamps.	Memory-hard function with proven space-time lower bounds against sequential attackers. Adversary: sequential attacker with space-time trade-offs.
2016-briar-bqp	2016	PB6-deployed-messengers	building_block	Bramble QR Code Protocol (BQP), version 4	graph/text/2016-briar-bqp.txt	pdfs/2016-briar-bqp.md	Out-of-band key exchange avoids Bitmessage's public-address directory problem.	In-person key agreement via QR commitments; produces shared secret not known to any other party. Hides: contact relationship from network observers until first contact.
2016-briar-bsp	2016	PB6-deployed-messengers	system	Bramble Synchronisation Protocol (BSP), version 0	graph/text/2016-briar-bsp.txt	pdfs/2016-briar-bsp.md	Peer sync of per-group message sets replaces Bitmessage's global inventory exchange; no pow, only contact-authenticated peers.	Application-layer sync protocol for delay-tolerant networks: groups with message graphs, per-contact sync of offers/requests, no servers. Hides: content, and relationship to non-peers (no central index); but peers learn group membership. Metadata-hiding relies on Tor/transport.
2016-briar-btp	2016	PB6-deployed-messengers	building_block	Bramble Transport Protocol (BTP), version 4	graph/text/2016-briar-btp.txt	pdfs/2016-briar-btp.md	Forward secrecy and recognition tags by time-period key derivation, in contrast to Bitmessage's static address keys and trial decryption.	Transport security with time-based key rotation, forward secrecy, padding and tags that conceal stream identity and let peers recognise the stream without identifiers. Hides content and stream link from non-contacts.
2016-chen-omen	2016			OMen: overlay mending for topic-based publish/subscribe systems under churn	graph/text/2016-chen-omen.txt	pdfs/2016-chen-omen.pdf		Chen et al.: OMen, overlay mending after failures for topic-based pub/sub.
2016-chen-overlay-design	2016			Overlay Design for Topic-Based Publish/Subscribe under Node Degree Constraints	graph/text/2016-chen-overlay-design.txt	pdfs/2016-chen-overlay-design.pdf		Chen et al.: topic-connected overlay design under node-degree constraints (ICDCS 2016).
2016-cohngordon-pcs	2016	PB5-sessions-groups-pq	limit_or_theory	Post-Compromise Security	graph/text/2016-cohngordon-pcs.txt	pdfs/2016-cohngordon-pcs.pdf	Names the property Bitmessage's static key can never achieve: once the key is stolen, all future messages are exposed.	Introduces post-compromise security (PCS): security can be restored after a party's long-term secrets are compromised, under conditions (the adversary must be passive for a time); gives first informal and formal definitions in AKE and two strong security models; shows PCS requires the attacker to stop interfering and that protocols with ratcheting can achieve it.
2016-cohngordon-signal	2016	PB6-deployed-messengers	limit_or_theory	A Formal Security Analysis of the Signal Messaging Protocol	graph/text/2016-cohngordon-signal.txt	pdfs/2016-cohngordon-signal.pdf	Defines the session-security bar that Bitmessage's static-key encryption does not meet.	First provable-security analysis of Signal's multi-stage key exchange including double-ratchet state; proves key indistinguishability with forward secrecy and post-compromise security under compromise models. Content/session only.
2016-crescenzo-enhanced	2016			Enhanced Functionality and Confidentiality for Database Search and Publish/Subscribe Protocols	graph/text/2016-crescenzo-enhanced.txt	pdfs/2016-crescenzo-enhanced.pdf		Protocols that add functionality while preserving confidentiality for database search and pub/sub.
2016-durr-sdnzerosdn	2016			ZeroSDN: A Message Bus for Flexible and Light-weight Network Control Distribution in SDN	graph/text/2016-durr-sdnzerosdn.txt	pdfs/2016-durr-sdnzerosdn.pdf		Recent years have seen an evolution of SDN control plane architectures, starting from simple monolithic controllers, over modular monolithic controllers, to distributed controllers.
2016-facebook-secretconversations	2016	PB5-sessions-groups-pq	system	Messenger Secret Conversations: Technical Whitepaper	graph/text/2016-facebook-secretconversations.txt	pdfs/2016-facebook-secretconversations.pdf	Large-scale deployment of the pairwise-session model that Bitmessage lacks; also introduces abuse reporting over E2EE, the counterpart of Bitmessage's proof-of-work anti-spam.	Describes Messenger's opt-in end-to-end 'secret conversations' built on the Signal Protocol (prekeys, ratcheted keys, per-device sessions; conversations with more than two devices use the Signal group messaging protocol, i.e. sender keys), with a message franking mechanism for abuse reports that must satisfy authenticity, confidentiality and third-party deniability; claims content confidentiality and forward secrecy 
2016-franck-voipdcnets	2016	PB2-metadata-private-systems	system	Untraceable VoIP Communication based on DC-nets	graph/text/2016-franck-voipdcnets.txt	pdfs/2016-franck-voipdcnets.pdf	Replaces Bitmessage's flood-and-trial-decrypt with DC-net rounds: every client sends every round, so the recipient/sender is hidden without proof-of-work, but the anonymity set is bounded by the round size.	Cost model: DC-net adapted to streaming; two parties out of n communicate without disclosure, resilient to packet loss and faulty packets. No large-scale numbers; small-group scheme.
2016-frey-d-1	2016			D.1.3 – Protocols for emergent localities	graph/text/2016-frey-d-1.txt	pdfs/2016-frey-d-1.pdf		D.1.3 – Protocols for emergent localities.
2016-galteland-cmixattacks	2016	PB2-metadata-private-systems	attack_or_audit	Attacks on cMix - Some Small Overlooked Details	graph/text/2016-galteland-cmixattacks.txt	pdfs/2016-galteland-cmixattacks.pdf	Active/insider attacks on cMix showing that the precomputation design needs extra checks.	Cost model: none; analysis of overlooked details in the cMix protocol and fixes.
2016-gelernter-anonpop	2016	PB2-metadata-private-systems	system	Two Cents for Strong Anonymity: The Anonymous Post-office Protocol	graph/text/2016-gelernter-anonpop.txt	pdfs/2016-gelernter-anonpop.pdf	Replaces Bitmessage's download-everything-and-trial-decrypt receiver privacy with PIR mailboxes, so the recipient fetches one slot without revealing which. Also like Bitmessage's PoW, it charges senders (micropayments) to resist spam.	Cost model: anonymous mailbox with sender anonymity via mixing and recipient anonymity via PIR-style retrieval; small payments used for DoS resistance; trade-offs stated in the paper rather than a single throughput figure.
2016-hakiri-datacentric	2016			Data-centric publish/subscribe routing middleware for realizing proactive overlay software-defined networking	graph/text/2016-hakiri-datacentric.txt	pdfs/2016-hakiri-datacentric.pdf		Abstract not retrieved; classified from the title as core work on overlay construction.
2016-hayes-kfingerprinting	2015	PB4-source-anonymity-spam	attack_or_audit	k-fingerprinting: a Robust Scalable Website Fingerprinting Technique	graph/text/2016-hayes-kfingerprinting.txt	pdfs/2016-hayes-kfingerprinting.pdf	Stronger attacks reduce the safety margin of padding schemes.	Random-forest based fingerprinting with fingerprint matching by k nearest neighbours, strong in open world and on hidden services. Adversary: passive local observer.
2016-hayes-tasp	2016	PB7-limits-theory-soks	building_block	TASP: Towards Anonymity Sets that Persist	graph/text/2016-hayes-tasp.txt	pdfs/2016-hayes-tasp.pdf	Intersection attacks on the anonymity set; a flooding network gives a fixed large set but users who go offline still leak.	Problem statement: a global passive adversary shrinks the set of potential recipients over time by intersecting online sets. TASP groups clients into persistent anonymity sets; ~8% bandwidth overhead dramatically lengthens the time to a successful intersection attack.
2016-hopwood-zcash-protocol-spec	2016	PB1-bitmessage-heirs	system	Zcash Protocol Specification (living document, version fetched 2026-09-30)	graph/text/2016-hopwood-zcash-protocol-spec.txt	pdfs/2016-hopwood-zcash-protocol-spec.pdf	Defines note encryption and the incoming-viewing-key trial decryption by which a wallet finds its notes among all shielded outputs; the receiver-side scan that mirrors Bitmessage trial decryption on a blockchain.	Living spec; this copy is version v2026.7.0-236 [NU6.2]. Another slice holds the same file as 2016-zcash-protocol-spec.pdf (identical sha256).
2016-jakobsen-bootstrap-anonymous	2015	PB7-limits-theory-soks	limit_or_theory	How to Bootstrap Anonymous Communication	graph/text/2016-jakobsen-bootstrap-anonymous.txt	pdfs/2016-jakobsen-bootstrap-anonymous.pdf	Bound on how little anonymous channel is needed to carry bulk data; relates to public-bulletin designs that hide the recipient but not the poster.	Defines anonymous steganography: a leaker embeds a long document in public content and sends a short key over a small anonymous channel. Construction via circuit obfuscation. Lower bound (Thm 2): no reactive anonymous steganography scheme exists with key length s(lambda)=O(log lambda); a PPT adversary identifies the leaker with probability at least q + (1-q)/n - eps unless the key is super-logarithmic. Bootstrapping 
2016-jansen-safely-measuring-tor	2016	PB7-limits-theory-soks	measurement	Safely Measuring Tor	graph/text/2016-jansen-safely-measuring-tor.txt	pdfs/2016-jansen-safely-measuring-tor.pdf	Method for measuring the real anonymity-set size and behaviour of a deployed network, which has no analogue for Bitmessage.	PrivCount: secure aggregation and differentially private noise for Tor measurements; measurement study finds 710,000 users connected but only 550,000 active at a time, Web traffic is 91% of data bytes, and relay policy strictness affects the application mix.
2016-juarez-wtfpad	2015	PB4-source-anonymity-spam	building_block	Toward an Efficient Website Fingerprinting Defense	graph/text/2016-juarez-wtfpad.txt	pdfs/2016-juarez-wtfpad.pdf	Adaptive padding as a transport-layer cover-traffic mechanism.	WTF-PAD adaptive padding fills gaps in the traffic timing distribution; no latency cost, moderate bandwidth. Adversary: passive local observer using state-of-the-art classifiers.
2016-kobusinska-branch-hash	2016	PB1-bitmessage-heirs	system	A branch hash function as a method of message synchronization in anonymous P2P conversations	graph/text/2016-kobusinska-branch-hash.txt	pdfs/2016-kobusinska-branch-hash.pdf	Proposes Aldeon, a group-conversation protocol that replaces Bitmessage flooding with tree synchronisation; its related-work survey compares Bitmessage, ShadowChat and Bleep and names trial decryption by every node as the main drawback.	Gold OA. Most detailed academic discussion of Bitmessage streams, 48-hour retention and scalability among the sources found.
2016-kwon-riffle	2016	PB2-metadata-private-systems	system	Riffle: An Efficient Communication System With Strong Anonymity	graph/text/2016-kwon-riffle.txt	pdfs/2016-kwon-riffle.pdf	Replaces Bitmessage's flood-and-trial-decrypt with DC-net rounds: every client sends every round, so the recipient/sender is hidden without proof-of-work, but the anonymity set is bounded by the round size. Hybrid of verifiable shuffle for 	Cost model: small set of servers plus many users; hybrid verifiable shuffle plus PIR. More than 100 KB/s per user in an anonymity set of 200 (file sharing); microblogging with over 100,000 users at under 10 s latency. Trust: one honest server.
2016-kysek-minode-readme	2016	PB1-bitmessage-heirs	system	MiNode: Python 3 implementation of the Bitmessage protocol (README)	graph/text/2016-kysek-minode-readme.txt	pdfs/2016-kysek-minode-readme.md	Object-routing-only Bitmessage node in Python 3 with I2P (SAM v3) transport; archived 2020, later forked as MiNode-Refined.	Shows the usual rewrite pattern: keep the flooding layer, drop the client, add an anonymising transport.
2016-lazar-alpenhorn	2016	PB2-metadata-private-systems	system	Alpenhorn: Bootstrapping Secure Communication without Leaking Metadata	graph/text/2016-lazar-alpenhorn.txt	pdfs/2016-lazar-alpenhorn.pdf	Solves what Bitmessage leaves to chans and out-of-band exchange: private contact initiation with forward secrecy of metadata, using identity-based encryption and a keywheel.	Cost model: 10 million users on three servers with average dial latency 150 s and client bandwidth overhead 3.7 KB/s. Trust: anytrust (one honest server); IBE with threshold PKG servers.
2016-lerner-rangzen	2016			Rangzen: Anonymously Getting the Word Out in a Blackout	graph/text/2016-lerner-rangzen.txt	pdfs/2016-lerner-rangzen.pdf		In this paper, we present Rangzen, a system for anonymous broadcast messaging during network blackouts.
2016-luo-mpenc	2016	PB5-sessions-groups-pq	system	mpENC Multi-Party Encrypted Messaging Protocol design document	graph/text/2016-luo-mpenc.txt	pdfs/2016-luo-mpenc.pdf	An early (2015-16) group chat design over untrusted store-and-forward servers, close in setting to Bitmessage chans but with membership-aware keys.	Design document (Mega, January 2016) for multi-party encrypted messaging: a session model with membership, message order, authorship and readers; discusses authenticity and confidentiality of each category (including authentication of membership changes, which message signing alone does not give), group key agreement, and reliability and consistency among members over untrusted servers.
2016-matrix-megolm-spec	2016	PB6-deployed-messengers	building_block	Megolm group ratchet (specification)	graph/text/2016-matrix-megolm-spec.txt	pdfs/2016-matrix-megolm-spec.md	A sender-key group scheme: the middle ground between Bitmessage chan passphrases and full tree-based group key agreement.	Per-sender hash ratchet for group messages; room members share session keys via Olm. Weak PCS and forward secrecy only for ratcheted-forward state; later joiners can be given earlier keys.
2016-matrix-olm-spec	2016	PB6-deployed-messengers	building_block	Olm: A Cryptographic Ratchet (specification)	graph/text/2016-matrix-olm-spec.txt	pdfs/2016-matrix-olm-spec.md	Ratcheted pairwise sessions in contrast to Bitmessage's static address keys.	Matrix's implementation of the double ratchet with Curve25519 one-time keys for 1:1 sessions. Content only; Matrix server sees who talks to whom.
2016-muszynski-reducing	2016			Reducing Efficiency of Connectivity-Splitting Attack on Newscast via Limited Gossip	graph/text/2016-muszynski-reducing.txt	pdfs/2016-muszynski-reducing.pdf		Newscast is a Peer-to-Peer, nature-inspired gossip-based data exchange protocol used for information dissemination and membership management in large-scale, agent-based distributed systems.
2016-ncc-olm-review	2016	PB6-deployed-messengers	attack_or_audit	Olm Cryptographic Review	graph/text/2016-ncc-olm-review.txt	pdfs/2016-ncc-olm-review.pdf	Review of the double-ratchet and group-ratchet constructions that Bitmessage lacks.	Targeted review of libolm 1.3.0 double ratchet and Megolm group ratchet: one high, one medium, six low, one informational finding, including unknown-key-share attacks. Content security only.
2016-ncc-ricochet-audit	2016	PB6-deployed-messengers	attack_or_audit	Ricochet Security Assessment (public report)	graph/text/2016-ncc-ricochet-audit.txt	pdfs/2016-ncc-ricochet-audit.pdf	Direct sender-recipient channel over Tor onion services; no flood, no offline delivery, no group support.	Audit of Ricochet (Tor v2 onion-service peer-to-peer messenger with no servers): found one deanonymisation issue (fixed in 1.1.2) and several hardening items. Ricochet hides: IP of both parties (Tor), content, and social graph from servers (none exist); both must be online to deliver.
2016-neudecker-timing	2016	PB4-source-anonymity-spam	attack_or_audit	Timing Analysis for Inferring the Topology of the Bitcoin Peer-to-Peer Network	graph/text/2016-neudecker-timing.txt	pdfs/2016-neudecker-timing.pdf	Timing leakage of a flooding network reveals overlay structure and neighbours of a source.	Infers which peers are connected from block and transaction relay timing observed by a well-connected node. Adversary: passive observer with many connections measuring relay delays.
2016-nithyanand-asadversaries	2015	PB4-source-anonymity-spam	measurement	Measuring and mitigating AS-level adversaries against Tor	graph/text/2016-nithyanand-asadversaries.txt	pdfs/2016-nithyanand-asadversaries.pdf	AS-aware path selection as a defence when relying on Tor for sender anonymity.	Measures how often AS-level adversaries sit on both ends of Tor circuits and proposes AS-aware path selection (Astoria). Adversary: single AS or colluding ASes on forward and reverse paths.
2016-onica-confidentialitypreserving	2016			Confidentiality-Preserving Publish/Subscribe	graph/text/2016-onica-confidentialitypreserving.txt	pdfs/2016-onica-confidentialitypreserving.pdf		Publish/subscribe (pub/sub) is an attractive communication paradigm for large-scale distributed applications running across multiple administrative domains.
2016-onica-dependable	2016			Towards Scalable and Dependable Privacy-Preserving Publish/Subscribe Services	graph/text/2016-onica-dependable.txt	pdfs/2016-onica-dependable.pdf		Security guarantees are required features for cloud services.
2016-panchenko-wfinternet	2016	PB4-source-anonymity-spam	attack_or_audit	Website Fingerprinting at Internet Scale	graph/text/2016-panchenko-wfinternet.txt	pdfs/2016-panchenko-wfinternet.pdf	Realistic open-world numbers for traffic analysis.	Shows fingerprinting scales to a large open world and identifies conditions under which classifiers remain effective. Adversary: passive local observer with limited training.
2016-perrin-xeddsa	2016	PB5-sessions-groups-pq	building_block	The XEdDSA and VXEdDSA Signature Schemes	graph/text/2016-perrin-xeddsa.txt	pdfs/2016-perrin-xeddsa.pdf	Bitmessage keeps separate signing and encryption keys per address; XEdDSA shows the single-key alternative Signal uses for prekey signatures.	EdDSA-compatible signatures made with X25519/X448 identity keys, so one key serves both DH and signing (used to sign prekeys in X3DH); VXEdDSA adds a verifiable random function; no post-quantum security.
2016-pires-secure	2016			Secure Content-Based Routing Using Intel Software Guard Extensions	graph/text/2016-pires-secure.txt	pdfs/2016-pires-secure.pdf		In this paper, we follow a different strategy by taking advantage of trusted hardware extensions that have just been introduced in off-the-shelf processors and provide a trusted execution environment. [arXiv version 2017; earliest public year kept.]
2016-richerzhagen-framework	2016			A Framework for Publish/Subscribe Protocol Transitions in Mobile Crowds	graph/text/2016-richerzhagen-framework.txt	pdfs/2016-richerzhagen-framework.pdf		The increasing number of sensor-equipped mobile devices enables new applications for communication within crowds of people.
2016-royer-contentpublish	2016			Content Based Publish / Subscribe systems for AANETs	graph/text/2016-royer-contentpublish.txt	pdfs/2016-royer-contentpublish.pdf		Abstract not retrieved; included on title and venue (AEGATS ‘16, Advanced Aircraft Efficiency in a Global Air Transport System).
2016-royer-routagebase	2016			Routage basé sur le contenu dans les réseaux ad-hoc aéronautiques	graph/text/2016-royer-routagebase.txt	pdfs/2016-royer-routagebase.pdf		Abstract not retrieved; included on title and venue (n/a).
2016-sanatinia-honeyonions	2016	PB4-source-anonymity-spam	measurement	Honey Onions: a Framework for Characterizing and Identifying Misbehaving Tor HSDirs	graph/text/2016-sanatinia-honeyonions.txt	pdfs/2016-sanatinia-honeyonions.pdf	Detects misbehaving directory nodes that enumerate rendezvous addresses; relevant to private rendezvous points for messaging.	Honey onions: decoy onion services detect HSDir relays that snoop on descriptors; at least 110 snooping HSDirs over 72 days, more than half on cloud infrastructure and delaying use of learned data. Adversary: malicious HSDir operators harvesting onion addresses and probing the services.
2016-shafique-adaptive-content	2016			Adaptive Content-based Routing using Subscription Subgrouping in Structured Overlays	graph/text/2016-shafique-adaptive-content.txt	pdfs/2016-shafique-adaptive-content.pdf		Adaptive Content-based Routing using Subscription Subgrouping in Structured Overlays.
2016-shafique-eliminating-tight	2016			Eliminating Tight Coupling using Subscriptions Subgrouping in Structured Overlays	graph/text/2016-shafique-eliminating-tight.txt	pdfs/2016-shafique-eliminating-tight.pdf		Eliminating Tight Coupling using Subscriptions Subgrouping in Structured Overlays.
2016-siegemund-psvr	2016			PSVR - Self-stabilizing Publish/Subscribe Communication for Ad-Hoc Networks (Short Paper)	graph/text/2016-siegemund-psvr.txt	pdfs/2016-siegemund-psvr.pdf		This paper presents the novel routing algorithm PSVR for pub/sub systems in ad-hoc networks.
2016-signal-double-ratchet-spec	2016	PB6-deployed-messengers	building_block	The Double Ratchet Algorithm	graph/text/2016-signal-double-ratchet-spec.txt	pdfs/2016-signal-double-ratchet-spec.pdf	The ratchet that Bitmessage lacks; static address keys give no forward secrecy.	Specification of the double ratchet giving forward secrecy and post-compromise security with out-of-order delivery.
2016-signal-x3dh-spec	2016	PB6-deployed-messengers	building_block	The X3DH Key Agreement Protocol	graph/text/2016-signal-x3dh-spec.txt	pdfs/2016-signal-x3dh-spec.pdf	Asynchronous initial key exchange against static addresses; Bitmessage has none.	Asynchronous key agreement from server-held prekeys; deniable. A server is required to hold prekeys and sees who fetches whose bundle.
2016-tor-proposal-263-ntru-handshake	2016	PB8-pq-anonymity	building_block	Tor proposal 263: Request to change key exchange protocol for handshake v1.2	graph/text/2016-tor-proposal-263-ntru-handshake.txt	pdfs/2016-tor-proposal-263-ntru-handshake.md	Documents the cell-size obstacle to post-quantum handshakes in a deployed anonymity network.	Proposes NTRU (EES443EP2) key exchange alongside ntor for circuit extension; encrypted message limited to m <= 49 bytes; depends on proposal 249 (CREATE cells with more than 505 bytes of handshake data) because the lattice material exceeds one cell. Superseded by proposal 269.
2016-whatsapp-security-whitepaper	2016	PB6-deployed-messengers	system	WhatsApp Encryption Overview: Technical white paper	graph/text/2016-whatsapp-security-whitepaper.txt	pdfs/2016-whatsapp-security-whitepaper.pdf	Mainstream baseline against which Bitmessage-era designs are measured; central server with strong content security and weak metadata privacy.	Describes WhatsApp's Signal-protocol E2EE, sender-key groups, multi-device, sealed-sender-like server blindness for some fields. WhatsApp servers know phone numbers, group membership sizes, timing; contents hidden.
2016-winter-torsybils	2016	PB4-source-anonymity-spam	measurement	Identifying and characterizing Sybils in the Tor network	graph/text/2016-winter-torsybils.txt	pdfs/2016-winter-torsybils.pdf	Sybil operators in a volunteer overlay; relevant to peer-quality assumptions when using Tor as transport.	sybilhunter detects Sybil Tor relays from configuration similarity and uptime sequences; applied to nine years of archived consensus data, finds botnets, academic research relays and relays hijacking Bitcoin transactions; shows existing Sybil defences do not apply to Tor. Adversary: operator of many relays under multiple identities, using exit or HSDir positions.
2016-yi-data	2016			Data Publish/Subscribe with Network Coding in DTN	graph/text/2016-yi-data.txt	pdfs/2016-yi-data.pdf		A data Publish/Subscribe method with network coding (DPS-NC) used in delay tolerant network is proposed.
2016-yoon-secret	2016			Secret Forwarding of Events over Distributed Publish/Subscribe Overlay Network	graph/text/2016-yoon-secret.txt	pdfs/2016-yoon-secret.pdf		Abstract not retrieved; classified from the title as core work on overlay construction.
2016-zhang-language	2016			Language Expressiveness and Quality of Service for Content-based Publish/Subscribe Systems	graph/text/2016-zhang-language.txt	pdfs/2016-zhang-language.pdf		Language expressiveness and QoS for content-based pub/sub (thesis)
2017-alexopoulos-mcmix	2017	PB2-metadata-private-systems	system	MCMix: Anonymous Messaging via Secure Multiparty Computation	graph/text/2017-alexopoulos-mcmix.txt	pdfs/2017-alexopoulos-mcmix.pdf	MPC replaces mixnet or flooding: servers jointly compute the message exchange so no server learns who talks to whom.	Cost model: dialing and conversation protocols implemented on Sharemind; scales to hundreds of thousands of users with latency competitive with weaker-guarantee systems. Trust: MPC threshold (honest majority of a small server set, Sharemind three-party).
2017-alwen-scrypt	2017	PB4-source-anonymity-spam	limit_or_theory	Scrypt is Maximally Memory-Hard	graph/text/2017-alwen-scrypt.txt	pdfs/2017-alwen-scrypt.pdf	Formal justification for memory-hard stamps.	Proves scrypt has maximal cumulative memory complexity in the parallel random oracle model, justifying memory-hard PoW. Adversary: parallel attacker with unlimited cores and bounded memory.
2017-an-autonomous-dynamic	2017			An Autonomous and Dynamic Coordination and Discovery Service for Wide-Area Peer-to-peer Publish/Subscribe	graph/text/2017-an-autonomous-dynamic.txt	pdfs/2017-an-autonomous-dynamic.pdf		An Autonomous and Dynamic Coordination and Discovery Service for Wide-Area Peer-to-peer Publish/Subscribe.
2017-apostolaki-hijacking	2016	PB4-source-anonymity-spam	attack_or_audit	Hijacking Bitcoin: Routing Attacks on Cryptocurrencies	graph/text/2017-apostolaki-hijacking.txt	pdfs/2017-apostolaki-hijacking.pdf	Flood reachability depends on the Internet routing layer; a BGP-capable adversary can partition the flood and learn who connects to whom.	Network-level routing attacks (BGP prefix hijacks, on-path interception) that partition Bitcoin or delay blocks; fewer than 100 prefixes isolate about half the mining power. Adversary: AS-level attacker with BGP control, or on-path observer.
2017-araujo-publishsubscribe	2017			A Publish/Subscribe System Using Causal Broadcast over Dynamically Built Spanning Trees	graph/text/2017-araujo-publishsubscribe.txt	pdfs/2017-araujo-publishsubscribe.pdf		In this paper we present VCube-PS, a topic-based Publish/Subscribe system built on the top of a virtual hypercubelike topology.
2017-araujo-vcubeps	2017			VCube-PS: A causal broadcast topic-based publish/subscribe system	graph/text/2017-araujo-vcubeps.txt	pdfs/2017-araujo-vcubeps.pdf		In this work we present VCube-PS , a topic-based Publish/Subscribe system built on the top of a virtual hypercube-like topology.
2017-ball-usefulwork	2017	PB4-source-anonymity-spam	building_block	Proofs of Useful Work	graph/text/2017-ball-usefulwork.txt	pdfs/2017-ball-usefulwork.pdf	Candidate for making stamps useful to someone, reducing waste.	Constructs proofs of work whose solution also solves worst-case-hard computational problems (OV, 3SUM, APSP). Adversary: prover with polynomial resources and fine-grained complexity assumptions.
2017-barazzutti-efficient	2017			Efficient and Confidentiality-Preserving Content-Based Publish/Subscribe with Prefiltering	graph/text/2017-barazzutti-efficient.txt	pdfs/2017-barazzutti-efficient.pdf		Journal extension of Thrifty Privacy: prefiltering on top of encrypted matching, with evaluation in a scalable content-based pub/sub engine.
2017-barman-prifi	2017	PB2-metadata-private-systems	system	PriFi: Low-Latency Anonymity for Organizational Networks	graph/text/2017-barman-prifi.txt	pdfs/2017-barman-prifi.pdf	DC-net variant for LANs that keeps client packets on their normal path; shows DC-nets can reach interactive latency when the anonymity set is local.	Cost model: client/relay/server DC-net; about 100 ms added latency for 100 clients, compatible with VoIP. Trust: remote servers assist anonymisation; defends equivocation attacks by history-dependent encryption.
2017-bindel-transition-pki	2017	PB8-pq-anonymity	building_block	Transitioning to a Quantum-Resistant Public Key Infrastructure	graph/text/2017-bindel-transition-pki.txt	pdfs/2017-bindel-transition-pki.pdf	Hybrid signature design for object authentication.	Defines hybrid (dual) signatures and certificates that stay secure if either component holds, with security definitions and a performance comparison; hybrid signature size is the sum of both components (e.g. Ed25519 64 B + ML-DSA-44 2420 B).
2017-bip157-clientfilters	2017	PB3-receiver-privacy	system	BIP 157: Client Side Block Filtering	graph/text/2017-bip157-clientfilters.txt	pdfs/2017-bip157-clientfilters.md	Protocol half of the client-side filtering design.	P2P messages and commitments (filter headers) for fetching compact block filters; companion to BIP 158.
2017-bip158-blockfilters	2017	PB3-receiver-privacy	system	BIP 158: Compact Block Filters for Light Clients (with BIP 157)	graph/text/2017-bip158-blockfilters.txt	pdfs/2017-bip158-blockfilters.md	Client-side filtering is the middle point between full download and PIR: a per-block digest the client tests locally, as Bitmessage's tag-prefix streams could be.	Server publishes one Golomb-coded-set filter per block; the client downloads filters and matches its own scripts locally, fetching blocks on a hit, so the server learns nothing from the filter requests (unlike BIP 37). Costs: a filter download per block for every client, trading bandwidth for privacy. Page text of BIP 158 saved; BIP 157 text saved at 2017-bip157-clientfilters.md.
2017-bos-kyber	2017	PB5-sessions-groups-pq	building_block	CRYSTALS -- Kyber: a CCA-secure module-lattice-based KEM	graph/text/2017-bos-kyber.txt	pdfs/2017-bos-kyber.pdf	Source of the ML-KEM sizes (about 1 kB) that dominate post-quantum overhead in flooded networks.	CRYSTALS-Kyber: a CCA-secure module-lattice KEM (successor of NewHope) with key and ciphertext sizes about half those of NewHope; the scheme standardised (with changes) as ML-KEM in FIPS 203 and used in PQXDH, PQ3, SPQR and X-Wing.
2017-bouloukakis-timelinessintermittent	2017			Timeliness Evaluation of Intermittent Mobile Connectivity over Pub/Sub Systems	graph/text/2017-bouloukakis-timelinessintermittent.txt	pdfs/2017-bouloukakis-timelinessintermittent.pdf		This paper provides an analytical solution regarding the end-to-end response time between users sending and receiving data by modeling the intermittent connectivity of mobile users with QNMs and utilizes the publish/subscribe middleware as the underlying...
2017-chaum-cmix	2017	PB2-metadata-private-systems	system	cMix: Mixing with Minimal Real-Time Asymmetric Cryptographic Operations	graph/text/2017-chaum-cmix.txt	pdfs/2017-chaum-cmix.pdf	Mix-based answer to Bitmessage's source-timing and flooding weaknesses: layered encryption and cover traffic instead of broadcasting every object to every node. Moves public-key work to a precomputation phase so real-time mixing is a few mo	Cost model: fixed cascade; real-time phase only modular multiplications, no real-time public-key operations for users, scales linearly in users; basis of the xx network / Elixxir. Trust: strong anonymity if at least one cascade node is honest; precomputation is batch-based.
2017-chen-distributed	2016			Distributed Publish/Subscribe Query Processing on the Spatio-Textual Data Stream	graph/text/2017-chen-distributed.txt	pdfs/2017-chen-distributed.pdf		Distributed pub/sub query processing on spatio-textual data streams
2017-chen-psihe	2017	PB3-receiver-privacy	building_block	Fast Private Set Intersection from Homomorphic Encryption	graph/text/2017-chen-psihe.txt	pdfs/2017-chen-psihe.pdf	Bitmessage avoids contact discovery by publishing everything, but any scheme that routes by address or tag must solve how a user learns the right address or slot without revealing their contacts.	FHE-based PSI with communication O(Ny log Nx) for set sizes Ny < Nx: intersecting five thousand 32-bit strings with 16 million takes 36 s online, 71 s of receiver-independent preprocessing and 12.5 MB round-trip, a 38-115x communication reduction over prior work.
2017-cohngordon-art	2017	PB5-sessions-groups-pq	system	On Ends-to-Ends Encryption: Asynchronous Group Messaging with Strong Security Guarantees	graph/text/2017-cohngordon-art.txt	pdfs/2017-cohngordon-art.pdf	Group-level counterpart of the Double Ratchet; the Bitmessage chan has none of these properties (a shared passphrase forever).	Asynchronous Ratcheting Trees (ART): tree-based group key exchange in which no two parties ever need to be online at once, giving logarithmic-cost updates, forward secrecy and post-compromise security for groups; observes that deployed group messengers silently give groups a weaker property (an adversary who compromises one member can intercept communications indefinitely); includes a computational security proof for
2017-conan-multiscaledistributed	2017			A multiscale approach for a distributed event-based Internet of Things	graph/text/2017-conan-multiscaledistributed.txt	pdfs/2017-conan-multiscaledistributed.pdf		Abstract not retrieved; included on title and venue (PICOM 2017 : 15th International Conference on Pervasive Intelligence and Computing).
2017-cure53-briar-pentest	2017	PB6-deployed-messengers	attack_or_audit	Pentest-Report Briar Project App & Protocol 03.2017	graph/text/2017-cure53-briar-pentest.txt	pdfs/2017-cure53-briar-pentest.pdf	Third-party review of a serverless, Tor/Bluetooth messenger; contrasts with Bitmessage's absence of audits.	Cure53 pentest of Briar Android app plus review of BQP/BSP/BTP; twelve issues (e.g. DNS leak via RSS import, high severity), crypto review found no protocol break. Application-level metadata leak (DNS) noted.
2017-das-trilemma	2018	PB2-metadata-private-systems	limit_or_theory	Anonymity Trilemma: Strong Anonymity, Low Bandwidth Overhead, Low Latency - Choose Two	graph/text/2017-das-trilemma.txt	pdfs/2017-das-trilemma.pdf	Proves that strong anonymity needs either high bandwidth or high latency; Bitmessage picks high bandwidth (flood), Loopix picks latency.	Cost model: necessary relationships between bandwidth overhead, latency overhead and anonymity against a global passive adversary with a given number of compromised nodes; analyses many deployed designs.
2017-ducas-dilithium	2017	PB5-sessions-groups-pq	building_block	CRYSTALS -- Dilithium: Digital Signatures from Module Lattices	graph/text/2017-ducas-dilithium.txt	pdfs/2017-ducas-dilithium.pdf	Signature size is the obstacle for Bitmessage-style per-object signing in the post-quantum setting.	CRYSTALS-Dilithium: lattice signature scheme designed to be simple to implement securely against side-channel attacks with efficiency comparable to the best lattice signatures; became ML-DSA (FIPS 204), the leading post-quantum signature for messaging credentials.
2017-eip-627-whisper	2017	PB1-bitmessage-heirs	system	EIP-627: Whisper Specification	graph/text/2017-eip-627-whisper.txt	pdfs/2017-eip-627-whisper.md	Direct descendant: a gossip-flooded envelope (expiry, TTL, topic, data, PoW nonce) with symmetric or asymmetric encryption; a Bloom filter over topics lets a peer ask for a subset instead of everything, trading receiver privacy for bandwidt	Created 2017-05-05. Another slice holds copies (2015-eip627-whisper, 2017-eip627-whisper); same URL.
2017-evropeytsev-causal	2017			An efficient causal group communication protocol for P2P hierarchical overlay networks	graph/text/2017-evropeytsev-causal.txt	pdfs/2017-evropeytsev-causal.pdf		Abstract not retrieved; classified from the title as adjacent work on overlay construction, peer-to-peer, message ordering.
2017-fanti-anonymitybitcoin	2017	PB4-source-anonymity-spam	limit_or_theory	Anonymity Properties of the Bitcoin P2P Network	graph/text/2017-fanti-anonymitybitcoin.txt	pdfs/2017-fanti-anonymitybitcoin.pdf	Proves that randomised-delay diffusion does not hide the origin of a gossip flood against a well-connected observer; this is the formal basis for treating Bitmessage origin as exposed.	Models Bitcoin trickle and diffusion spreading and proves poor anonymity against a first-spy and maximum-likelihood adversary on regular trees, validated on a 2015 topology snapshot. Adversary: supernode connected to all nodes (eavesdropper) plus spy-node coalitions; changing from flooding to diffusion did not help.
2017-feldmann-self-stabilizing	2017			Self-Stabilizing Supervised Publish-Subscribe Systems	graph/text/2017-feldmann-self-stabilizing.txt	pdfs/2017-feldmann-self-stabilizing.pdf		Self-Stabilizing Supervised Publish-Subscribe Systems.
2017-grubbs-franking	2017	PB4-source-anonymity-spam	building_block	Message Franking via Committing Authenticated Encryption	graph/text/2017-grubbs-franking.txt	pdfs/2017-grubbs-franking.pdf	Abuse and spam accountability in an end-to-end encrypted system; Bitmessage has no reporting path at all.	Formalises message franking for abuse reporting in end-to-end encrypted messaging: the recipient can prove to the platform what the sender sent, without the platform reading messages. Adversary: malicious sender who tries to send content the recipient cannot report, or malicious recipient who fabricates reports.
2017-halpin-nextleap	2017	PB5-sessions-groups-pq	system	NEXTLEAP: Decentralizing Identity with Privacy for Secure Messaging	graph/text/2017-halpin-nextleap.txt	pdfs/2017-halpin-nextleap.pdf	Attempts to solve the same decentralised-identity-and-metadata problem Bitmessage addressed, with key verification and a mixnet instead of flooding.	Project paper describing privacy-preserving federated identity, verified key directories (CONIKS-style) and metadata-protecting messaging (Panoramix mix network) as a decentralised alternative to centralised key servers.
2017-hashemi-pubsub-access-control	2017			Decentralized User-Centric Access Control using PubSub over Blockchain	graph/text/2017-hashemi-pubsub-access-control.txt	pdfs/2017-hashemi-pubsub-access-control.pdf		Uses a pub/sub layer over a blockchain to let users control access to their data without a trusted central party.
2017-havet-securestreams	2017			SecureStreams: A Reactive Middleware Framework for Secure Data Stream Processing	graph/text/2017-havet-securestreams.txt	pdfs/2017-havet-securestreams.pdf		This paper therefore introduces SecureStreams, a reactive middleware framework to deploy and process secure streams at scale. [arXiv version 2018; earliest public year kept.]
2017-hayun-optimasipemilihan	2017			OPTIMASI PEMILIHAN CHILD BROKER(S) PADA MODEL KOMUNIKASI PUBLISH/SUBSCRIBE PADA PROTOKOL DATA DISTRIBUTION SERVICE DI AREA MULTI-ZONE	graph/text/2017-hayun-optimasipemilihan.txt	pdfs/2017-hayun-optimasipemilihan.pdf		Tantangan terbesar yang muncul pada data center cloud computing adalah meningkatnya biaya konsumsi daya.
2017-islam-observingiot	2017			Observing IoT resources over ICN	graph/text/2017-islam-observingiot.txt	pdfs/2017-islam-observingiot.pdf		This paper presents the design and the implementation of CoAP observe over ICN and discusses how ICN can provide benefits to both network providers and CoAP applications, even though the latter are not aware of the existence of ICN.
2017-kim-sgxtor	2017	PB2-metadata-private-systems	system	Enhancing Security and Privacy of Tor's Ecosystem by using Trusted Execution Environments (SGX-Tor)	graph/text/2017-kim-sgxtor.txt	pdfs/2017-kim-sgxtor.pdf	Trusted-hardware relays reduce a malicious relay to a network-level adversary; the TEE analogue of attesting Bitmessage nodes.	Cost model: end-to-end latency overhead 3.9 percent and throughput overhead 11.9 percent for HTTP. Trust: SGX attestation; excludes side channels.
2017-kiss-psiunequal	2017	PB3-receiver-privacy	building_block	Private Set Intersection for Unequal Set Sizes with Mobile Applications	graph/text/2017-kiss-psiunequal.txt	pdfs/2017-kiss-psiunequal.pdf	Bitmessage avoids contact discovery by publishing everything, but any scheme that routes by address or tag must solve how a user learns the right address or slot without revealing their contacts.	Turns four PSI protocols into precomputation form so setup communication is linear in the large set and online communication linear in the small set; compares them on PC and smartphone: garbled-AES wins setup and PC online time, Diffie-Hellman wins mobile online time.
2017-kobeissi-verification	2017	PB5-sessions-groups-pq	attack_or_audit	Automated Verification for Secure Messaging Protocols and their Implementations: A Symbolic and Computational Approach	graph/text/2017-kobeissi-verification.txt	pdfs/2017-kobeissi-verification.pdf	Method template for formally checking session protocols; no equivalent exists for Bitmessage.	Method (ProScript code translated to ProVerif and CryptoVerif models) applied to a variant of the Signal protocol (X3DH plus Double Ratchet, as shipped in Cryptocat); finds new and previously known weaknesses in the protocol under a range of threat models (compromise of long-term and session keys) and suggests countermeasures; targets confidentiality, authentication, forward and future secrecy.
2017-kwon-atom	2017	PB2-metadata-private-systems	system	Atom: Horizontally Scaling Strong Anonymity	graph/text/2017-kwon-atom.txt	pdfs/2017-kwon-atom.pdf	Mix-based answer to Bitmessage's source-timing and flooding weaknesses: layered encryption and cover traffic instead of broadcasting every object to every node.	Cost model: 1,024 servers in anytrust groups carry a million Tweet-length messages in 28 minutes, over 23x faster than prior systems with similar guarantees; per-server bandwidth under 1 MB/s. Trust: anonymity among all honest users against an active network adversary and some servers, cryptographic not differential; latency of minutes, suited to short messages and dialing.
2017-marlinspike-signal-private-contact-discovery	2017	PB2-metadata-private-systems	system	Technology preview: Private contact discovery for Signal	graph/text/2017-marlinspike-signal-private-contact-discovery.txt	pdfs/2017-marlinspike-signal-private-contact-discovery.md	Engineering description of hiding who looks up whom from a service operator with an SGX enclave; the enclave lessons (memory access patterns, small encrypted memory, ORAM not fitting) apply to any receiver-private lookup.	Cost model: contact lookups run inside a server-side SGX enclave with remote attestation; the post explains that host-visible memory access patterns and the 128 MB encrypted memory limit defeat a naive hash-table lookup, that general ORAM (Path ORAM, recursive) fits poorly for huge key sets with empty values, and that a deliberately oblivious linear scan is the workable design. Trust: hardware vendor and enclave inte
2017-nakayama-topic-delivery	2017			Topic-based Delivery of Event Messages in Peer-to-Peer Publish/Subscribe Systems	graph/text/2017-nakayama-topic-delivery.txt	pdfs/2017-nakayama-topic-delivery.pdf		Peer-to-peer topic-based pub/sub (P2PPS) line of the Enokido/Takizawa group: Topic-based Delivery of Event Messages in Peer-to-Peer Publish/Subscribe Systems.
2017-newport-gossipsmartphone	2017			Gossip in a Smartphone Peer-to-Peer Network	graph/text/2017-newport-gossipsmartphone.txt	pdfs/2017-newport-gossipsmartphone.pdf		This paper describes and analyzes new randomized gossip algorithms in the mobile telephone model, and proposes a relaxed version of gossip in which it is only necessary for nodes to each learn a specified fraction of the messages in the system.
2017-nwadiugwu-ddsenhanced	2017			Enhanced SDP-dynamic bloom filters for a DDS node discovery in real-time distributed systems	graph/text/2017-nwadiugwu-ddsenhanced.txt	pdfs/2017-nwadiugwu-ddsenhanced.pdf		Abstract not retrieved; included on title and venue (2017 22nd IEEE International Conference on Emerging Technologies and Factory Automation (ETFA)).
2017-overdorf-onion	2017	PB4-source-anonymity-spam	attack_or_audit	How Unique is Your .onion? An Analysis of the Fingerprintability of Tor Onion Services	graph/text/2017-overdorf-onion.txt	pdfs/2017-overdorf-onion.pdf	Which onion services leak under traffic analysis; informs sizing and padding of messenger traffic.	Measures fingerprintability of onion services: some sites are easy to classify and a small set of features causes most errors. Adversary: local passive observer (network or guard) with training traces.
2017-p4t-abuse-detection	2017	PB6-deployed-messengers	building_block	Privacy-Preserving Abuse Detection in Future Decentralised Online Social Networks	graph/text/2017-p4t-abuse-detection.txt	pdfs/2017-p4t-abuse-detection.pdf	Alternative to proof-of-work for spam handling in decentralised messaging.	Supervised-learning abuse detection for decentralised, E2EE social networks, with privacy-preserving protocols to compute the classifier's features; not yet resilient to a strong adaptive adversary. Hides message content and parts of the graph from the detector.
2017-piotrowska-annotify	2016	PB2-metadata-private-systems	system	AnNotify: A Private Notification Service	graph/text/2017-piotrowska-annotify.txt	pdfs/2017-piotrowska-annotify.pdf	A private publish/subscribe-style notification service: a sender signals an event to a recipient without a broker learning who is notified, which is Bitmessage's broadcast problem in a lighter form.	Cost model: scalable private notification service built on anonymous communication, sharding, dummy queries and Bloom filters; the paper computes the concrete advantage of an adversary observing multiple queries and evaluates costs; extensions for presence and broadcast notifications. A private publisher/subscriber event service, so it is core to the pub/sub corpus. Slug follows the other collector's copy (same file)
2017-piotrowska-loopix	2017	PB2-metadata-private-systems	system	The Loopix Anonymity System	graph/text/2017-piotrowska-loopix.txt	pdfs/2017-piotrowska-loopix.pdf	Message-oriented, asynchronous alternative to Bitmessage flooding: Poisson-delayed layered mixes with loop and drop cover traffic and semi-trusted providers that store mail for offline users.	Cost model: no synchronised rounds; a Loopix relay handles upwards of 300 messages per second with small delay; scales by adding mixes to a stratified topology; cost is extra bandwidth for cover traffic (clients send loops at Poisson rates). Trust: global passive adversary and active attacks; providers semi-trusted for storage, rate limiting; latency traded against anonymity by the delay parameter.
2017-polyakov-prepubsub	2017	PB3-receiver-privacy	building_block	Fast Proxy Re-Encryption for Publish/Subscribe Systems	graph/text/2017-polyakov-prepubsub.txt	pdfs/2017-polyakov-prepubsub.pdf	none direct; shows how a pub/sub server can route confidential data to subscribers whom the publisher does not know.	Two multi-hop unidirectional lattice PRE schemes (NTRU-ABD-PRE, BV-PRE) so a publisher encrypts without knowing the subscriber and a server delegates access; BV-PRE has lower time and space than prior IND-CPA lattice PRE. Confidentiality delegation rather than recipient hiding.
2017-pybitmessage-repo-protocol-docs	2017	PB1-bitmessage-heirs	system	PyBitmessage repository protocol documentation (address, encryption, proof of work, extended encoding, protocol)	graph/text/2017-pybitmessage-repo-protocol-docs.txt	pdfs/2017-pybitmessage-repo-protocol-docs.md	Defines address derivation, ECIES (secp256k1 ECDH, AES-256-CBC, HMAC-SHA256), the proof-of-work target formula with TTL and extra bytes, and extended message encoding; the static-key encryption and PoW admission that later work criticises.	Concatenation of docs/address.rst, encryption.rst, encrypted_payload.rst, pow.rst, pow_formula.rst, extended_encoding.rst, protocol.rst fetched from the v0.6 branch.
2017-rosler-more-is-less	2017	PB6-deployed-messengers	attack_or_audit	More is Less: On the End-to-End Security of Group Chats in Signal, WhatsApp, and Threema	graph/text/2017-rosler-more-is-less.txt	pdfs/2017-rosler-more-is-less.pdf	Group membership integrity: Bitmessage chans have no membership at all (anyone with the passphrase is a member).	Security model for dynamic-group messaging with delivery goals and a reverse-engineered description of the group protocols of Signal, WhatsApp and Threema; finds shortcomings such as a server (or an outsider) being able to add members or influence group state. Groups are pairwise fan-out; the server sees membership and timing.
2017-ruffing-p2p	2017			P2P Mixing and Unlinkable Bitcoin Transactions	graph/text/2017-ruffing-p2p.txt	pdfs/2017-ruffing-p2p.pdf		DiceMix: DC-net based peer-to-peer mixing that gives anonymous broadcast among a dynamic group.
2017-salehi-incremental	2017			Incremental Topology Transformation for Publish/Subscribe Systems Using Integer Programming	graph/text/2017-salehi-incremental.txt	pdfs/2017-salehi-incremental.pdf		Incremental topology transformation for pub/sub using integer programming
2017-shirazi-multiparty	2017			Multiparty Routing: Secure Routing for Mixnets	graph/text/2017-shirazi-multiparty.txt	pdfs/2017-shirazi-multiparty.pdf		In this work, we propose a novel multiparty routing approach for anonymous communication that addresses these shortcomings.
2017-signal-sesame-spec	2017	PB6-deployed-messengers	building_block	The Sesame Algorithm: Session Management for Asynchronous Message Encryption	graph/text/2017-signal-sesame-spec.txt	pdfs/2017-signal-sesame-spec.pdf	Multi-device session state, absent in Bitmessage.	Session management across multiple devices and sessions per user for asynchronous messaging; server-mediated device lists.
2017-silva-timeaware	2017			Time-Aware Publish/Subscribe for Networks of Mobile Devices	graph/text/2017-silva-timeaware.txt	pdfs/2017-silva-timeaware.pdf		Smart mobile devices are increasingly ubiquitous and are the primary source of user-generated content, and current communication infrastructures are failing in keeping up with the rising demand for the avid sharing of such content.
2017-ssb-protocol-guide	2017	PB6-deployed-messengers	system	Scuttlebutt Protocol Guide	graph/text/2017-ssb-protocol-guide.txt	pdfs/2017-ssb-protocol-guide.md	Closest deployed relative: recipients trial-decrypt public feed messages; flood replaced by follow-graph gossip; sender is public (no source anonymity).	Append-only signed feeds replicated by gossip (EBT) along the follow graph; private messages via private-box to up to 7 recipients. Private-box hides content and recipient identities from non-recipients, but sender feed, timing and message size are public. Every follower trial-decrypts.
2017-sun-counterraptor	2017	PB4-source-anonymity-spam	building_block	Counter-RAPTOR: Safeguarding Tor Against Active Routing Attacks	graph/text/2017-sun-counterraptor.txt	pdfs/2017-sun-counterraptor.pdf	Peer (guard) selection hardened against routing adversaries.	Defences against BGP prefix hijack/interception of Tor guards: resilience-aware guard selection and monitoring. Adversary: AS-level active attacker announcing malicious routes to capture guard traffic.
2017-tor-prop247-vanguards	2015	PB4-source-anonymity-spam	building_block	Tor proposal 247: Defending Against Guard Discovery Attacks using Vanguards	graph/text/2017-tor-prop247-vanguards.txt	pdfs/2017-tor-prop247-vanguards.md	Defence against repeated circuit forcing; analogous to a flooding node being made to emit messages repeatedly.	Proposal adding layered, long-lived second- and third-layer guards for onion-service circuits to defeat guard discovery. Adversary: relay operator that forces the service or client to build circuits repeatedly until an adversary relay lands next to the guard.
2017-tyagi-stadium	2017	PB2-metadata-private-systems	system	Stadium: A Distributed Metadata-Private Messaging System	graph/text/2017-tyagi-stadium.txt	pdfs/2017-tyagi-stadium.pdf	Mix-based answer to Bitmessage's source-timing and flooding weaknesses: layered encryption and cover traffic instead of broadcasting every object to every node.	Cost model: parallel verifiable mixnet with distributed noise generation; supports 4x more users than Vuvuzela using servers that cost about an order of magnitude less; per-user bandwidth under 5x Vuvuzela; 100-server EC2 deployment. Trust: privacy against a fraction of malicious servers; differential privacy over routing links.
2017-vavassori-enablinglarge	2017			Enabling Large-Scale IoT-Based Services through Elastic Publish/Subscribe	graph/text/2017-vavassori-enablinglarge.txt	pdfs/2017-vavassori-enablinglarge.pdf		This new feature rounds out the context-aware content-based features of E-SilboPS by providing, for example, the necessary middleware for constructing dashboards and monitoring panels that are capable of dynamically changing queries and continuously...
2017-venkatakrishnan-dandelion	2017	PB4-source-anonymity-spam	system	Dandelion: Redesigning the Bitcoin Network for Anonymity	graph/text/2017-venkatakrishnan-dandelion.txt	pdfs/2017-venkatakrishnan-dandelion.pdf	Direct answer to flooding exposing the origin: Bitmessage floods an object to all peers at once so the first-hearing node is a strong source estimator; stem/fluff is the standard repair, and Bitmessage later added a Dandelion-style stem.	Introduces Dandelion: transactions first travel a randomly chosen path (stem, anonymity phase) and are then diffused (fluff). Adversary: passive, graph-aware coalition of spy nodes (fraction p of the network) that follow the protocol, timestamp first receipt, and want to link a transaction to the originating IP; gives near-optimal precision bounds among schemes without extra encryption.
2017-wang-copsslite	2017			COPSS-lite: Lightweight ICN Based Pub/Sub for IoT Environments	graph/text/2017-wang-copsslite.txt	pdfs/2017-wang-copsslite.pdf		Information Centric Networking is a new networking paradigm that treats content as first class entity.
2017-wang-walkietalkie	2017	PB4-source-anonymity-spam	building_block	Walkie-Talkie: An Efficient Defense Against Passive Website Fingerprinting Attacks	graph/text/2017-wang-walkietalkie.txt	pdfs/2017-wang-walkietalkie.pdf	A concrete padding defence with measured overhead for a Tor-based transport.	Half-duplex burst molding defence with 31 percent bandwidth and 34 percent time overhead. Adversary: passive local observer with full website knowledge.
2017-zhang-subscription	2017			Subscription Covering for Relevance-Based Filtering in Content-Based Publish/Subscribe Systems	graph/text/2017-zhang-subscription.txt	pdfs/2017-zhang-subscription.pdf		Subscription covering for relevance-based filtering in content-based pub/sub
2017-zheng-rudimentary-model	2017	PB7-limits-theory-soks	limit_or_theory	A Rudimentary Model for Low-Latency Anonymous Communication Systems	graph/text/2017-zheng-rudimentary-model.txt	pdfs/2017-zheng-rudimentary-model.pdf	Early abstract model of the anonymity/communication trade-off.	Distributed OR model: several lower bounds on the anonymity leakage of deterministic OR algorithms, some showing a trade-off between anonymity and communication complexity; only a trivial, possibly tight bound for randomised OR when communication is ignored; link to open cases in secret sharing.
2018-aggarwal-quantum-bitcoin	2017	PB8-pq-anonymity	limit_or_theory	Quantum attacks on Bitcoin, and how to protect against them	graph/text/2018-aggarwal-quantum-bitcoin.txt	pdfs/2018-aggarwal-quantum-bitcoin.pdf	Directly applicable to Bitmessage's hashcash-style double-SHA-512 proof-of-work and its ECDSA keys.	Analyses both ECDSA breaks and Grover-based proof-of-work. For a superconducting machine (66.7 MHz gates, physical error 5e-4, difficulty 10^12) the effective hash rate is 13.8 GH/s using 4.4 million physical qubits, over 1000x slower than a 14 TH/s ASIC; scaling is about 0.04 s sqrt(D) so Grover does not parallelise like ASICs. The real exposure is ECDSA (secp256k1) key recovery from published public keys.
2018-almeida-deltastate	2018			Delta state replicated data types	graph/text/2018-almeida-deltastate.txt	pdfs/2018-almeida-deltastate.pdf		This work introduces Delta State Conflict-Free Replicated Data Types ( δ -CRDT) that can achieve the best of both operation-based and state-based CRDTs: small messages with an incremental nature, as in operation- based CR DTs, disseminated over unreliable...
2018-alwen-double-ratchet	2018	PB6-deployed-messengers	limit_or_theory	The Double Ratchet: Security Notions, Proofs, and Modularization for the Signal Protocol	graph/text/2018-alwen-double-ratchet.txt	pdfs/2018-alwen-double-ratchet.pdf	Gives the formal target for session security that Bitmessage's static-key encryption does not reach, and the CKA primitive reused in PQ ratchets.	Clean definition of secure messaging (forward security, post-compromise security, immediate decryption) and a modular generalised Signal protocol from continuous key agreement, forward-secure AEAD and a PRF-PRNG. Content/session security only.
2018-ando-practical-onion-routing	2018	PB7-limits-theory-soks	limit_or_theory	Practical and Provably Secure Onion Routing	graph/text/2018-ando-practical-onion-routing.txt	pdfs/2018-ando-practical-onion-routing.pdf	Gives provable anonymity at polylog overhead, in contrast with O(N) flooding.	First onion routing protocols provably anonymous (differential-privacy style) against network, passive and active adversaries with each party choosing its own paths. Active-adversary protocol: O(log^2 lambda) rounds and O(log^4 lambda) onions transmitted by every participant per round (lambda = security parameter). Introduces the checkpoint-onion technique and the mixing/equalizing analysis.
2018-angel-little-leakage	2018	PB7-limits-theory-soks	attack_or_audit	What's a Little Leakage Between Friends?	graph/text/2018-angel-little-leakage.txt	pdfs/2018-angel-little-leakage.pdf	Applies to any scheme where a contact can observe a user's activity bit; addresses the 'chan' / known-counterparty weakness in Bitmessage.	Compromised-friend attack on all metadata-private messaging systems of the time: a malicious friend learns whether a user is sending other messages, enabling intersection/disclosure attacks. Abstracted as the exclusive call-centre problem; no efficient computational-assumption solution found. Private answering machine constructed only under a bounded number of friends, accepting that bound as leakage.
2018-angel-sealpir	2018	PB2-metadata-private-systems	building_block	PIR with Compressed Queries and Amortized Query Processing (SealPIR)	graph/text/2018-angel-sealpir.txt	pdfs/2018-angel-sealpir.pdf	PIR building block that makes Pung-style mailboxes practical.	Cost model: queries up to 274x smaller than XPIR and 16.4x cheaper for the client, at 11 to 24 percent more server CPU; ported to Pung it cut network costs 36x and raised throughput 3x.
2018-anon-publishsubscribe	2018			Publish/Subscribe Protocol in Wireless Sensor Networks: Improved Reliability and Timeliness	graph/text/2018-anon-publishsubscribe.txt	pdfs/2018-anon-publishsubscribe.pdf		A mechanism that establishes different QoS levels, based on Publish/Subscribe model for wireless networks to meet application requirements, to provide reliable delivery of packet and timeliness to demonstrate that this proposal provides significant...
2018-arnautov-pubsubsgx	2018			PubSub-SGX: Exploiting Trusted Execution Environments for Privacy-Preserving Publish/Subscribe Systems	graph/text/2018-arnautov-pubsubsgx.txt	pdfs/2018-arnautov-pubsubsgx.pdf		This paper presents PUBSUB-SGX, a content-based publish-subscribe system that exploits trusted execution environments (TEEs), such as Intel SGX, to guarantee confidentiality and integrity of data as w
2018-benson-firedexprioritized	2018			FireDeX: a Prioritized IoT Data Exchange Middleware for Emergency Response	graph/text/2018-benson-firedexprioritized.txt	pdfs/2018-benson-firedexprioritized.pdf		Abstract not retrieved; included on title and venue (ACM/IFIP/USENIX Middleware conference).
2018-bhargavan-treekem	2018	PB5-sessions-groups-pq	system	TreeKEM: Asynchronous Decentralized Key Management for Large Dynamic Groups (A protocol proposal for Messaging Layer Security)	graph/text/2018-bhargavan-treekem.txt	pdfs/2018-bhargavan-treekem.pdf	Replaces Bitmessage's chan passphrase model with logarithmic-cost rekeying.	Original TreeKEM proposal: ratchet tree of DH/KEM keys giving O(log n) group key updates with forward secrecy and post-compromise security; claims asynchronous, decentralised membership operations with healing after each member's update.
2018-bindel-hybrid-kem-ake	2018	PB8-pq-anonymity	building_block	Hybrid Key Encapsulation Mechanisms and Authenticated Key Exchange	graph/text/2018-bindel-hybrid-kem-ake.txt	pdfs/2018-bindel-hybrid-kem-ake.pdf	Theory behind the hybrid wrappers used in post-quantum onion and mix formats.	Formalises hybrid KEMs (IND-CPA/CCA preservation by concatenating or XOR-ing component outputs, with caveats) and hybrid authenticated key exchange; the hybrid ciphertext is the concatenation of component ciphertexts, so sizes add.
2018-bip156-dandelion	2018	PB4-source-anonymity-spam	system	BIP 156: Dandelion - Privacy Enhancing Routing	graph/text/2018-bip156-dandelion.txt	pdfs/2018-bip156-dandelion.md	Shows what a deployed flooding network needs in order to add a stem phase (message type, embargo timer), a requirement Bitmessage-style object flooding would share.	Wire-level specification of Dandelion (stem and fluff phases, embargo timers, fail-safe). Adversary model is inherited from Dandelion: spy nodes that observe relay timing; the BIP was closed without being merged into Bitcoin Core.
2018-bitmessage-wiki-main-rce-notice	2018	PB1-bitmessage-heirs	attack_or_audit	Bitmessage Wiki main page: remote code execution notice for PyBitmessage 0.6.2	graph/text/2018-bitmessage-wiki-main-rce-notice.txt	pdfs/2018-bitmessage-wiki-main-rce-notice.md	Vendor notice that a malformed object processed by 0.6.2 could execute code on any receiving node, which is the cost of processing every message from every sender.	States that the exploit was seen in use, the fix is 0.6.3.2 and 0.6.1 is unaffected; also states the project had no security audit.
2018-bouloukakis-queueingnetwork	2018			Queueing Network Modeling Patterns for Reliable and Unreliable Publish/Subscribe Protocols	graph/text/2018-bouloukakis-queueingnetwork.txt	pdfs/2018-bouloukakis-queueingnetwork.pdf		Abstract not retrieved; included on title and venue (MobiQuitous 2018 - 15th EAI International Conference on Mobile and Ubiquitous Systems: Computing, Networking and Services).
2018-chase-seemless	2018	PB5-sessions-groups-pq	system	SEEMless: Secure End-to-End Encrypted Messaging with less trust	graph/text/2018-chase-seemless.txt	pdfs/2018-chase-seemless.pdf	none direct	Auditable key directory supporting key changes (device loss) with privacy: append-only audit of a verifiable-random-function-hidden directory by untrusted auditors; claims soundness of lookups, history verification and no new info leak beyond lookups; more efficient audits than CONIKS-style designs.
2018-chen-beaconvey	2018			BeaConvey: Co-Design of Overlay and Routing for Topic-based Publish/Subscribe on Small-World Networks	graph/text/2018-chen-beaconvey.txt	pdfs/2018-chen-beaconvey.pdf		Chen et al.: BeaConvey, co-design of overlay and routing for topic-based pub/sub.
2018-chen-taranet	2018	PB2-metadata-private-systems	system	TARANET: Traffic-Analysis Resistant Anonymity at the NETwork layer	graph/text/2018-chen-taranet.txt	pdfs/2018-chen-taranet.pdf	Network-layer traffic-analysis resistance: mixing during setup, then constant-rate transmission via packet splitting; contrasts with Bitmessage's application-layer flooding.	Cost model: prototype forwards anonymous traffic at over 50 Gbps on commodity hardware; mixing in setup phase, constant-rate shaping in data phase. Trust: end hosts and ASes coordinate; some compromised ASes tolerated.
2018-choochotkaew-self	2018			A Self-Organized Task Distribution Framework for Module-Based Event Stream Processing	graph/text/2018-choochotkaew-self.txt	pdfs/2018-choochotkaew-self.pdf		Self-organized task distribution for module-based event stream processing
2018-cohen-complexity-dichotomies	2018			Complexity Dichotomies for the Minimum $$\mathcal {F}$$-Overlay Problem	graph/text/2018-cohen-complexity-dichotomies.txt	pdfs/2018-cohen-complexity-dichotomies.pdf		Topic-connected overlay design: Complexity Dichotomies for the Minimum $$\mathcal {F}$$-Overlay Problem.
2018-cohen-complexity-dichotomies2	2018			Complexity dichotomies for the Minimum                     <mml:math xmlns:mml="http://www.w3.org/1998/Math/MathML" altimg="si1.gif" overflow="scroll">                       <mml:mi mathvariant="script">F</mml:mi>                     </mml:math>                     -Overlay problem	graph/text/2018-cohen-complexity-dichotomies2.txt	pdfs/2018-cohen-complexity-dichotomies2.pdf		Topic-connected overlay design: Complexity dichotomies for the Minimum <mml:math xmlns:mml="http://www.w3.org/1998/Math/MathML" altimg="si1.gif" overflow="scroll"> <mml:mi mathvariant="script">F</mml:mi> </mml:math> -Overlay problem.
2018-coroller-position	2018			Position paper: Towards End-to-end Privacy for Publish/Subscribe Architectures in the Internet of Things	graph/text/2018-coroller-position.txt	pdfs/2018-coroller-position.pdf		To complete our approach, we quickly survey existing encryption models that ensure data confidentiality in topic-based Publish/Subscribe systems and highlight the remaining obstacles to transpose them to content-based DEBS with an overlay of brokers.
2018-davidson-privacypass	2018	PB4-source-anonymity-spam	system	Privacy Pass: Bypassing Internet Challenges Anonymously	graph/text/2018-davidson-privacypass.txt	pdfs/2018-davidson-privacypass.pdf	Anonymous, unlinkable admission tokens for rate-limited access; a way to replace per-message proof of work with issued tokens.	VOPRF-based tokens: issue after one challenge, redeem later unlinkably to skip CAPTCHAs; includes batched DLEQ proofs. Adversary: malicious issuer or colluding issuer and edge that try to link redemption to issuance; attacker who tries to double-spend tokens.
2018-degabriele-untagging-tor	2018	PB7-limits-theory-soks	building_block	Untagging Tor: A Formal Treatment of Onion Encryption	graph/text/2018-degabriele-untagging-tor.txt	pdfs/2018-degabriele-untagging-tor.pdf	Formalises the integrity (anti-tagging) property that Bitmessage's static-key layering never attempts.	Formal security notions for multi-layer onion encryption (the Tor relay-cell setting) including resistance to tagging attacks, shows the deployed Tor design cannot meet them, and proposes a fix based on a tweakable wide-block cipher.
2018-demmler-pirpsi	2018	PB3-receiver-privacy	building_block	PIR-PSI: Scaling Private Contact Discovery	graph/text/2018-demmler-pirpsi.txt	pdfs/2018-demmler-pirpsi.pdf	Bitmessage avoids contact discovery by publishing everything, but any scheme that routes by address or tag must solve how a user learns the right address or slot without revealing their contacts.	Unbalanced PSI for a small client set against a huge user database, built from PIR and PSI techniques: a client with 1,024 contacts against 67 million users takes 1.36 s (multithreaded server) and 4.28 MiB of communication.
2018-durak-linear-ratcheting	2018	PB5-sessions-groups-pq	limit_or_theory	Bidirectional Asynchronous Ratcheted Key Agreement with Linear Complexity	graph/text/2018-durak-linear-ratcheting.txt	pdfs/2018-durak-linear-ratcheting.pdf	none direct	Defines bidirectional asynchronous ratcheted key agreement (BARK) with formal security notions and gives a scheme with O(n) complexity for n messages, using no key-update primitives and no random oracle (earlier bidirectional schemes needed heavy key-update primitives, random oracles and O(n^2) complexity); built from a cryptosystem, a signature scheme and a one-time signature; forward secrecy and post-compromise sec
2018-ethersphere-pss-readme	2018	PB1-bitmessage-heirs	system	Postal Services over Swarm (pss) README	graph/text/2018-ethersphere-pss-readme.txt	pdfs/2018-ethersphere-pss-readme.md	Messages routed towards a recipient overlay address with a prefix of chosen length; the neighbourhood, not the whole network, trial-decrypts. Successor to Whisper for Swarm.	Prefix length is the receiver-privacy knob: longer prefix means smaller anonymity set and less decryption work.
2018-fanti-dandelionpp	2018	PB4-source-anonymity-spam	system	Dandelion++: Lightweight Cryptocurrency Networking with Formal Anonymity Guarantees	graph/text/2018-fanti-dandelionpp.txt	pdfs/2018-fanti-dandelionpp.pdf	Reference design for hiding origin in a flooding network without encryption; the Bitmessage stem phase and most later P2P messengers that borrow it follow this construction.	Dandelion++ replaces per-hop line-graph construction with a 4-regular privacy graph, per-epoch routing and fail-safe timers. Adversary: colluding fraction p of nodes that may deviate from the protocol (drop, inject, collude on duplicates), knows the graph and observes first-receipt times; formal near-optimal precision/recall guarantees with a lightweight local rule.
2018-giacon-kem-combiners	2018	PB5-sessions-groups-pq	building_block	KEM Combiners	graph/text/2018-giacon-kem-combiners.txt	pdfs/2018-giacon-kem-combiners.pdf	Underpins mixing a post-quantum KEM with ECDH in a static key setup.	Introduces KEM combiners: black-box constructions that take any set of ingredient KEMs and yield a KEM that is CCA-secure as long as at least one ingredient is, built from hash functions and key-derivation; the theoretical basis for hybrid classical/post-quantum KEMs in messaging.
2018-gomes-qosaware	2018			QoS-Aware Resource Allocation for Mobile IoT Pub/Sub Systems	graph/text/2018-gomes-qosaware.txt	pdfs/2018-gomes-qosaware.pdf		Abstract not retrieved; included on title and venue (2018 International Conference on Internet of Things (ICIOT)).
2018-grigg-zip307-light-client	2018	PB1-bitmessage-heirs	system	ZIP 307: Light Client Protocol for Payment Detection	graph/text/2018-grigg-zip307-light-client.txt	pdfs/2018-grigg-zip307-light-client.md	Compact blocks give light clients the first bytes of each output ciphertext so they can trial-decrypt cheaply; states bandwidth 116 bytes per output and the trade-off of server-side filtering.	Created 2018-09-17, status Draft; original author George Tankersley, owners Grigg and Hopwood. Other slices hold copies (2018-zcash-zip307, 2020-zip307-light-client).
2018-gundogan-hopp	2018			HoPP: Robust and Resilient Publish-Subscribe for an Information-Centric Internet of Things	graph/text/2018-gundogan-hopp.txt	pdfs/2018-gundogan-hopp.pdf		This paper revisits NDN deployment in the IoT with a special focus on the interaction of sensors and actuators.
2018-hoang-i2p	2018	PB4-source-anonymity-spam	measurement	An Empirical Study of the I2P Anonymity Network and its Censorship Resistance	graph/text/2018-hoang-i2p.txt	pdfs/2018-hoang-i2p.pdf	I2P as an alternative transport; the netDb is enumerable so peer-selection obscurity does not hold.	Empirical measurement of I2P network size, churn, and censorship resistance with a block-list approach; shows I2P addresses can be enumerated. Adversary: censor or measurement operator that runs many I2P routers and crawls the netDb.
2018-hopwood-zcashprotocol	2018	PB3-receiver-privacy	system	Zcash Protocol Specification (Sapling and Orchard note encryption and viewing keys)		pdfs/2018-hopwood-zcashprotocol.pdf	Concrete deployed analogue of the problem: the per-output scan cost and the bandwidth/privacy compromise made by wallets that cannot afford to download and trial-decrypt everything.	Normative definition of note encryption: a wallet decrypts every output using its incoming viewing key (section 4.20.2 'Decryption using an Incoming Viewing Key'), with ECDH key agreement, a KDF and ChaCha20-Poly1305 per output; diversified addresses let one key serve many unlinkable addresses; no outsourced detection primitive in the base protocol.
2018-jaeger-optimal-channel	2018	PB5-sessions-groups-pq	limit_or_theory	Optimal Channel Security Against Fine-Grained State Compromise: The Safety of Messaging	graph/text/2018-jaeger-optimal-channel.txt	pdfs/2018-jaeger-optimal-channel.pdf	Provides the upper bound against which static-key and ratchet designs can be compared.	Defines the best possible security of a bidirectional channel against repeated fine-grained state compromise and gives a proven-secure construction (with updatable public-key encryption and signatures) that is strictly stronger than the Double Ratchet; showing that the Double Ratchet is not optimal and at what cost optimal security can be had.
2018-johnsen-publishsubscribe	2018			Using Publish/Subscribe for Short-lived IoT Data	graph/text/2018-johnsen-publishsubscribe.txt	pdfs/2018-johnsen-publishsubscribe.pdf		The goal is to identify the/those publish/subscribe proto-col(s) that are best suited for loT data and the metric is end-to-end delay and the recommended approach is the solution that yields the lowest delay under the test conditions.
2018-jost-efficient-ratcheting	2018	PB5-sessions-groups-pq	limit_or_theory	Efficient Ratcheting: Almost-Optimal Guarantees for Secure Messaging	graph/text/2018-jost-efficient-ratcheting.txt	pdfs/2018-jost-efficient-ratcheting.pdf	Quantifies the efficiency of stronger-than-Signal session security, relevant to the per-message bandwidth cost of any flooded network.	Almost-optimal security notion for secure messaging that tolerates exposure of secret state and local randomness (forward secrecy, backward secrecy / healing, immediate decryption), with constructions far more efficient than the optimal-security constructions of Jaeger-Stepanovs and Poettering-Rosler (which pay an extreme efficiency loss compared with Signal) while closing most of the gap to Signal's guarantees.
2018-kappos-zcash-anonymity	2018	PB6-deployed-messengers	measurement	An Empirical Analysis of Anonymity in Zcash	graph/text/2018-kappos-zcash-anonymity.txt	pdfs/2018-kappos-zcash-anonymity.pdf	Empirical limit on public-ledger sender/recipient hiding; analogous to timing correlation of Bitmessage objects at ingress and egress.	Measurement of how Zcash's anonymity set is eroded in practice: most value moves through transparent addresses; heuristics link shielded deposits and withdrawals. Shows ledger-level hiding depends on user behaviour and on timing/value correlations at the shield/unshield boundary.
2018-khazaei-treebased	2018			Efficient tree-based content-based routing schemes	graph/text/2018-khazaei-treebased.txt	pdfs/2018-khazaei-treebased.pdf		This thesis is about routing and forwarding for inherently multicast communication such as the communication typical of information-centric networks.
2018-kurihara-ndnreplicating	2018			Replicating a rendezvous node for a core-based tree multicast protocol in NDN networks for providing low latency	graph/text/2018-kurihara-ndnreplicating.txt	pdfs/2018-kurihara-ndnreplicating.pdf		This paper designs a low latency publish/subscribe mechanism by leveraging name-based communication like Named Data Networking for low latency multicasting communication of location-based services for Internet of Things devices.
2018-lazar-karaoke	2018	PB2-metadata-private-systems	system	Karaoke: Distributed Private Messaging Immune to Passive Traffic Analysis	graph/text/2018-lazar-karaoke.txt	pdfs/2018-lazar-karaoke.pdf	Mix-based answer to Bitmessage's source-timing and flooding weaknesses: layered encryption and cover traffic instead of broadcasting every object to every node.	Cost model: latency 6.8 s for 2 million users with 100 servers, 5 to 10x better than Vuvuzela and Stadium; noise reduced by revealing leakage to clients only in the rare event (optimistic indistinguishability); Bloom filters check that noise is not discarded. Trust: differential privacy with a fraction of servers honest.
2018-lewis-cwtch	2018	PB6-deployed-messengers	system	Cwtch: Privacy Preserving Infrastructure for Asynchronous, Decentralized, Multi-Party and Metadata Resistant Applications	graph/text/2018-lewis-cwtch.txt	pdfs/2018-lewis-cwtch.pdf	Closest analogue to Bitmessage chans: group fetch of all group messages from an untrusted server, but scoped to a small group and routed over Tor, not network-wide.	Extends Ricochet with offline delivery and groups via untrusted, discardable Cwtch servers that relay group messages over Tor v3 onion services. Hides: IP of each party (Tor), content (E2EE), contact relationships from servers (servers see only group traffic; every member fetches all group messages). Leaks: group membership is not hidden from servers; all group members download all group messages (flood within group)
2018-ling-lattice-group-sig	2018	PB8-pq-anonymity	building_block	Lattice-Based Group Signatures: Achieving Full Dynamicity (and Deniability) with Ease	graph/text/2018-ling-lattice-group-sig.txt	pdfs/2018-ling-lattice-group-sig.pdf	Group signature route to anonymous-but-accountable posting, post-quantum.	Fully dynamic lattice group signature (join and revoke) with a simple design; sizes are in the hundreds of KB per signature (impractical to attach per message).
2018-liu-keyinsulatedstealth	2018	PB3-receiver-privacy	building_block	Key-Insulated and Privacy-Preserving Signature Scheme with Publicly Derived Public Key	graph/text/2018-liu-keyinsulatedstealth.txt	pdfs/2018-liu-keyinsulatedstealth.pdf	Bitmessage addresses are static and the public key is looked up by everyone; stealth/one-time addresses give per-message recipient keys, at the cost that the recipient must scan (an ECDH per candidate) unless a tag or detection key short-cu	Fixes the master-key-collapse weakness of deterministic wallets and stealth addresses: compromise of one derived key must not expose the master key. Introduces PDPKS with publicly derived public keys and a standard-model/ROM construction.
2018-lund-sealedsender	2018	PB5-sessions-groups-pq	system	Technology preview: Sealed sender for Signal	graph/text/2018-lund-sealedsender.txt	pdfs/2018-lund-sealedsender.md	Bitmessage hides the recipient by flooding; sealed sender hides the sender but exposes the recipient to the server, the opposite split. Delivery tokens are the analogue of Bitmessage's proof-of-work admission.	Hides the sender identity from the Signal server by putting it inside the end-to-end encrypted envelope; the server still sees the recipient and IP address, and abuse is limited by an unidentified-access delivery token derived from the recipient's profile key; claims sender-identity metadata protection only, not recipient or network-level anonymity.
2018-mani-tor-usage-privacy-preserving	2018	PB7-limits-theory-soks	measurement	Understanding Tor Usage with Privacy-Preserving Measurement	graph/text/2018-mani-tor-usage-privacy-preserving.txt	pdfs/2018-mani-tor-usage-privacy-preserving.pdf	Empirical anonymity-set and behaviour data that shape any 'k users' ambiguity claim.	Privacy-preserving (PrivCount-based) measurement of Tor usage: shares of traffic by application and destination popularity, onion-service use, and sizes of user populations; shows that Tor user behaviour is less uniform than commonly modelled.
2018-marcus-ethereumeclipse	2018	PB4-source-anonymity-spam	attack_or_audit	Low-Resource Eclipse Attacks on Ethereum's Peer-to-Peer Network	graph/text/2018-marcus-ethereumeclipse.txt	pdfs/2018-marcus-ethereumeclipse.pdf	Kademlia-style discovery with free identities is cheap to eclipse; matters for any DHT-assisted peer finding for a flooding messenger.	Eclipse attacks on Ethereum Geth nodes using two hosts, exploiting node ID generation, the discovery table and connection-slot rules; countermeasures merged in Geth. Adversary: attacker with a small number of IP addresses (one to two hosts) and the ability to generate arbitrary node IDs.
2018-meiklejohn-partisan	2018			Partisan: Enabling Cloud-Scale Erlang Applications	graph/text/2018-meiklejohn-partisan.txt	pdfs/2018-meiklejohn-partisan.pdf		In this work, we present an alternative distribution layer for Erlang, named Partisan.
2018-meiser-tight-on-budget	2018	PB7-limits-theory-soks	limit_or_theory	Tight on Budget? Tight Bounds for r-Fold Approximate Differential Privacy	graph/text/2018-meiser-tight-on-budget.txt	pdfs/2018-meiser-tight-on-budget.pdf	Sharper accounting than the Vuvuzela/Stadium composition theorem for the number of rounds a user can safely send.	Privacy buckets: numerical method computing provable upper and lower bounds on the (eps, delta) of r-fold composition of a mechanism by tracking the privacy-loss distribution. Lower bounds almost meet upper bounds, so no significantly tighter accounting exists for the tested mechanisms; matches the KOV composition theorem for the Laplace mechanism and improves over KOV, concentrated DP and the moments accountant for 
2018-moraes-publishsubscribe	2018			A Publish/Subscribe QoS-aware Framework for Massive IoT Traffic Orchestration	graph/text/2018-moraes-publishsubscribe.txt	pdfs/2018-moraes-publishsubscribe.pdf		Abstract not retrieved; included on title and venue (6th International Workshop on ADVANCEs in ICT Infrastructures and Services - ADVANCE 2018).
2018-mp3-privatepresence	2018	PB3-receiver-privacy	system	MP3: A More Efficient Private Presence Protocol	graph/text/2018-mp3-privatepresence.txt	pdfs/2018-mp3-privatepresence.pdf	Cuts the bandwidth of private rendezvous lookups, relevant to cost of any contact-aware recipient discovery.	Smaller presence database than DP5: about two-thirds of DP5's bandwidth at 200,000 users and about one-half at 1,000,000 users (savings grow with N), with client-facing latency about an order of magnitude lower.
2018-msc1442-state-resolution	2018	PB6-deployed-messengers	building_block	MSC1442: State Resolution: Reloaded	graph/text/2018-msc1442-state-resolution.txt	pdfs/2018-msc1442-state-resolution.md	none direct (consistency in federated rooms; Bitmessage has no ordering or access control)	Proposal defining state resolution v2 for Matrix rooms, aimed at mitigating known state-reset attacks in a federated event DAG.
2018-msc1756-cross-signing	2018	PB6-deployed-messengers	building_block	MSC1756: Cross-signing devices with device signing keys	graph/text/2018-msc1756-cross-signing.txt	pdfs/2018-msc1756-cross-signing.md	Multi-device authentication that Bitmessage (one key per address) does not address.	Cross-signing hierarchy so users verify one identity rather than each device key; central to the key-verification attacks in Albrecht et al.
2018-nasr-deepcorr	2018	PB4-source-anonymity-spam	attack_or_audit	DeepCorr: Strong Flow Correlation Attacks on Tor Using Deep Learning	graph/text/2018-nasr-deepcorr.txt	pdfs/2018-nasr-deepcorr.pdf	Tor does not defeat end-to-end correlation by a passive observer at both ends; a flood-and-trial-decrypt design must rely on cover traffic rather than the transport.	Deep-learning flow correlation correlates ingress and egress Tor flows far more accurately than statistical methods, with lower false-positive rates. Adversary: passive observer at both ends of a Tor circuit with only packet timing and size.
2018-naumenko-erlay	2019	PB4-source-anonymity-spam	system	Bandwidth-Efficient Transaction Relay for Bitcoin (Erlay)	graph/text/2018-naumenko-erlay.txt	pdfs/2018-naumenko-erlay.pdf	Concrete bandwidth limit of announce-everything flooding and a reconciliation fix, the cost side of the Bitmessage download-everything design.	Replaces most announcement flooding with set reconciliation, cutting announcement bandwidth by about 40 percent at the cost of some latency. Adversary: none (efficiency); notes that reconciliation changes which timing signals a spy can use, relevant to source-anonymity analyses.
2018-nguyen-publishsubscribe	2018			Publish-Subscribe Framework for Event Management in IoT-based Applications	graph/text/2018-nguyen-publishsubscribe.txt	pdfs/2018-nguyen-publishsubscribe.pdf		The incredible growth of sensors and microcontroller units makes the task of real-time event monitoring in the Internet of Things (IoT) based applications easier and more practical.
2018-nvd-cve-2018-1000070-pybitmessage	2018	PB1-bitmessage-heirs	attack_or_audit	CVE-2018-1000070 and CVE-2021-26917: PyBitmessage vulnerability records (NVD)	graph/text/2018-nvd-cve-2018-1000070-pybitmessage.txt	pdfs/2018-nvd-cve-2018-1000070-pybitmessage.md	Eval injection in constructObject (src/messagetypes/__init__.py) reachable by any sender because every node decodes every msg object; CVE-2021-26917 is a minor apinotifypath issue.	CVSS 3.0 8.8 for the first record, fixed in 0.6.3 (commit 3a8016d). Record text assembled from the NVD JSON API; see also OSV entry.
2018-park-mqttmulticast	2018			DM-MQTT: An Efficient MQTT Based on SDN Multicast for Massive IoT Communications	graph/text/2018-park-mqttmulticast.txt	pdfs/2018-park-mqttmulticast.pdf		The proposed MQTT reduces data transfer delays by establishing bidirectional SDN (Software Defined Networking) multicast trees between the publishers and the subscribers by means of bypassing the centralized broker to minimize data transfer delay and...
2018-poettering-asynchronous-rke	2018	PB5-sessions-groups-pq	limit_or_theory	Asynchronous ratcheted key exchange	graph/text/2018-poettering-asynchronous-rke.txt	pdfs/2018-poettering-asynchronous-rke.pdf	Shows the primitive-level cost (key-updatable KEMs) of strong asynchronous session security.	Develops strong security definitions for ratcheted key exchange (RKE), both unidirectional and where both parties contribute, with full state exposure of either party (the earlier Bellare et al. model was restricted to unidirectional communication and exposure of one party); shows that optimal security needs key-updatable cryptographic primitives and builds the protocol from a key-updatable KEM (itself obtained from 
2018-ramachandran-trinity	2018			Trinity: A Distributed Publish/Subscribe Broker with Blockchain-based Immutability	graph/text/2018-ramachandran-trinity.txt	pdfs/2018-ramachandran-trinity.pdf		Replicated broker cluster running BFT consensus with a blockchain log of published messages; published version 2019.
2018-recabarren-tithonus	2018			Tithonus: A Bitcoin Based Censorship Resilient System	graph/text/2018-recabarren-tithonus.txt	pdfs/2018-recabarren-tithonus.pdf		In this paper we introduce Tithonus, a framework that builds on the Bitcoin blockchain and network to provide censorship-resistant communication mechanisms.
2018-rimmer-automatedwf	2018	PB4-source-anonymity-spam	attack_or_audit	Automated Website Fingerprinting through Deep Learning	graph/text/2018-rimmer-automatedwf.txt	pdfs/2018-rimmer-automatedwf.pdf	Traffic analysis as a trained classifier; no handcrafted features needed.	Deep learning removes manual feature engineering for website fingerprinting; evaluated closed world and open world on Tor. Adversary: passive local observer.
2018-saadeh-ppustman	2018			PPUSTMAN: Privacy-Aware PUblish/Subscribe IoT MVC Architecture Using Information Centric Networking	graph/text/2018-saadeh-ppustman.txt	pdfs/2018-saadeh-ppustman.pdf		IoT applications have been evolved in relation to every aspect of human life.
2018-sattath-quantum-bitcoin-mining	2018	PB8-pq-anonymity	limit_or_theory	On the insecurity of quantum Bitcoin mining	graph/text/2018-sattath-quantum-bitcoin-mining.txt	pdfs/2018-sattath-quantum-bitcoin-mining.pdf	Limits of proof-of-work as an admission mechanism once quantum hardware exists.	Argues that quantum mining speedups (including Grover) can destabilise proof-of-work consensus: a quantum miner's sub-linear scaling still leads to forks and incentives breaking down under sustained quantum advantage.
2018-shen-techniques	2018			Techniques for building a scalable and reliable distributed content-based publish/subscribe system	graph/text/2018-shen-techniques.txt	pdfs/2018-shen-techniques.pdf		Abstract not retrieved; classified from the title as core work on thesis, content-based routing, reliability/fault tolerance.
2018-shi-scalable	2018			Towards Scalable Subscription Aggregation and Real Time Event Matching in a Large-Scale Content-Based Network	graph/text/2018-shi-scalable.txt	pdfs/2018-shi-scalable.pdf		Scalable subscription aggregation and real-time event matching in a large-scale content-based network
2018-shirazi-survey-routing-anon	2016	PB7-limits-theory-soks	sok_or_survey	A Survey on Routing in Anonymous Communication Protocols	graph/text/2018-shirazi-survey-routing-anon.txt	pdfs/2018-shirazi-survey-routing-anon.pdf	Places broadcast/flooding (no routing) at one extreme of the routing taxonomy.	Classifies anonymous communication protocols by routing: unstructured vs structured, with path selection, topology and relay-discovery as dimensions; compares security properties (anonymity, censorship resistance) and performance; open problems.
2018-sirinam-deepfingerprinting	2018	PB4-source-anonymity-spam	attack_or_audit	Deep Fingerprinting: Undermining Website Fingerprinting Defenses with Deep Learning	graph/text/2018-sirinam-deepfingerprinting.txt	pdfs/2018-sirinam-deepfingerprinting.pdf	Light-weight padding defences are broken by deep learning; guidance for cover traffic in messengers.	Deep CNN fingerprinting reaches above 98 percent accuracy against undefended Tor and defeats WTF-PAD; partly defeats Walkie-Talkie. Adversary: passive local observer with large training set.
2018-status-whisper-mailserver-spec	2018	PB1-bitmessage-heirs	system	Status 4/WHISPER-MAILSERVER	graph/text/2018-status-whisper-mailserver-spec.txt	pdfs/2018-status-whisper-mailserver-spec.md	Mail servers that store Whisper envelopes for offline devices and replay them on request; the usual fix for the two-day expiry of flooded messages, at the cost of a trusted store that learns topics and request times.	Year approximate.
2018-status-whisper-usage-spec	2018	PB1-bitmessage-heirs	system	Status 3/WHISPER-USAGE (v0.3)	graph/text/2018-status-whisper-usage-spec.txt	pdfs/2018-status-whisper-usage-spec.md	How Status uses Whisper: topic derivation, partitioned public topics, per-chat symmetric keys, PoW and Bloom-filter settings; shows the practical receiver-privacy cost (nodes learn topic interest).	Year approximate: spec numbered 3 in the Status stable set, v0.3.
2018-tor-proposal-269-hybrid-handshake	2016	PB8-pq-anonymity	building_block	Tor proposal 269: Transitionally secure hybrid handshakes	graph/text/2018-tor-proposal-269-hybrid-handshake.txt	pdfs/2018-tor-proposal-269-hybrid-handshake.md	The reference design for retrofitting a post-quantum KEM into an anonymity network handshake.	Generic hybrid ntor replacement: client sends ID, KEYID, DH share X and KEM public key EPK; server returns Y, KEM ciphertext C and an authentication tag, with the shared secret a KDF of both. Parameter-generic (KEM_PK_LEN, KEM_C_LEN), so ML-KEM-768 (1184 B key, 1088 B ciphertext) or sntrup761 (1158 B key, 1039 B ciphertext, as commonly cited) fit once cells are widened or fragmented (see 340).
2018-tor-vanguards-spec	2018	PB4-source-anonymity-spam	building_block	Tor Vanguards Specification	graph/text/2018-tor-vanguards-spec.txt	pdfs/2018-tor-vanguards-spec.md	Reference description of Tor vanguards.	Current normative text of vanguards motivation and parameters. Adversary: guard-discovery attacker; compromised guard through coercion or Netflow purchase.
2018-unger-deniable	2018	PB5-sessions-groups-pq	building_block	Improved Strongly Deniable Authenticated Key Exchanges for Secure Messaging	graph/text/2018-unger-deniable.txt	pdfs/2018-unger-deniable.pdf	Bitmessage messages are signed by the sender and therefore non-repudiable; deniable AKE is the alternative.	Constructs deniable AKEs (Spawn, Spawn-Dual, Spawn-Dual-Quick) that give strong deniability (even against an online judge) with forward secrecy and KCI resistance, usable as OTR/Signal-like handshakes; includes comparison of deniability notions.
2018-win-lost-data	2018			A Lost Data Recovery Scheme for Sensor Data Stream Multicasting	graph/text/2018-win-lost-data.txt	pdfs/2018-win-lost-data.pdf		A Lost Data Recovery Scheme for Sensor Data Stream Multicasting.
2018-wust-zlite	2018	PB3-receiver-privacy	system	ZLiTE: Lightweight Clients for Shielded Zcash Transactions using Trusted Execution	graph/text/2018-wust-zlite.txt	pdfs/2018-wust-zlite.pdf	TEE-assisted outsourcing of exactly Bitmessage's trial decryption, the same trust assumption that private signaling with SGX makes.	States the problem plainly: to receive a Zerocash payment the recipient must scan the whole chain testing each transaction, impractical on mobile. ZLiTE lets a server with a TEE do the scan for a light client, with side-channel-hardened processing and a bandwidth-efficient way to keep spend witnesses fresh. Trust shifts to the TEE vendor; no number recorded here.
2018-zheng-publishing-subscription	2018			A Publishing/Subscription System Based on the Hybrid Two-Layer Topology	graph/text/2018-zheng-publishing-subscription.txt	pdfs/2018-zheng-publishing-subscription.pdf		A Publishing/Subscription System Based on the Hybrid Two-Layer Topology.
2018-zip302-memo-format	2017	PB6-deployed-messengers	building_block	ZIP 302: Standardized Memo Field Format	graph/text/2018-zip302-memo-format.txt	pdfs/2018-zip302-memo-format.md	On-chain private messaging with ledger fees as anti-spam.	Defines how the 512-byte memo carries UTF-8 text, binary, or empty content so wallets can use shielded transactions as an encrypted message channel. Content and the sender-recipient link are hidden; each message costs a transaction fee.
2019-aguiar-lessonslearned	2019			Lessons learned and challenges on benchmarking publish-subscribe IoT platforms	graph/text/2019-aguiar-lessonslearned.txt	pdfs/2019-aguiar-lessonslearned.pdf		This paper reflects on the previous work on benchmarking publish-subscribe IoT platforms as a middleware for IoT applications, reporting lessons learned and identifying challenges, thus contributing to the discussion on open topics and relevant downstream...
2019-ali-pircommcomp	2019	PB3-receiver-privacy	measurement	Communication-Computation Trade-offs in PIR	graph/text/2019-ali-pircommcomp.txt	pdfs/2019-ali-pircommcomp.pdf	Replaces broadcast-and-trial-decrypt with indexed private retrieval: the recipient fetches only its slots and the server learns nothing about which; works only if the recipient can compute or look up the slot (a rendezvous or mailbox index)	Systematises single-server PIR designs and measures communication versus computation trade-offs across parameter regimes with implementations; a reference for choosing a PIR for a mailbox workload.
2019-alwen-tainted-treekem	2019	PB5-sessions-groups-pq	limit_or_theory	Keep the Dirt: Tainted TreeKEM, Adaptively and Actively Secure Continuous Group Key Agreement	graph/text/2019-alwen-tainted-treekem.txt	pdfs/2019-alwen-tainted-treekem.pdf	none direct	Tainted TreeKEM (TTKEM): a TreeKEM variant more efficient than TreeKEM on natural group-operation distributions (shown by simulation), with two security proofs establishing post-compromise and forward secrecy even against adaptive, active attackers with a security loss quantified in group size and number of operations.
2019-ando-complexity	2019	PB4-source-anonymity-spam	limit_or_theory	On the Complexity of Anonymous Communication Through Public Networks	graph/text/2019-ando-complexity.txt	pdfs/2019-ando-complexity.pdf	Lower bounds that contextualise the Bitmessage bandwidth cost of broadcast.	Lower bounds on communication needed for anonymous communication through public networks against an adversary that sees all traffic and compromises a fraction of nodes. Adversary: global passive observer plus corrupted nodes.
2019-araujo-communication-causal	2019			A communication-efficient causal broadcast publish/subscribe system	graph/text/2019-araujo-communication-causal.txt	pdfs/2019-araujo-communication-causal.pdf		de Araujo PhD thesis: communication-efficient causal-broadcast pub/sub (Inria/HAL).
2019-banno-interworking-layer	2019			Interworking Layer of Distributed MQTT Brokers	graph/text/2019-banno-interworking-layer.txt	pdfs/2019-banno-interworking-layer.pdf		Interworking Layer of Distributed MQTT Brokers.
2019-bernstein-sphincsplus	2019	PB8-pq-anonymity	building_block	The SPHINCS+ Signature Framework	graph/text/2019-bernstein-sphincsplus.txt	pdfs/2019-bernstein-sphincsplus.pdf	Conservative signature option with a tiny key but unaffordable per-object size.	Stateless hash-based signature framework (basis of SLH-DSA): signatures 8-50 KB depending on parameters, public keys 32-64 B; security only from hash function properties (Grover-sensitive only quadratically).
2019-bhargavan-mls-formal	2019	PB5-sessions-groups-pq	attack_or_audit	Formal Models and Verified Protocols for Group Messaging: Attacks and Proofs for IETF MLS	graph/text/2019-bhargavan-mls-formal.txt	pdfs/2019-bhargavan-mls-formal.pdf	Group-state authentication is the property Bitmessage chans have by construction only through a shared secret; MLS must prove it for dynamic membership.	Formal framework in F* comparing candidate MLS protocols up to draft 7; executable specification and symbolic proof of TreeKEM_B (draft-7 group key establishment) handling unbounded groups and fine-grained compromise; finds new attacks and proposes verified fixes adopted into MLS; first mechanically checked proof for MLS.
2019-bhat-varcnn	2019	PB4-source-anonymity-spam	attack_or_audit	Var-CNN: A Data-Efficient Website Fingerprinting Attack Based on Deep Learning	graph/text/2019-bhat-varcnn.txt	pdfs/2019-bhat-varcnn.pdf	Fingerprinting works with little training data; messenger padding must assume it.	Variable-input CNN fingerprinting that works with small training sets and combines timing and direction. Adversary: passive local observer with limited training data.
2019-brendel-pq-x3dh	2019	PB5-sessions-groups-pq	building_block	Towards Post-Quantum Security for Signal's X3DH Handshake	graph/text/2019-brendel-pq-x3dh.txt	pdfs/2019-brendel-pq-x3dh.pdf	Argues that long-lived static recipient keys (as in Bitmessage addresses) are the hardest case for post-quantum migration because lattice KEMs tolerate key reuse only with CCA security.	Introduces split KEMs, which translate the key reusability of a DH-based protocol to a KEM-based flow, and lifts Signal's X3DH handshake to the post-quantum KEM setting without additional message flows; gives security notions for split KEMs and shows most post-quantum KEMs (lattice, isogeny) are not secure under key reuse, which is why a plain KEM drop-in for DH fails.
2019-briar-bhp	2019	PB6-deployed-messengers	building_block	Bramble Handshake Protocol (BHP), version 0.1	graph/text/2019-briar-bhp.txt	pdfs/2019-briar-bhp.md	Adds an ephemeral-key upgrade to a static-key bootstrap, one step beyond Bitmessage's fixed keys.	Key agreement for delay-tolerant networks between peers who exchanged long-term public keys, producing ephemeral shared secret to upgrade BTP; handshake mode itself lacks forward secrecy.
2019-briar-brp	2019	PB6-deployed-messengers	building_block	Bramble Rendezvous Protocol (BRP), version 0	graph/text/2019-briar-brp.txt	pdfs/2019-briar-brp.md	Derived rendezvous points replace trial-decrypting a global broadcast to find one's messages.	Peers derive pseudo-random contact points (e.g. onion addresses) from shared keys, so no addresses need exchanging in advance. Hides: which pair is connecting, from outsiders without the shared key.
2019-bromberg-multisource-rumor	2019			Multisource Rumor Spreading with Network Coding	graph/text/2019-bromberg-multisource-rumor.txt	pdfs/2019-bromberg-multisource-rumor.pdf		Network-coded gossip for many simultaneous sources; background for RLNC-based gossip such as OptimumP2P.
2019-bu-hyperpubsub	2019			HyperPubSub: Blockchain based Publish/Subscribe	graph/text/2019-bu-hyperpubsub.txt	pdfs/2019-bu-hyperpubsub.pdf		Pub/sub service on Hyperledger Fabric where topics, subscriptions and notifications are chaincode state.
2019-burgel-hopr	2019	PB2-metadata-private-systems	system	HOPR - a Decentralized and Metadata-Private Messaging Protocol with Incentives	graph/text/2019-burgel-hopr.txt	pdfs/2019-burgel-hopr.pdf	Incentivised decentralised relay network with payment-channel proof-of-relay; the economic answer to Bitmessage's PoW-only admission, with metadata privacy from relayed packets rather than flooding.	Cost model: probabilistic micropayments and proof of relay pay each relay; cost scales with relay hops and cover traffic; the whitepaper has no user-capacity measurements (Piotrowska's simulator paper evaluates HOPR). Trust: no trusted relays; blockchain settlement. Date from the cover page; later revisions exist.
2019-campion-multidevice-signal	2019	PB5-sessions-groups-pq	system	Multi-Device for Signal	graph/text/2019-campion-multidevice-signal.txt	pdfs/2019-campion-multidevice-signal.pdf	Bitmessage identities are tied to one key set; multi-device needs this style of per-user device management.	Multi-device extension of Signal with a formal security model: Sesame was not designed as a specific multi-device solution and has no security model; the paper defines multi-device secure instant messaging security and builds a protocol on the Double Ratchet that exploits the particular properties of the multi-device setting (all devices belong to one user) rather than a generic group key exchange.
2019-chase-signal-private-groups	2019	PB6-deployed-messengers	building_block	The Signal Private Group System and Anonymous Credentials Supporting Efficient Verifiable Encryption	graph/text/2019-chase-signal-private-groups.txt	pdfs/2019-chase-signal-private-groups.pdf	Anonymous credentials for membership are the structured replacement for Bitmessage's shared-passphrase chans, with revocation and no server knowledge of the member list.	Group membership kept as encrypted entries on a central server; members authenticate with keyed-verification anonymous credentials, so group membership is visible to members but hidden from the service provider and outsiders. Hides group membership from the server; message delivery metadata still goes through the server.
2019-corrigangibbs-sublinear-pir	2019	PB7-limits-theory-soks	building_block	Private Information Retrieval with Sublinear Online Time	graph/text/2019-corrigangibbs-sublinear-pir.txt	pdfs/2019-corrigangibbs-sublinear-pir.pdf	Compression of the 'download all' cost used by PIR-based replacements of flooding.	Offline/online PIR with sublinear online server time and no extra server storage. Lower bound (Thm 23): for a computationally secure offline/online PIR scheme where the client downloads C bits offline and the server stores the database in original form and probes T bits online, C * T >= Omega-tilde(n) (n = database bits). Shows the two-server and FHE-based single-server schemes are optimal up to logarithmic factors i
2019-delgadosegura-txprobe	2018	PB4-source-anonymity-spam	attack_or_audit	TxProbe: Discovering Bitcoin's Network Topology Using Orphan Transactions	graph/text/2019-delgadosegura-txprobe.txt	pdfs/2019-delgadosegura-txprobe.pdf	Topology hidden by design can be recovered by probing; flooding networks that rely on topology obscurity for privacy lose it.	Reconstructs the Bitcoin network topology with precision and recall above 90 percent on testnet using orphan transactions. Adversary: active measurement node injecting crafted transactions; topology knowledge helps targeted eclipse and deanonymisation.
2019-doku-zephyr	2019	PB2-metadata-private-systems	system	Zephyr: Hiding Metadata in a Messaging System	graph/text/2019-doku-zephyr.txt	pdfs/2019-doku-zephyr.pdf	Mix-based answer to Bitmessage's source-timing and flooding weaknesses: layered encryption and cover traffic instead of broadcasting every object to every node.	Cost model: small mixnet messaging proposal (high-school preprint); no scale numbers. Included for completeness only.
2019-erturk-anonymous-stochastic-routing	2019	PB1-bitmessage-heirs	limit_or_theory	Anonymous Stochastic Routing	graph/text/2019-erturk-anonymous-stochastic-routing.txt	pdfs/2019-erturk-anonymous-stochastic-routing.pdf	Models recipient-anonymous routing and proves the anonymity-versus-delay trade-off; cites Bitmessage-style uniform flooding as the baseline that its routing policies beat.	Closest theory source on the cost of flooding for recipient anonymity.
2019-farkhondeh-private	2019			A Private and Unlinkable Message Exchange Using a Public bulletin board in Opportunistic Networks	graph/text/2019-farkhondeh-private.txt	pdfs/2019-farkhondeh-private.pdf		We plan to simulate a private and unlinkable exchange of messages by using a Public bulletin board and Mix networks in Opportunistic networks.
2019-gidney-ekera-rsa	2019	PB8-pq-anonymity	limit_or_theory	How to factor 2048 bit RSA integers in 8 hours using 20 million noisy qubits	graph/text/2019-gidney-ekera-rsa.txt	pdfs/2019-gidney-ekera-rsa.pdf	Timeline input for long-term confidentiality of recorded static-key ciphertexts.	Resource estimate: RSA-2048 in 8 hours with 20 million noisy physical qubits (surface code, 10^-3 error). Baseline estimate for the arrival of public-key-breaking machines.
2019-henningsen-falsefriends	2019	PB4-source-anonymity-spam	attack_or_audit	Eclipsing Ethereum Peers with False Friends	graph/text/2019-henningsen-falsefriends.txt	pdfs/2019-henningsen-falsefriends.pdf	Discovery-layer eclipse that bypasses connection-level hardening; relevant to peer-exchange in flooding messengers.	False-friends eclipse on Geth by exploiting Kademlia-inspired discovery; two hosts in distinct /24 subnets suffice against long-running remote victims; discusses countermeasures. Adversary: remote attacker with two hosts, no prior position, patient (long-running victim).
2019-huang-quantifying	2019			Quantifying Differential Privacy of Gossip Protocols in General Networks	graph/text/2019-huang-quantifying.txt	pdfs/2019-huang-quantifying.pdf		In this work, we generalize the study of quantifying the differential privacy guarantees of gossip protocols.
2019-includesecurity-deltachat-review	2019	PB6-deployed-messengers	attack_or_audit	Security Assessment of DeltaChat's RPGP and RustCrypto RSA Libraries (Open Tech Fund)	graph/text/2019-includesecurity-deltachat-review.txt	pdfs/2019-includesecurity-deltachat-review.pdf	none direct (implementation audit of an email-based messenger)	Library-level audit of rPGP and RustCrypto RSA used by Delta Chat for OpenPGP; implementation flaws, not protocol metadata. Draft report as published.
2019-jacob-matrix-glimpse	2019	PB6-deployed-messengers	measurement	A Glimpse of the Matrix (Extended Version): Scalability Issues of a New Message-Oriented Data Synchronization Middleware	graph/text/2019-jacob-matrix-glimpse.txt	pdfs/2019-jacob-matrix-glimpse.pdf	Cost of full-replication-per-room, a bounded analogue of Bitmessage's flood-to-everyone bandwidth.	Analyses the Matrix federation protocol as replicated data sync and measures scalability bottlenecks (state resolution, event replication to all servers in a room). Not a privacy analysis.
2019-jaques-grover-aes	2019	PB8-pq-anonymity	limit_or_theory	Implementing Grover oracles for quantum key search on AES and LowMC	graph/text/2019-jaques-grover-aes.txt	pdfs/2019-jaques-grover-aes.pdf	Grover cost accounting needed to judge symmetric and hash-based parts of an object format.	Concrete quantum circuits for Grover against AES: key search cost for AES-128/192/256 is far above the naive sqrt(2^k) query count once circuit depth and error correction are counted, supporting treating AES-256 as comfortable and halving rather than collapsing symmetric strength.
2019-kales-contactdiscovery	2019	PB2-metadata-private-systems	building_block	Mobile Private Contact Discovery at Scale	graph/text/2019-kales-contactdiscovery.txt	pdfs/2019-kales-contactdiscovery.pdf	Private contact discovery by PSI, integrated into the Signal client; the non-TEE alternative to Signal's SGX contact discovery.	Cost model: online phase 2.92 s on WiFi (6.53 s on LTE) to check 1,024 contacts against a database of 2^28 entries. Trust: PSI without hardware; malicious clients handled.
2019-kannwischer-pqm4	2019	PB8-pq-anonymity	measurement	pqm4: Testing and Benchmarking NIST PQC on ARM Cortex-M4	graph/text/2019-kannwischer-pqm4.txt	pdfs/2019-kannwischer-pqm4.pdf	Resource cost of the primitives on weak devices, relevant to full-node light clients.	Cycle-count, stack and code-size benchmarks of NIST PQC candidates on an ARM Cortex-M4 (embedded-class node), the lower bound for the cost of running post-quantum KEMs and signatures on small relays or phones.
2019-kuhn-privacynotions	2019	PB2-metadata-private-systems	limit_or_theory	On Privacy Notions in Anonymous Communication	graph/text/2019-kuhn-privacynotions.txt	pdfs/2019-kuhn-privacynotions.pdf	Common vocabulary (sender, receiver, relationship anonymity, unobservability) to state what Bitmessage's flooding does and does not hide.	Cost model: none; proves a hierarchy among privacy notions.
2019-lazar-yodel	2019	PB2-metadata-private-systems	system	Yodel: Strong Metadata Security for Voice Calls	graph/text/2019-lazar-yodel.txt	pdfs/2019-lazar-yodel.pdf	Mix-based answer to Bitmessage's source-timing and flooding weaknesses: layered encryption and cover traffic instead of broadcasting every object to every node.	Cost model: reusable circuits through a mix network using only symmetric crypto per message; 990 ms latency for 5 million simulated users with acceptable voice quality. Trust: global network adversary and compromised servers; guarded circuit exchange handles tampering.
2019-leibowitz-silentmixes	2019	PB2-metadata-private-systems	attack_or_audit	No Right to Remain Silent: Isolating Malicious Mixes (Miranda)	graph/text/2019-leibowitz-silentmixes.txt	pdfs/2019-leibowitz-silentmixes.pdf	Defence against active attacks (dropping, delaying) by mixes, the active-attack surface Bitmessage ignores.	Cost model: efficient alternative to proofs-of-shuffle; uses detection of faulty links and mixes with reduced connectivity; evaluated by simulation of how quickly corrupt mixes are isolated. Trust: malicious mixes up to a fraction.
2019-lokinet-llarp	2019	PB6-deployed-messengers	system	Low Latency Anonymous Routing Protocol (LLARP) design	graph/text/2019-lokinet-llarp-spec.txt	pdfs/2019-lokinet-llarp-spec.md	Staked-node Sybil resistance as an alternative to Bitmessage's proof-of-work; network-layer source anonymity.	Design rationale for LLARP, a Tor/I2P hybrid onion router run by staked Service Nodes with a blockchain-fed DHT in place of directory authorities. Hides client IP from destination and route from relays; global-observer correlation not addressed.
2019-lu-asynchromix	2019	PB2-metadata-private-systems	system	HoneyBadgerMPC and AsynchroMix: Practical Asynchronous MPC and its Application to Anonymous Communication	graph/text/2019-lu-asynchromix.txt	pdfs/2019-lu-asynchromix.pdf	Mix-based answer to Bitmessage's source-timing and flooding weaknesses: layered encryption and cover traffic instead of broadcasting every object to every node.	Cost model: asynchronous MPC mixing robust to network delays; MPC-based mixnet with thousands of clients per batch. Trust: honest-majority threshold among servers, asynchrony tolerated.
2019-lu-survey	2019			A Survey on Measuring Anonymity in Anonymous Communication Systems	graph/text/2019-lu-survey.txt	pdfs/2019-lu-survey.pdf		We then introduce the formalization of the notion of anonymity for measuring the anonymity degree.
2019-lv-privacy-pubsub-blockchain	2019			An IOT-Oriented Privacy-Preserving Publish/Subscribe Model Over Blockchains	graph/text/2019-lv-privacy-pubsub-blockchain.txt	pdfs/2019-lv-privacy-pubsub-blockchain.pdf		Privacy-preserving pub/sub for IoT where a blockchain replaces the broker and smart contracts match subscriptions.
2019-malina-secure	2019			A Secure Publish/Subscribe Protocol for Internet of Things	graph/text/2019-malina-secure.txt	pdfs/2019-malina-secure.pdf		In this paper, we present a novel security framework for the Message Queue Transport Telemetry (MQTT) protocol based on publish/subscribe messages in order to enhance secure and privacy-friendly Internet of Things services.
2019-marzal-eventnotification	2019			Efficient Event Notification Middleware for Smart Microgrids Over P2P Networks	graph/text/2019-marzal-eventnotification.txt	pdfs/2019-marzal-eventnotification.pdf		A new content-based publish/subscribe notification middleware over structured P2P systems is proposed, such that smart MG communication requirements are met and results demonstrate that the proposed publisher/subscribed system significantly enhance...
2019-moraes-sdnpub	2019			A Pub/Sub SDN-Integrated Framework for IoT Traffic Orchestration	graph/text/2019-moraes-sdnpub.txt	pdfs/2019-moraes-sdnpub.pdf		This work proposes a publish/subscribe QoS-aware framework (PSIoT-SDN) that orchestrates IoT traffic and mediates the allocation of network resources between IoT data aggregators and pub/sub consumers, and allows edge-level QoS control using the features...
2019-panoramix-d44	2019	PB2-metadata-private-systems	system	PANORAMIX Deliverable D4.4: Final System	graph/text/2019-panoramix-d44.txt	pdfs/2019-panoramix-d44.pdf	Documents the EU project that produced Katzenpost: peer authentication, PKI, audit logs for Loopix-style mixnet operators.	Cost model: deliverable describes the integrated production system (peer authentication, PKI, audit logs, controller integration), not user capacity. Author list is the cover page (Galvez is editor).
2019-paquin-pq-tls-benchmark	2019	PB8-pq-anonymity	measurement	Benchmarking Post-Quantum Cryptography in TLS	graph/text/2019-paquin-pq-tls-benchmark.txt	pdfs/2019-paquin-pq-tls-benchmark.pdf	Link-level cost of large post-quantum objects, relevant for gossip over weak networks.	Benchmarks hybrid and pure post-quantum KEM and signature combinations in TLS 1.3 under varying latency and loss; shows larger messages (multiple packets) hurt on lossy links more than computation.
2019-patra-leveragingpublish	2019			Leveraging a Publish/Subscribe Fog System to Provide Collision Warnings in Vehicular Networks	graph/text/2019-patra-leveragingpublish.txt	pdfs/2019-patra-leveragingpublish.pdf		This paper presents a fog computing architecture based on a “content island” which interconnects sets of “things” to exchange and process data among themselves or with other content islands, and presents a use case that focuses on a smartphone-based...
2019-petersen-bluetoothmesh	2019			Bluetooth Mesh under the Microscope: How much ICN is Inside?	graph/text/2019-petersen-bluetoothmesh.txt	pdfs/2019-petersen-bluetoothmesh.pdf		Bluetooth (BT) mesh is a new mode of BT operation for low-energy devices that offers group-based publish-subscribe as a network service with additional caching capabilities.
2019-raman-mastodon	2019			Challenges in the Decentralised Web: The Mastodon Case	graph/text/2019-raman-mastodon.txt	pdfs/2019-raman-mastodon.pdf		Measures instance federation and availability; subscription-based cross-instance delivery is the dissemination path.
2019-redondi-scalediot	2019			Towards a Scaled IoT Pub/Sub Architecture for 5G Networks: the Case of Multiaccess Edge Computing	graph/text/2019-redondi-scalediot.txt	pdfs/2019-redondi-scalediot.pdf		The main research challenges and possible solutions to scale up a pub/sub architecture for upcoming IoT applications in 5G networks are identified, and a perspective on systems design, optimisation, and working implementations is presented.
2019-rohrer-kadcast	2019			Kadcast: A Structured Approach to Broadcast in Blockchain Networks	graph/text/2019-rohrer-kadcast.txt	pdfs/2019-rohrer-kadcast.pdf		Kademlia-based structured broadcast with FEC for block propagation; structured alternative to gossip.
2019-shi-sdnmachine	2019			Using Machine Learning to Provide Reliable Differentiated Services for IoT in SDN-Like Publish/Subscribe Middleware	graph/text/2019-shi-sdnmachine.txt	pdfs/2019-shi-sdnmachine.pdf		An SDN-like publish/subscribe middleware architecture is proposed and how to use this architecture and priority queues supported by OpenFlow switches to realize differentiated services is described and a reliable differentiated services guarantee mechanism...
2019-sonklin-connectedvehicle	2019			Connected-Vehicle Data Exchanges and Positioning Computing Based on the Publish-Subscribe Paradigm	graph/text/2019-sonklin-connectedvehicle.txt	pdfs/2019-sonklin-connectedvehicle.pdf		Abstract not retrieved; included on title and venue (Journal of Computer and Communications).
2019-sonnino-coconut	2019	PB4-source-anonymity-spam	building_block	Coconut: Threshold Issuance Selective Disclosure Credentials with Applications to Distributed Ledgers	graph/text/2019-sonnino-coconut.txt	pdfs/2019-sonnino-coconut.pdf	Decentralised issuer set for anonymous admission tokens (no single issuer to trust).	Threshold, blind issuance of re-randomisable selective-disclosure credentials by a set of authorities, unlinkable use; basis of Nym credentials. Adversary: fewer than threshold malicious authorities; users trying to forge or share; verifiers trying to link.
2019-status-secure-transport-spec	2019	PB1-bitmessage-heirs	system	Status 5/SECURE-TRANSPORT (v0.3)	graph/text/2019-status-secure-transport-spec.txt	pdfs/2019-status-secure-transport-spec.md	X3DH-style pre-key bundles and a double ratchet over Whisper; adds the forward secrecy that Bitmessage lacks.	Year approximate; bundle rotation and one-to-one sessions described.
2019-stebila-rfc9954-hybridtls	2019	PB5-sessions-groups-pq	building_block	Hybrid Key Exchange in TLS 1.3	graph/text/2019-stebila-rfc9954-hybridtls.txt	pdfs/2019-stebila-rfc9954-hybridtls.pdf	none direct	Design of hybrid key exchange (concatenate shared secrets from several key-exchange algorithms and feed them into the key schedule) so security holds if any component holds; gives the combiner rules (concatenation, ordering, security considerations) reused by hybrid messaging handshakes.
2019-tchendji-socialmanet-publish	2019			SocialMANET: A Publish/Subscribe Events Dissemination Protocol for Mobile Ad-Hoc Networks	graph/text/2019-tchendji-socialmanet-publish.txt	pdfs/2019-tchendji-socialmanet-publish.pdf		SocialMANET: A Publish/Subscribe Events Dissemination Protocol for Mobile Ad-Hoc Networks.
2019-tor-prop292-vanguards	2018	PB4-source-anonymity-spam	building_block	Tor proposal 292: Mesh-based vanguards	graph/text/2019-tor-prop292-vanguards.txt	pdfs/2019-tor-prop292-vanguards.md	Deployed layered-guard construction to protect long-running onion services.	Revises vanguards to a mesh of second- and third-layer guards with rotation periods, the version deployed in Tor. Adversary: as for proposal 247 (guard discovery by circuit forcing).
2019-tyagi-messagefranking	2019	PB2-metadata-private-systems	building_block	Asymmetric Message Franking: Content Moderation for Metadata-Private End-to-End Encryption	graph/text/2019-tyagi-messagefranking.txt	pdfs/2019-tyagi-messagefranking.pdf	Abuse reporting compatible with metadata hiding; counterpart to Bitmessage's absence of any reporting.	Cost model: see paper.
2019-vac-waku-mail-spec	2019	PB1-bitmessage-heirs	system	8/WAKU-MAIL (Waku mailserver)	graph/text/2019-vac-waku-mail-spec.txt	pdfs/2019-vac-waku-mail-spec.md	Store-and-forward server protocol for flooded envelopes.	Living spec; year approximate.
2019-vac-waku1-spec	2019	PB1-bitmessage-heirs	system	6/WAKU1 (Waku v1, Whisper-derived)	graph/text/2019-vac-waku1-spec.txt	pdfs/2019-vac-waku1-spec.md	Whisper with PoW, Bloom-filter topic interest, light nodes and mailserver support kept; the immediate Whisper descendant and thus a Bitmessage cousin.	Living spec; year approximate (2019 first version). Maintainer emails removed from saved text.
2019-venkatapathy-decentralized-context-broker	2019			A Decentralized Context Broker Using Byzantine Fault Tolerant Consensus	graph/text/2019-venkatapathy-decentralized-context-broker.txt	pdfs/2019-venkatapathy-decentralized-context-broker.pdf		Context broker for IoT whose message relay is replicated with Byzantine fault tolerant consensus.
2019-vyzovitis-gossipsub-v01	2019			GossipSub: A Secure PubSub Protocol for Unstructured, Decentralized P2P Overlays	graph/text/2019-vyzovitis-gossipsub-v01.txt	pdfs/2019-vyzovitis-gossipsub-v01.pdf		Early GossipSub technical report on design choices, requirements, related work and parameters (IPFS/IPNS context); precursor of the 2020 paper; unpublished working draft v0.1 dated 2019-12-30.
2019-wael-improve	2019			Improve the performance of peer-to-peer networks within publish/ subscribe systems by using PeerSim simulator within Eclipse Environment	graph/text/2019-wael-improve.txt	pdfs/2019-wael-improve.pdf		<jats:p> Publish/ subscribe (pub/ sub) is a popular communication paradigm in the design of large-scale distributed systems.
2019-wang-improving	2019			Improving the proof of “Privacy-preserving attribute-keyword based data publish-subscribe service on cloud platforms”	graph/text/2019-wang-improving.txt	pdfs/2019-wang-improving.pdf		Furthermore, we also demonstrate that the AKPS scheme is secure against data Replayable Chosen Ciphertext Attack (RCCA).
2019-zhang-crosslayer	2019			Cross-layer access control in publish/subscribe middleware over software-defined networks	graph/text/2019-zhang-crosslayer.txt	pdfs/2019-zhang-crosslayer.pdf		A cross-layer access control solution to protect the publish/subscribe middleware over SDNs from collusion attacks and to resist against the collusion attacks of SDN controllers and subscribers.
2020-abraham-blinder	2020	PB2-metadata-private-systems	system	Blinder: Scalable, Robust Anonymous Committed Broadcast	graph/text/2020-abraham-blinder.txt	pdfs/2020-abraham-blinder.pdf	Replaces Bitmessage's flood-and-trial-decrypt with DC-net rounds: every client sends every round, so the recipient/sender is hidden without proof-of-work, but the anonymity set is bounded by the round size.	Cost model: MPC-based committed broadcast; evaluated with up to 1 million clients, up to 100 servers and 10 KB messages; a 5-server GPU implementation with 1 million clients has under 8 minutes latency, over 100x faster than 3-server Riposte. Trust: honest-majority servers (t < n/4), robust against malicious clients, global malicious network adversary, synchronous network.
2020-alangot-eclipsedetection	2020	PB4-source-anonymity-spam	building_block	Decentralized Lightweight Detection of Eclipse Attacks on Bitcoin Clients	graph/text/2020-alangot-eclipsedetection.txt	pdfs/2020-alangot-eclipsedetection.pdf	Detection layer for eclipsed flooding nodes (compare views with out-of-band witnesses).	Lightweight client-side eclipse detection using a gossiped block-header check against a small set of independent peers. Adversary: eclipse attacker controlling all or most of the victim connections.
2020-albreiki-blockchain-oracles	2020			Trustworthy Blockchain Oracles: Review, Comparison, and Open Research Challenges	graph/text/2020-albreiki-blockchain-oracles.txt	pdfs/2020-albreiki-blockchain-oracles.pdf		Review and comparison of blockchain oracles and their trust problems.
2020-alonso-zerotomonero	2018	PB3-receiver-privacy	sok_or_survey	Zero to Monero: Second Edition	graph/text/2020-alonso-zerotomonero.txt	pdfs/2020-alonso-zerotomonero.pdf	Bitmessage addresses are static and the public key is looked up by everyone; stealth/one-time addresses give per-message recipient keys, at the cost that the recipient must scan (an ECDH per candidate) unless a tag or detection key short-cu	Technical guide to Monero cryptography including one-time addresses, view keys, subaddresses and the wallet's per-output scan; explains why a view key lets a third party identify (not spend) all incoming outputs and why subaddresses raise scan cost.
2020-alwen-mls-insider	2020	PB5-sessions-groups-pq	limit_or_theory	On The Insider Security of MLS	graph/text/2020-alwen-mls-insider.txt	pdfs/2020-alwen-mls-insider.pdf	Insiders are the dominant threat in chan-like groups where any member holds the shared key.	First notion of insider security for CGKA and group messaging (malicious members that adaptively use the PKI, deviate from the protocol and leak states), an Insider Secure TreeKEM (ITK) abstraction of MLS Draft 12 with a rigorous proof, three practical attacks on MLS with fixes now adopted in the standard, and a second attack on MLS-like CGKAs proven secure under earlier notions.
2020-autocrypt-spec-1-1	2017	PB6-deployed-messengers	building_block	Autocrypt Level 1 Specification, Release 1.1.0	graph/text/2020-autocrypt-spec-1-1.txt	pdfs/2020-autocrypt-spec-1-1.pdf	E2EE over federated email, versus Bitmessage's own network; metadata fully visible to mail providers.	Opportunistic OpenPGP key exchange in email headers, with key gossip for groups. Hides content only; email headers and mail servers reveal sender, recipient and timing.
2020-bahramali-practical	2020			Practical Traffic Analysis Attacks on Secure Messaging Applications	graph/text/2020-bahramali-practical.txt	pdfs/2020-bahramali-practical.pdf		In this paper, we show that despite the use of advanced encryption, popular IM applications leak sensitive information about their clients to adversaries who merely
2020-bellare-imessage-signcryption	2020	PB5-sessions-groups-pq	attack_or_audit	Security under Message-Derived Keys: Signcryption in iMessage	graph/text/2020-bellare-imessage-signcryption.txt	pdfs/2020-bellare-imessage-signcryption.pdf	none direct	Formalises Encryption under Message-Derived Keys (EMDK) and proves security of the EMDK scheme and the signcryption at the core of Apple's iMessage, with signcryption definitions extended for messaging issues; quantitative results and practical implications for iMessage (the pre-PQ3 protocol).
2020-bellet-who	2020			Who started this rumor? Quantifying the natural differential privacy guarantees of gossip protocols	graph/text/2020-bellet-who.txt	pdfs/2020-bellet-who.pdf		Shows that gossip protocols already give differential-privacy style guarantees about the rumor source.
2020-berendea-fabric-gossip	2020			Fair and Efficient Gossip in Hyperledger Fabric	graph/text/2020-berendea-fabric-gossip.txt	pdfs/2020-berendea-fabric-gossip.pdf		Redesign of Fabric's push/pull gossip: 10x faster block dissemination, 40% less bandwidth.
2020-bienstock-group-ratcheting-concurrency	2020	PB5-sessions-groups-pq	limit_or_theory	On the Price of Concurrency in Group Ratcheting Protocols	graph/text/2020-bienstock-group-ratcheting-concurrency.txt	pdfs/2020-bienstock-group-ratcheting-concurrency.pdf	Offline, concurrent writers (the Bitmessage setting) are exactly where this impossibility bites.	Group ratcheting price of concurrency: pairwise two-party ratchets in parallel give excellent PCS but cost O(n) per message; MLS-style protocols cost O(log n) but forbid concurrent sending and recovery, delaying PCS by up to n communication time steps; the paper analyses this trade-off between communication overhead and concurrency for post-compromise security in groups.
2020-cheng-talek	2020	PB2-metadata-private-systems	system	Talek: Private Group Messaging with Hidden Access Patterns	graph/text/2020-cheng-talek.txt	pdfs/2020-cheng-talek.pdf	Replaces Bitmessage's download-everything-and-trial-decrypt receiver privacy with PIR mailboxes, so the recipient fetches one slot without revealing which. Supports group channels (like Bitmessage chans) with hidden access patterns.	Cost model: a 3-server cluster reaches 9,433 messages per second for 32,000 active users at 1.7 s end-to-end latency; clients use about 148 MB per day; read interval trades bandwidth for latency. Trust: anytrust (one honest server), access-sequence indistinguishability.
2020-cortes-eth2-p2p	2020			Discovering the Ethereum2 P2P Network	graph/text/2020-cortes-eth2-p2p.txt	pdfs/2020-cortes-eth2-p2p.pdf		Crawler-based measurement of the Eth2 mainnet overlay, including client mix and GossipSub traffic observations.
2020-das-beyond-mixnets	2019	PB7-limits-theory-soks	limit_or_theory	Anonymity Trilemma: Beyond Mix-Nets	graph/text/2020-das-beyond-mixnets.txt	pdfs/2020-das-beyond-mixnets.pdf	Bitmessage sits at the high-bandwidth, low-latency corner of this trade-off: every object is flooded to every node, so recipient ambiguity costs O(N) bandwidth per message and gives no sender protection against a network-level observer.	Earlier full version of the comprehensive trilemma: defines a wider class of AC protocols with out-of-band user coordination (mixnet tricks plus DC-net-style shares), proves that even this class cannot achieve strong anonymity, low latency and low bandwidth together, and derives impossibility conditions (relaxed compared with mixnets). States that the only escape from the trilemma is to leave this class, via 'expensi
2020-das-comprehensivetrilemma	2020	PB2-metadata-private-systems	limit_or_theory	Comprehensive Anonymity Trilemma: User Coordination is not enough	graph/text/2020-das-comprehensivetrilemma.txt	pdfs/2020-das-comprehensivetrilemma.pdf	Extends the trilemma to protocols with user coordination (DC-net style); shows they cannot escape the bound alone.	Cost model: bounds, no deployment numbers.
2020-denis-privacypreserving	2020			Privacy-preserving Content-based Publish/Subscribe with Encrypted Matching and Data Splitting		pdfs/2020-denis-privacypreserving.pdf		The content-based publish/subscribe paradigm enables a loosely-coupled and expressive form of communication.
2020-dias-mqttmecanismo	2020			Um mecanismo para redundância de dados entre Brokers MQTT com uso de Distributed Hash Table	graph/text/2020-dias-mqttmecanismo.txt	pdfs/2020-dias-mqttmecanismo.pdf		The Message Queuing Telemetry Transport (MQTT) is a delivery message protocol to devices in the Internet of Things (IoT) concept.
2020-fouque-falcon-spec	2020	PB8-pq-anonymity	building_block	Falcon: Fast-Fourier Lattice-based Compact Signatures over NTRU (specification)	graph/text/2020-fouque-falcon-spec.txt	pdfs/2020-fouque-falcon-spec.pdf	The least bad post-quantum signature for size-bound objects; FIPS 206 not yet final as of mid-2026.	Sizes in bytes: Falcon-512 public key 897, signature 666 (fixed length in spec v1.2), Falcon-1024 public key 1793, signature 1280. Assumption: SIS over NTRU lattices; signing needs floating-point Gaussian sampling (side-channel and implementation hazard). Smallest post-quantum signature plus key bundle (about 1.6 KB) of the standardised families.
2020-george-mezmessaging	2020			Mez: A Messaging System for Latency-Sensitive Multi-Camera Machine Vision at the IoT Edge	graph/text/2020-george-mezmessaging.txt	pdfs/2020-george-mezmessaging.pdf		Mez is a publish-subscribe messaging system for latency sensitive multi-camera machine vision at the IoT Edge.
2020-gong-front	2020	PB4-source-anonymity-spam	building_block	Zero-delay Lightweight Defenses against Website Fingerprinting	graph/text/2020-gong-front.txt	pdfs/2020-gong-front.pdf	Cheap cover traffic designs for the transport layer.	FRONT and GLUE: padding defences that add no delay and little overhead by front-loading dummy packets. Adversary: passive local observer with adaptive attacker.
2020-gossipsub-v11-spec	2020	PB4-source-anonymity-spam	system	GossipSub v1.1 specification	graph/text/2020-gossipsub-v11-spec.txt	pdfs/2020-gossipsub-v11-spec.md	The deployed hardening of a gossip pub/sub layer, directly comparable to Bitmessage's unscored flood.	Normative specification of the v1.1 score function, mesh maintenance, flood publishing, prune backoff and peer exchange. Adversary: as in the GossipSub paper (Sybil and eclipse attackers, spammers, censors).
2020-havet-overlaying-hypergraph	2020			Overlaying a Hypergraph with a Graph with Bounded Maximum Degree	graph/text/2020-havet-overlaying-hypergraph.txt	pdfs/2020-havet-overlaying-hypergraph.pdf		Topic-connected overlay design: Overlaying a Hypergraph with a Graph with Bounded Maximum Degree.
2020-includesecurity-deltachat-review	2020	PB6-deployed-messengers	attack_or_audit	Security Assessment of Delta Chat's Primary Rust Libraries (Open Technology Fund)	graph/text/2020-includesecurity-deltachat-review.txt	pdfs/2020-includesecurity-deltachat-review.pdf	none direct	Audit of the Delta Chat core Rust libraries including Autocrypt and SecureJoin handling, found issues in message parsing and key handling. Content/implementation security; email server metadata untouched.
2020-jacob-matrix-event-graph	2020			Analysis of the Matrix Event Graph Replicated Data Type	graph/text/2020-jacob-matrix-event-graph.txt	pdfs/2020-jacob-matrix-event-graph.pdf		Formal analysis of the Matrix room event graph that federated servers replicate.
2020-jefferys-session	2020	PB6-deployed-messengers	system	Session: End-To-End Encrypted Conversations With Minimal Metadata Leakage	graph/text/2020-jefferys-session.txt	pdfs/2020-jefferys-session.pdf	Recipient-addressed store-and-fetch in a small swarm replaces Bitmessage's flood to all nodes; Sybil cost is staking instead of per-message proof-of-work; sender anonymity via onion routing instead of broadcast mixing.	Session whitepaper: public-key IDs, swarms of staked Service Nodes store messages for 14 days, onion requests (3 hops) hide client IP. Hides: IP/network origin from storage nodes, content (E2EE); no phone number. Does not hide: recipient account ID from its swarm (swarm sees messages addressed to it), timing, and v1 dropped forward secrecy.
2020-kim-pbft-openstack-message-queue	2020			Hybrid decentralized PBFT Blockchain Framework for OpenStack message queue	graph/text/2020-kim-pbft-openstack-message-queue.txt	pdfs/2020-kim-pbft-openstack-message-queue.pdf		Hybrid decentralized PBFT blockchain framework replacing the central OpenStack message queue.
2020-kreuter-anontokens	2020	PB4-source-anonymity-spam	building_block	Anonymous Tokens with Private Metadata Bit	graph/text/2020-kreuter-anontokens.txt	pdfs/2020-kreuter-anontokens.pdf	Tokens that carry a reputation bit without identity.	Anonymous tokens with a private metadata bit (e.g., a spam score) that only the issuer can read. Adversary: user wanting to read or change the metadata bit; issuer wanting to link.
2020-kuhn-breaking	2020	PB2-metadata-private-systems	attack_or_audit	Breaking and (Partially) Fixing Provably Secure Onion Routing	graph/text/2020-kuhn-breaking.txt	pdfs/2020-kuhn-breaking.pdf	Shows the proof strategy behind HORNET and Sphinx-style formal security is flawed; links senders to receivers in HORNET data phase.	Cost model: none; proposes Tail-Indistinguishability and Layer-Unlinkability as repaired properties.
2020-kuhn-sokperformance	2020	PB2-metadata-private-systems	sok_or_survey	SoK on Performance Bounds in Anonymous Communication	graph/text/2020-kuhn-sokperformance.txt	pdfs/2020-kuhn-sokperformance.pdf	Systematises the proven latency, bandwidth and anonymity bounds that explain why Bitmessage's flood design is so expensive.	Cost model: survey of lower bounds; no system numbers.
2020-kwon-xrd	2020	PB2-metadata-private-systems	system	XRD: Scalable Messaging System with Cryptographic Privacy	graph/text/2020-kwon-xrd.txt	pdfs/2020-kwon-xrd.pdf	Mix-based answer to Bitmessage's source-timing and flooding weaknesses: layered encryption and cover traffic instead of broadcasting every object to every node.	Cost model: 2 million users with 228 s latency using 100 servers, 13.3x faster than Atom and 4x faster than Pung; each user sends messages along many mix chains so the user upload grows with the square root of the number of servers. Trust: cryptographic privacy, no differential-privacy noise, honest users stay private if at least some chains are honest.
2020-lazar-thesis	2020	PB2-metadata-private-systems	sok_or_survey	Strong and Scalable Metadata Security for Voice Calls	graph/text/2020-lazar-thesis.txt	pdfs/2020-lazar-thesis.pdf	Collects Alpenhorn, Karaoke and Yodel in one design narrative from the author who built the Vuvuzela family.	Cost model: see the constituent papers (Alpenhorn, Karaoke, Yodel) in this catalog.
2020-leastauthority-gossipsub-audit	2020			Gossipsub v1.1 Protocol Design + Implementation Security Audit Report	graph/text/2020-leastauthority-gossipsub-audit.txt	pdfs/2020-leastauthority-gossipsub-audit.pdf		Independent security audit of the GossipSub v1.1 design and Go implementation (June 2020); issues mostly in peer scoring.
2020-lobbecke-session-seminar	2020	PB6-deployed-messengers	sok_or_survey	Session: Secure Messenger with additional Measures for Metadata Protection	graph/text/2020-lobbecke-session-seminar.txt	pdfs/2020-lobbecke-session-seminar.pdf	Describes how Session replaces Bitmessage-like broadcast with onion routing plus swarm storage.	Academic-style secondary analysis of Session: public-key identifiers, decentralised network, onion routing; compares metadata protections with other messengers. Secondary source, not an independent audit.
2020-longo-mqtt-st	2020			MQTT-ST: a Spanning Tree Protocol for Distributed MQTT Brokers	graph/text/2020-longo-mqtt-st.txt	pdfs/2020-longo-mqtt-st.pdf		MQTT-ST: a Spanning Tree Protocol for Distributed MQTT Brokers.
2020-mao-perigee	2020			Perigee: Efficient Peer-to-Peer Network Design for Blockchains	graph/text/2020-mao-perigee.txt	pdfs/2020-mao-perigee.pdf		Decentralized bandit-based neighbour selection that cuts blockchain broadcast latency ~33%; the basis for Topiary's topic-aware topology learning.
2020-masinde-peertopeerbased	2020			Peer-to-Peer-Based Social Networks: A Comprehensive Survey	graph/text/2020-masinde-peertopeerbased.txt	pdfs/2020-masinde-peertopeerbased.pdf		The use of online social networks, such as Facebook and Twitter, has grown at a phenomenal rate.
2020-minaei-moneymorph	2020			MoneyMorph: Censorship Resistant Rendezvous using Permissionless Cryptocurrencies	graph/text/2020-minaei-moneymorph.txt	pdfs/2020-minaei-moneymorph.pdf		We present MoneyMorph, a provably secure stego-bootstrapping scheme using cryptocurrencies.
2020-muhlberger-oracle-patterns	2020			Foundational Oracle Patterns: Connecting Blockchain to the Off-chain World	graph/text/2020-muhlberger-oracle-patterns.txt	pdfs/2020-muhlberger-oracle-patterns.pdf		Classifies oracles by data-flow direction; outbound oracles are the event-notification path from chain to the outside.
2020-nip13-pow	2020	PB4-source-anonymity-spam	building_block	Nostr NIP-13: Proof of Work	graph/text/2020-nip13-pow.txt	pdfs/2020-nip13-pow.md	Direct descendant of Bitmessage-style per-object proof of work in a relay-based system, optional rather than mandatory.	Optional hashcash-style leading-zero-bit commitment on event IDs, usable by relays as an anti-spam filter. Adversary: spammer posting events to relays.
2020-pozo-evaluation	2020			Evaluation of an IoT Application-Scoped Access Control Model over a Publish/Subscribe Architecture Based on FIWARE	graph/text/2020-pozo-evaluation.txt	pdfs/2020-pozo-evaluation.pdf		In this paper, we evaluate an access control architecture based on the IAACaaS (IoT application-Scoped Access Control as a Service) model with the aim of protecting IoT devices that communicate using the Publish/Subscribe pattern.
2020-rahman-tiktok	2019	PB4-source-anonymity-spam	attack_or_audit	Tik-Tok: The Utility of Packet Timing in Website Fingerprinting Attacks	graph/text/2020-rahman-tiktok.txt	pdfs/2020-rahman-tiktok.pdf	Timing is the leak that padding must hide; a flooding messenger sending at fixed cadence removes this feature.	Shows packet timing, in addition to direction, strongly improves website fingerprinting against Tor and defeats several padding defences. Adversary: passive local observer who records inter-packet times.
2020-rodrigueznatal-publishsubscribe	2020			Publish/Subscribe Functionality for LISP	graph/text/2020-rodrigueznatal-publishsubscribe.txt	pdfs/2020-rodrigueznatal-publishsubscribe.pdf		Abstract not retrieved; included on title and venue (n/a).
2020-savolainen-streamr-network	2020			The Streamr Network: Performance and Scalability	graph/text/2020-savolainen-streamr-network.txt	pdfs/2020-savolainen-streamr-network.pdf		Decentralized topic-based pub/sub overlay of the Streamr Network (blockchain-incentivised); simulation and real-world latency/scalability evaluation.
2020-schwabe-kemtls	2020	PB5-sessions-groups-pq	building_block	Post-quantum TLS without handshake signatures	graph/text/2020-schwabe-kemtls.txt	pdfs/2020-schwabe-kemtls.pdf	KEM-based authentication avoids per-message signatures, the direction suited to bandwidth-sensitive flooding networks.	KEMTLS: replaces handshake signatures with KEM-based authentication to cut post-quantum bandwidth (a size-optimised instantiation needs under half the bandwidth of post-quantum TLS 1.3) and server CPU (about 90 percent fewer cycles), with implicit authentication, weaker deniability-like properties and one extra round trip for explicit server authentication.
2020-shi-sdntopic	2020			Topic-Oriented Bucket-Based Fast Multicast Routing in SDN-Like Publish/Subscribe Middleware	graph/text/2020-shi-sdntopic.txt	pdfs/2020-shi-sdntopic.pdf		A topic-oriented bucket-based fast multicast routing to improve the efficiency of delivering events in SDN-like publish/subscribe middlewares and a topic- oriented bucket- based multicast forwarding algorithm is designed to achieve efficient multicast...
2020-sikeridis-pq-tls-performance	2020	PB8-pq-anonymity	measurement	Post-Quantum Authentication in TLS 1.3: A Performance Study	graph/text/2020-sikeridis-pq-tls-performance.txt	pdfs/2020-sikeridis-pq-tls-performance.pdf	Evidence that signature size, not verification time, drives post-quantum deployment cost.	Measures how large post-quantum signatures and certificate chains inflate TLS 1.3 handshakes; lattice signatures (Dilithium, Falcon) add milliseconds, while hash-based signatures (SPHINCS+) add tens of KB and noticeably longer handshakes.
2020-sitnikovski-pubsub	2020			PubSub implementation in Haskell with formal verification in Coq	graph/text/2020-sitnikovski-pubsub.txt	pdfs/2020-sitnikovski-pubsub.pdf		Abstract not retrieved; classified from the title as core work on pub/sub.
2020-spohn-publish	2020			Publish, Subscribe and Federate!	graph/text/2020-spohn-publish.txt	pdfs/2020-spohn-publish.pdf		Publish, subscribe, and federate
2020-status-waku-usage-spec	2020	PB1-bitmessage-heirs	system	Status 10/WAKU-USAGE (v0.1)	graph/text/2020-status-waku-usage-spec.txt	pdfs/2020-status-waku-usage-spec.md	Move of Status from Whisper to Waku: same topic model, mailserver replaced by store protocol.	Year approximate.
2020-tanaka-distributed-topic	2020			Distributed topic management in publish-process-subscribe systems on edge-servers for real-time notification service	graph/text/2020-tanaka-distributed-topic.txt	pdfs/2020-tanaka-distributed-topic.pdf		Distributed topic management in publish-process-subscribe systems on edge-servers for real-time notification service.
2020-tsuruoka-distributed	2020			Distributed Spatial-Keyword kNN Monitoring for Location-aware Pub/Sub	graph/text/2020-tsuruoka-distributed.txt	pdfs/2020-tsuruoka-distributed.pdf		Distributed spatial-keyword kNN monitoring for location-aware pub/sub
2020-tujner-qsor	2020	PB8-pq-anonymity	measurement	QSOR: Quantum-Safe Onion Routing	graph/text/2020-tujner-qsor.txt	pdfs/2020-tujner-qsor.pdf	Early size and latency data for post-quantum KEMs in onion circuits.	Benchmarks six NIST level-1 KEMs in a SweetOnions Tor simulation. FrodoKEM-640 ciphertext is 9720 B (many cells); SIKE (broken in 2022) was the only candidate whose ciphertext fits one 512 B Tor cell. Proposes a pure and a hybrid quantum-safe circuit creation. Result predates ML-KEM standardization.
2020-vac-waku2-filter-spec	2020	PB1-bitmessage-heirs	system	12/WAKU2-FILTER	graph/text/2020-vac-waku2-filter-spec.txt	pdfs/2020-vac-waku2-filter-spec.md	Light-client subscription: a full node forwards only messages for named content topics; the node learns the client interests, the opposite of Bitmessage ambiguity.	Living spec; year approximate.
2020-vac-waku2-message-spec	2020	PB1-bitmessage-heirs	building_block	14/WAKU2-MESSAGE	graph/text/2020-vac-waku2-message-spec.txt	pdfs/2020-vac-waku2-message-spec.md	Message envelope: payload, content topic, timestamp, optional ephemeral flag and RLN proof; replaces Whisper PoW envelope field.	Living spec; year approximate.
2020-vac-waku2-relay-spec	2020	PB1-bitmessage-heirs	system	11/WAKU2-RELAY	graph/text/2020-vac-waku2-relay-spec.txt	pdfs/2020-vac-waku2-relay-spec.md	GossipSub-based relay over shard-sized pubsub topics; the Waku replacement for whole-network Whisper flooding; receiver privacy rests on subscribing to shards, not on ambiguity.	Living spec; year approximate.
2020-vac-waku2-spec	2020	PB1-bitmessage-heirs	system	10/WAKU2 (Waku v2 overview)	graph/text/2020-vac-waku2-spec.txt	pdfs/2020-vac-waku2-spec.md	Defines the Waku v2 protocol family on libp2p: relay, filter, store, lightpush, discovery; routing by pubsub topic and content topic instead of flooding a single namespace.	Living spec; year approximate.
2020-vac-waku2-store-spec	2020	PB1-bitmessage-heirs	system	13/WAKU2-STORE	graph/text/2020-vac-waku2-store-spec.txt	pdfs/2020-vac-waku2-store-spec.md	Historical-message query by content topic and time range from store nodes; the store learns what a client asks for.	Living spec; year approximate.
2020-vyzovitis-gossipsub	2020			GossipSub: Attack-Resilient Message Propagation in the Filecoin and ETH2.0 Networks	graph/text/2020-vyzovitis-gossipsub.txt	pdfs/2020-vyzovitis-gossipsub.pdf		Primary GossipSub v1.1 paper: mesh + gossip design, peer scoring, Sybil/eclipse/censorship mitigations, evaluated in a 5000-container testbed.
2020-vyzovitis-gossipsub-v11-evaluation	2020			Gossipsub-v1.1 Evaluation Report	graph/text/2020-vyzovitis-gossipsub-v11-evaluation.txt	pdfs/2020-vyzovitis-gossipsub-v11-evaluation.pdf		61-page evaluation of GossipSub v1.1 against Sybil, eclipse, degradation, censorship, cold-boot and cover-flash attacks.
2020-weidner-decentralized-sgm	2020	PB5-sessions-groups-pq	system	Key Agreement for Decentralized Secure Group Messaging with Strong Security Guarantees	graph/text/2020-weidner-decentralized-sgm.txt	pdfs/2020-weidner-decentralized-sgm.pdf	A decentralised group-security design with no server, the missing counterpart to Bitmessage's group story.	Adapts secure group messaging to decentralised networks with no central authority: defines decentralised continuous group key agreement (DCGKA), gives a practical construction with security proof and shows how to build a full messaging protocol from it; forward secrecy and post-compromise security under device compromise, tolerant of offline members and concurrent membership changes; prototype evaluated.
2020-yu-stealthschemes	2020	PB3-receiver-privacy	building_block	Blockchain Stealth Address Schemes	graph/text/2020-yu-stealthschemes.txt	pdfs/2020-yu-stealthschemes.pdf	Bitmessage addresses are static and the public key is looked up by everyone; stealth/one-time addresses give per-message recipient keys, at the cost that the recipient must scan (an ECDH per candidate) unless a tag or detection key short-cu	Surveys Monero-style dual-key stealth addresses and BIP-32 child-key derivation and proposes an improved scheme with a child number in the address; descriptive rather than a security proof.
2021-2pps-pubsubprivacy	2021	PB3-receiver-privacy	system	2PPS: Publish/Subscribe with Provable Privacy	graph/text/2021-2pps-pubsubprivacy.txt	pdfs/2021-2pps-pubsubprivacy.pdf	Topic-based publish/subscribe where the subscriber's topic is hidden from the servers by PIR, instead of Bitmessage's every-node-sees-everything flood.	Pub/sub with provable privacy for both sides: publishers write via distributed-point-function secret sharing, subscribers read topics via PIR, security holds while one server is honest. Prototype: 100,000 concurrent active clients with 5 s end-to-end latency and lower bandwidth than comparable systems.
2021-abegg-supra	2021			SUPRA, a distributed publish/subscribe protocol with blockchain as a conflict resolver	graph/text/2021-abegg-supra.txt	pdfs/2021-abegg-supra.pdf		SUPRA: distributed pub/sub protocol using a blockchain as conflict resolver.
2021-agrawal-lattice-blind-sig	2021	PB8-pq-anonymity	building_block	Practical, Round-Optimal Lattice-Based Blind Signatures	graph/text/2021-agrawal-lattice-blind-sig.txt	pdfs/2021-agrawal-lattice-blind-sig.pdf	Baseline size for post-quantum blind issuance of admission tokens.	First practical round-optimal lattice blind signature with unbounded signing queries: signature slightly above 45 KB at 109-bit core-SVP security; rests on a new one-more-ISIS assumption.
2021-ahmad-addra	2021	PB2-metadata-private-systems	system	Addra: Metadata-private voice communication over fully untrusted infrastructure	graph/text/2021-ahmad-addra.txt	pdfs/2021-ahmad-addra.pdf	Replaces Bitmessage's download-everything-and-trial-decrypt receiver privacy with PIR mailboxes, so the recipient fetches one slot without revealing which.	Cost model: FastPIR; on 80 AWS machines serves 32K users with p99 message latency 726 ms, 7x better than Pung for text in the same threat model. Trust: none (fully untrusted infrastructure).
2021-albrecht-breaking-bridgefy	2021	PB1-bitmessage-heirs	attack_or_audit	Mesh Messaging in Large-scale Protests: Breaking Bridgefy	graph/text/2021-albrecht-breaking-bridgefy.txt	pdfs/2021-albrecht-breaking-bridgefy.pdf	Attacks on the Bluetooth-mesh messenger Bridgefy: deanonymisation of senders and recipients, content recovery and message forging; the standard negative result for mesh messengers.	ePrint copy.
2021-alwen-key-grafting	2021	PB5-sessions-groups-pq	building_block	Grafting Key Trees: Efficient Key Management for Overlapping Groups	graph/text/2021-alwen-key-grafting.txt	pdfs/2021-alwen-key-grafting.pdf	Users in several chans share a key per chan; grafting lowers per-group cost.	Grafting key trees for overlapping groups: shared sub-trees reduce the bandwidth cost of keeping multiple groups' keys fresh; relevant to users in several groups (the cross-group effects problem).
2021-alwen-server-aided-cgka	2021	PB5-sessions-groups-pq	building_block	Server-Aided Continuous Group Key Agreement	graph/text/2021-alwen-server-aided-cgka.txt	pdfs/2021-alwen-server-aided-cgka.pdf	none direct	Server-aided CGKA (saCGKA): lets the untrusted delivery server do work in the CGKA, giving a modification of ITK (the CGKA underlying MLS) with greatly reduced communication and computation in practice at the same security; the server learns no keys.
2021-amozarrain-fully	2021			Towards a fully mobile publish/subscribe system	graph/text/2021-amozarrain-fully.txt	pdfs/2021-amozarrain-fully.pdf		This PhD thesis makes contributions to support mobility and fault tolerance in a publish/subscribe system.
2021-ando-cryptographic-shallots	2020	PB7-limits-theory-soks	building_block	Cryptographic Shallots: A Formal Treatment of Repliable Onion Encryption	graph/text/2021-ando-cryptographic-shallots.txt	pdfs/2021-ando-cryptographic-shallots.pdf	Formal basis for reply onions, absent in Bitmessage.	UC ideal functionality for repliable onion encryption (correctness, integrity, security of onions with reply headers) and a construction; underlies the 2022-24 provable onion routing line of Ando-Lysyanskaya-Upfal.
2021-antunes-pulsarcast	2021			Pulsarcast: Scalable, Reliable Pub-Sub over P2P Nets	graph/text/2021-antunes-pulsarcast.txt	pdfs/2021-antunes-pulsarcast.pdf		P2P pub/sub on libp2p with Merkle-DAG event/topic descriptors; higher subscription coverage and lower traffic than Floodsub on Reddit data.
2021-arruda-enhancedpub	2021			Enhanced Pub/Sub Communications for Massive IoT Traffic with SARSA Reinforcement Learning	graph/text/2021-arruda-enhancedpub.txt	pdfs/2021-arruda-enhancedpub.pdf		Sensors are being extensively deployed and are expected to expand at significant rates in the coming years.
2021-auvolat-basalt	2021	PB4-source-anonymity-spam	building_block	BASALT: A Rock-Solid Foundation for Epidemic Consensus Algorithms in Very Large, Very Open Networks	graph/text/2021-auvolat-basalt.txt	pdfs/2021-auvolat-basalt.pdf	A hardened membership layer that a flooding messenger could use in place of uniform peer lists to resist Sybil capture.	BASALT: Byzantine-tolerant random peer sampling that keeps close to optimal tolerance with a hit-counter and view-reset, using hash-based sampling without proof of stake. Adversary: permissionless setting where Byzantine nodes can flood the network with attacker identities up to a stated fraction.
2021-ayavuz-lattice-pow	2021	PB8-pq-anonymity	building_block	Lattice-Based Proof-of-Work for Post-Quantum Blockchains	graph/text/2021-ayavuz-lattice-pow.txt	pdfs/2021-ayavuz-lattice-pow.pdf	Candidate replacement for hashcash admission control under quantum speedups.	Proof-of-work whose puzzle is a lattice problem (approximate shortest-vector/SIS-style) intended to resist quantum speedups beyond Grover while being cheap to verify; compares puzzle size and verification time with hash-based PoW.
2021-baldoni-zenohdataflow	2021			Zenoh-based Dataflow Framework for Autonomous Vehicles	graph/text/2021-baldoni-zenohdataflow.txt	pdfs/2021-baldoni-zenohdataflow.pdf		This paper shows how Zenoh was used to enhance ERDOS, a dataflow framework for Autonomous Vehicles, and proposes to leverage Eclipse Zenoh, an Edge-native technology to address these challenges, and motivates and draft their own data flow framework based...
2021-behl-trusted-notifications	2021			Trusted Data Notifications from Private Blockchains	graph/text/2021-behl-trusted-notifications.txt	pdfs/2021-behl-trusted-notifications.pdf		Cryptographic scheme that lets outside parties receive authenticated data notifications from a private ledger.
2021-benguirat-mixim	2021	PB2-metadata-private-systems	measurement	MiXiM: Mixnet Design Decisions and Empirical Evaluation	graph/text/2021-benguirat-mixim.txt	pdfs/2021-benguirat-mixim.pdf	Simulation framework comparing threshold, timed, pool and Poisson mixing; informs how much delay buys against global observers.	Cost model: framework to measure anonymity, end-to-end latency and traffic overhead for combinations of mixnet building blocks (topology, mixing strategy, cover traffic).
2021-berty-wesh-protocol	2021	PB1-bitmessage-heirs	system	Wesh Protocol (Berty): protocol documentation	graph/text/2021-berty-wesh-protocol.txt	pdfs/2021-berty-wesh-protocol.md	Offline-first protocol with group logs synchronised over BLE, mDNS and IPFS/libp2p pubsub; messages travel by group topic rather than recipient flooding.	Page text only; undated, year approximate (Wesh named 2021).
2021-blazy-iot	2021			An IoT Attribute-Based Security Framework for Topic-Based Publish/Subscribe Systems	graph/text/2021-blazy-iot.txt	pdfs/2021-blazy-iot.pdf		In this paper, we present a complete security framework for topic-based publish/subscribe systems to ensure both security and privacy at the broker level, going beyond the naive encryption of information while keeping the loose coupling between publishers and subscribers.
2021-brendel-pq-deniable-ake	2021	PB5-sessions-groups-pq	building_block	Post-quantum Asynchronous Deniable Key Exchange and the Signal Handshake	graph/text/2021-brendel-pq-deniable-ake.txt	pdfs/2021-brendel-pq-deniable-ake.pdf	Bitmessage signs every message with the sender key and so gives no deniability; this line shows deniability is preserved post-quantum only with extra cost.	Builds post-quantum asynchronous deniable key exchange from KEMs combined with designated-verifier signatures (with candidate post-quantum DVS schemes), because no plain KEM replacement for the Signal handshake achieves asynchrony, implicit mutual authentication with deniability, and security under key compromise; proves forward secrecy and deniability.
2021-brzuska-mls-draft11	2021	PB5-sessions-groups-pq	limit_or_theory	Cryptographic Security of the MLS RFC, Draft 11	graph/text/2021-brzuska-mls-draft11.txt	pdfs/2021-brzuska-mls-draft11.pdf	none direct	Studies the MLS continuous group key distribution (key schedule, TreeKEM and their composition) as specified in Draft 11, abstracting away signatures, message flow and authentication; establishes uniqueness and key indistinguishability of epoch keys in the computational model under strong corruption, including post-compromise security.
2021-cip20-tx-message	2021	PB6-deployed-messengers	building_block	CIP-20: Transaction message/comment metadata	graph/text/2021-cip20-tx-message.txt	pdfs/2021-cip20-tx-message.md	Baseline of a public on-chain message channel; the opposite of Bitmessage's goals.	Metadata label 674 carries a plain-text message with a transaction. Hides nothing: sender, recipient addresses, content and time are public.
2021-cremers-healing	2021	PB5-sessions-groups-pq	attack_or_audit	The Complexities of Healing in Secure Group Messaging: Why Cross-Group Effects Matter	graph/text/2021-cremers-healing.txt	pdfs/2021-cremers-healing.pdf	Bitmessage identities reused across chans are the analogue: one compromised key exposes every group it belongs to.	First analysis of healing when a user is in several groups: group-key designs (ART, TreeKEM, MLS draft 11) give much weaker post-compromise security than pairwise-channel group designs, and never fully heal authentication if new users can be created dynamically; proposes global updates plus post-compromise-secure signatures, with a security definition and instantiation.
2021-cwtch-risk-model	2021	PB6-deployed-messengers	limit_or_theory	Cwtch Security Handbook: Risk Model	graph/text/2021-cwtch-risk-model.txt	pdfs/2021-cwtch-risk-model.md	Explicit metadata context list, in the style that Bitmessage lacks.	Threat model naming the communication contexts Cwtch tries to protect (who, where, when, what, how) and the adversaries considered; metadata-resistance framing. Cwtch hides: IPs (Tor), who talks to whom outside the group/server; leaks that servers see group traffic volume and timing.
2021-cwtch-security-handbook	2021	PB6-deployed-messengers	system	Cwtch Security Handbook (introduction)	graph/text/2021-cwtch-security-handbook.txt	pdfs/2021-cwtch-security-handbook.md	none direct	Entry page of the Cwtch secure-development handbook; points to Tapir, Cwtch, group and server components.
2021-cwtch-server-component	2021	PB6-deployed-messengers	system	Cwtch Security Handbook: Cwtch Server	graph/text/2021-cwtch-server-component.txt	pdfs/2021-cwtch-server-component.md	Server-held group stream every member fetches in full, as in a Bitmessage stream scoped to a small group.	Describes the untrusted Cwtch server that stores and fans out group messages to all connected members; servers can be discarded. Server sees group message volume and online peers' onion identities, not content.
2021-das-divide-and-funnel	2021	PB2-metadata-private-systems	limit_or_theory	Divide and Funnel: a Scaling Technique for Mix-Networks	graph/text/2021-das-divide-and-funnel.txt	pdfs/2021-das-divide-and-funnel.pdf	Scaling technique that sets how many mixes users need for a target anonymity; follows from the anonymity-trilemma bounds.	Cost model: scaling technique distributing public-key work over many nodes without disconnecting message paths; sample anonymous broadcast protocol Streams carries 1 million messages with 16 s latency and 'one-in-a-billion' unlinkability, usable for anonymous microblogging and blockchain network-level anonymity.
2021-diaz-nym	2021	PB2-metadata-private-systems	system	The Nym Network: The Next Generation of Privacy Infrastructure	graph/text/2021-diaz-nym.txt	pdfs/2021-diaz-nym.pdf	Loopix-derived, incentivised public mixnet with anonymous-credential access control; answers Bitmessage's free-rider and PoW admission model with paid, credentialed bandwidth.	Cost model: Loopix-style Poisson mixing with cover traffic; nodes rewarded via a proof-of-mixing / reputation scheme paid in NYM tokens; users hold anonymous credentials (Coconut) to prove right-to-use. Trust: global passive adversary; latency set by mix delay parameter. See the separate analysis papers for measured delays.
2021-diaz-trilemmasimulator	2021	PB2-metadata-private-systems	measurement	Studying the anonymity trilemma with a discrete-event mix network simulator	graph/text/2021-diaz-trilemmasimulator.txt	pdfs/2021-diaz-trilemmasimulator.pdf	Quantifies anonymity, latency and bandwidth for Loopix-style, cMix-style (Elixxir) and HOPR designs; measurement-style evidence for the trilemma.	Cost model: discrete-event simulator; evaluates how user load, topology and mixing strategy change anonymity and end-to-end latency in Elixxir, HOPR and Nym configurations. No fixed users-supported figure.
2021-dimeo-sok-multidevice	2021	PB5-sessions-groups-pq	sok_or_survey	SoK: Multi-Device Secure Instant Messaging	graph/text/2021-dimeo-sok-multidevice.txt	pdfs/2021-dimeo-sok-multidevice.pdf	Bitmessage has no device concept (keys are copied by hand), the gap this SoK catalogues.	Systematisation of multi-device secure instant messaging: patterns for data transfer between devices and device management (linking and unlinking devices to an account, initial setup), evaluated across messengers on security, usability and privacy goals; outlines research gaps.
2021-duguey-thesis	2021	PB5-sessions-groups-pq	system	On the security of instant messaging: towards solutions for multi-device and group applications	graph/text/2021-duguey-thesis.txt	pdfs/2021-duguey-thesis.pdf	none direct	Thesis on reaching optimal security (forward secrecy, post-compromise security) in multi-device and group messaging, including 'Multi-Device for Signal' and group extensions with efficiency analysis.
2021-eskandarian-express	2021	PB2-metadata-private-systems	system	Express: Lowering the Cost of Metadata-hiding Communication with Cryptographic Privacy	graph/text/2021-eskandarian-express.txt	pdfs/2021-eskandarian-express.pdf	Mailbox model with write-privacy: senders write into a secret-shared mailbox table without servers learning which one, avoiding Bitmessage-style flooding; no synchronised rounds.	Cost model: two servers, symmetric crypto only, one DPF write per message; over 100x less bandwidth than Pung and Riposte, end-to-end cost of a whistleblowing app 6x lower. Trust: secure against one malicious server and any number of malicious clients; no global round needed.
2021-franzoni-clover	2021	PB4-source-anonymity-spam	system	Clover: an Anonymous Transaction Relay Protocol for the Bitcoin P2P Network	graph/text/2021-franzoni-clover.txt	pdfs/2021-franzoni-clover.pdf	Simpler proxy-style alternative to Dandelion++ for hiding who first sent a flooded object.	Clover relays a transaction through a randomly chosen proxy chain without building a propagation graph and limits the gain of an adversary opening many connections to one node. Adversary: eavesdropper observing the whole network (first-spy and rumor-centrality style) and a node-opening adversary; reports up to 10x lower deanonymisation accuracy than diffusion in simulation.
2021-ghaemi-pubsub-interoperability	2021			A Pub-Sub Architecture to Promote Blockchain Interoperability	graph/text/2021-ghaemi-pubsub-interoperability.txt	pdfs/2021-ghaemi-pubsub-interoperability.pdf		Publish/subscribe layer through which independent blockchains exchange events and data.
2021-guidi-libp2p-bitcoin	2021			A libP2P Implementation of the Bitcoin Block Exchange Protocol	graph/text/2021-guidi-libp2p-bitcoin.txt	pdfs/2021-guidi-libp2p-bitcoin.pdf		min-bitcoin block exchange on Go libp2p; uses a GossipSub publish-subscribe network to advertise blocks, then direct transfer. Evaluates libp2p in a blockchain setting.
2021-hagen-contact-discovery	2021	PB6-deployed-messengers	measurement	All the Numbers are US: Large-scale Abuse of Contact Discovery in Mobile Messengers	graph/text/2021-hagen-contact-discovery.txt	pdfs/2021-hagen-contact-discovery.pdf	Contrast: Bitmessage addresses are random keys, so no identifier-based enumeration, but also no discovery.	Measurement of contact-discovery abuse in WhatsApp, Signal and Telegram: mass crawls of phone numbers, profile data and OS/device leakage; proposes mitigations. Shows phone-number identifiers make the social graph enumerable regardless of E2EE.
2021-hashimoto-chained-cmpke	2021	PB5-sessions-groups-pq	building_block	A Concrete Treatment of Efficient Continuous Group Key Agreement via Multi-Recipient PKEs	graph/text/2021-hashimoto-chained-cmpke.txt	pdfs/2021-hashimoto-chained-cmpke.pdf	none direct	Chained CmPKE: a CGKA with an asymmetric bandwidth profile (small commit upload, receivers download more) based on multi-recipient PKE; post-quantum primitives tailored to it cut the growth rate of uploaded commit messages by two or three orders of magnitude; security proof included.
2021-hashimoto-pq-x3dh-deniable	2021	PB5-sessions-groups-pq	building_block	An Efficient and Generic Construction for Signal's Handshake (X3DH): Post-Quantum, State Leakage Secure, and Deniable	graph/text/2021-hashimoto-pq-x3dh-deniable.txt	pdfs/2021-hashimoto-pq-x3dh-deniable.pdf	none direct	Casts X3DH as a 'Signal-conforming' authenticated key exchange with a formal security model (including leakage of state) and gives the first efficient generic construction from standard primitives such as KEMs and signature schemes, instantiable post-quantum, with state-leakage resilience and a form of deniability.
2021-hmissi-mqttbrokers	2021			An MQTT Brokers Distribution Based on Mist Computing for Real-Time IoT Communications	graph/text/2021-hmissi-mqttbrokers.txt	pdfs/2021-hmissi-mqttbrokers.pdf		This work focuses on distributing the MQTT brokers over Mist nodes to satisfy the deadline constraints with the consideration of the limited resource of Mist nodes, and proposes an approach for the selection of the appropriate MqTT Mist broker.
2021-hu-merkle2	2021	PB5-sessions-groups-pq	system	Merkle^2: A Low-Latency Transparency Log System	graph/text/2021-hu-merkle2.txt	pdfs/2021-hu-merkle2.pdf	none direct	Low-latency transparency log (Merkle^2) with auditing: cuts monitoring cost by two-layer Merkle trees so that updates take effect quickly (no hour-long wait); applies to key transparency for E2EE.
2021-hue-privacyenhanced	2021			Privacy-Enhanced MQTT Protocol for Massive IoT	graph/text/2021-hue-privacyenhanced.txt	pdfs/2021-hue-privacyenhanced.pdf		<jats:p>The growing expectations for ubiquitous sensing have led to the integration of countless embedded sensors, actuators, and RFIDs in our surroundings.
2021-ishihara-mqttcomparative	2021			Comparative Evaluation of Dataflow Component Selection Methods in Distributed MQTT Broker Environment	graph/text/2021-ishihara-mqttcomparative.txt	pdfs/2021-ishihara-mqttcomparative.pdf		This paper proposes two component selection methods – Multicast and Anycast – for inter-component communication considering resource information and finds that Anycast provides a smaller number of hops than Multicast when the aggregated values are su ﬃ...
2021-issa-hecate	2021	PB5-sessions-groups-pq	building_block	Hecate: Abuse Reporting in Secure Messengers with Sealed Sender	graph/text/2021-issa-hecate.txt	pdfs/2021-issa-hecate.pdf	Abuse handling compatible with sender anonymity, the same tension Bitmessage addresses with proof of work.	Hecate: asymmetric message franking compatible with sealed sender (sender-anonymous delivery): reporting of abusive messages to a moderator with accountability and deniability, plus forward and backward secrecy and combination with source tracing, in the plain model with fewer primitive calls than the CRYPTO 2019 construction.
2021-javani-aot	2021	PB3-receiver-privacy	system	AOT: Anonymization by Oblivious Transfer	graph/text/2021-javani-aot.txt	pdfs/2021-javani-aot.pdf	OT-based mailbox: the tag on a board plays the part of Bitmessage's decryptable object, but retrieval is oblivious, so a fetching node cannot link receiver to message.	Mixnet whose final delivery uses oblivious transfer: level-3 nodes publish tags on a bulletin board, a receiver spots its tag (derived from a shared secret) and fetches the message by OT, so receiver anonymity survives even if all nodes are covert adversaries; works for offline receivers; receivers send periodic dummy requests. No benchmark numbers in the abstract.
2021-kaleem-edsc	2021			EDSC: An Event-Driven Smart Contract Platform	graph/text/2021-kaleem-edsc.txt	pdfs/2021-kaleem-edsc.pdf		Event-driven smart contract platform in which contracts react to subscribed events instead of transactions.
2021-kappos-lnprivacy	2020	PB4-source-anonymity-spam	attack_or_audit	An Empirical Analysis of Privacy in the Lightning Network	graph/text/2021-kappos-lnprivacy.txt	pdfs/2021-kappos-lnprivacy.pdf	Onion-routed payment paths as a Tor-like propagation substrate and its measured leakage.	Empirical analysis of privacy in the Lightning Network: heuristics linking channels and nodes to on-chain entities and inferring payment paths; shows route and endpoint information leaks. Adversary: passive observer of the public channel graph and blockchain, optionally with a few well-placed routing nodes.
2021-kogan-checklist	2021	PB3-receiver-privacy	system	Private Blocklist Lookups with Checklist	graph/text/2021-kogan-checklist.txt	pdfs/2021-kogan-checklist.pdf	Concrete price of making a high-volume membership lookup private instead of broadcasting a list, the comparison point for any hash-prefix or tag lookup.	Two-server PIR system with sublinear server time, applied to Google Safe Browsing lookups in Firefox: 3.3x more communication and 9.8x more server compute than the leaky partial-hash lookups, but 6.7x lower end-to-end server cost than prior two-server PIR. Its PIR is reused in the private contact discovery of Hetz et al.
2021-kuhn-onion-replies	2021	PB8-pq-anonymity	building_block	Onion Routing with Replies	graph/text/2021-kuhn-onion-replies.txt	pdfs/2021-kuhn-onion-replies.pdf	Gives anonymous reply paths, which Bitmessage lacks (a reply reveals the sender address).	First UC framework and two instantiations for onion routing with protected replies (updatable encryption; SNARG-authenticated payloads). Classical assumptions; the SNARG route and per-hop re-encryption bring large proofs/ciphertexts that a post-quantum port would have to replace with lattice or hash-based equivalents.
2021-len-partitioningoracle	2020	PB3-receiver-privacy	attack_or_audit	Partitioning Oracle Attacks	graph/text/2021-len-partitioningoracle.txt	pdfs/2021-len-partitioningoracle.pdf	Trial decryption against many candidate keys is the Bitmessage receive path; without key commitment, a crafted object can match many recipients or leak which key matched.	Shows that AEAD schemes without key commitment let one ciphertext decrypt under many keys, turning a decryption-success oracle into a fast multi-key guessing attack (password guessing in PAKE-like and Shadowsocks settings; speedups in the paper). Relevant to systems that trial-decrypt against many candidate keys.
2021-liu-omr	2022	PB2-metadata-private-systems	building_block	Oblivious Message Retrieval	graph/text/2021-liu-omr.txt	pdfs/2021-liu-omr.pdf	Outsources trial-decryption: a server scans the whole board for a recipient and returns a compact digest without learning which messages are theirs, the direct cryptographic answer to Bitmessage's receiver download cost.	Cost model: server cost about USD 1 per million messages scanned; digests decode in under 20 ms; board scan is linear per recipient. Trust: one non-colluding server cannot link recipients to messages.
2021-madathil-privatesignaling	2022	PB2-metadata-private-systems	building_block	Private Signaling	graph/text/2021-madathil-privatesignaling.txt	pdfs/2021-madathil-privatesignaling.pdf	Server-assisted notification of a recipient without linking sender and recipient; includes a TEE-based instantiation.	Cost model: server-aided private signaling; sender posts a message and a signal on a public board and only the recipient can tell it is theirs; constant work for sender and recipient (instead of scanning the board), full recipient privacy, UC-style definition. Compared against server-aided fuzzy message detection (Beck et al., CCS 2021), whose recipient work grows with privacy.
2021-martiny-sealed-sender	2021	PB6-deployed-messengers	attack_or_audit	Improving Signal's Sealed Sender	graph/text/2021-martiny-sealed-sender.txt	pdfs/2021-martiny-sealed-sender.pdf	Quantifies how weak sender hiding is without batching or cover traffic; Bitmessage hides recipients by flood but cannot hide sources to a global observer.	Shows Signal's sealed sender (sender hidden from the server) does not compose over a conversation: statistical disclosure attacks, made effective by default delivery receipts, link sealed-sender users in as few as 5 messages (theory and simulation), even for users on Tor or VPN. Proposes provably secure mitigations at low cost. Sender hidden per message only; recipient, timing and reply pattern visible to the server.
2021-mazmudar-you	2021			Do you feel a chill? Using PIR against chilling effects for censorship-resistant publishing	graph/text/2021-mazmudar-you.txt	pdfs/2021-mazmudar-you.pdf		We provide an architecture that uses information-theoretic private information retrieval to efficiently render a server node incapable of determining what content was retrieved in a given request by a user.
2021-modinger-k-anonymous-dc	2021	PB7-limits-theory-soks	building_block	Arbitrary Length k-Anonymous Dining-Cryptographers Communication	graph/text/2021-modinger-k-anonymous-dc.txt	pdfs/2021-modinger-k-anonymous-dc.pdf	Combines a small DC-net with flooding to give k-anonymity on a flooded network.	Three-phase broadcast (DC-net among a group of size k, then P2P flooding) for blockchain transaction dissemination; extends von Ahn's DC-net protocol to fair delivery of arbitrarily long messages from multiple senders; privacy/security analysis (k-anonymity within the group) and performance evaluation.
2021-modinger-shared-dining	2021	PB7-limits-theory-soks	building_block	Shared-Dining: Broadcasting Secret Shares using Dining-Cryptographers Groups	graph/text/2021-modinger-shared-dining.txt	pdfs/2021-modinger-shared-dining.pdf	Enforces anonymity in the DC-then-flood design that forwarders have no incentive to honour.	(n,k)-Shamir sharing of the message inside a DC group, then every member floods its share; any k shares reconstruct, fewer reveal nothing. Provides (n - |attackers|)-anonymity for up to k-1 attackers at 10-100 kB/s throughput. Fixes the incentive problem that members of a DC group may refuse to forward.
2021-modinger-statistical	2021			Statistical privacy-preserving message dissemination for peer-to-peer networks	graph/text/2021-modinger-statistical.txt	pdfs/2021-modinger-statistical.pdf		We show that the distribution of shortest paths in such a network can be modeled using a normal distribution $\mathc
2021-monero-mrl73-viewtags	2021	PB3-receiver-privacy	system	Reduce scan times with 1-byte-per-output 'view tag' (Monero Research Lab issue 73)	graph/text/2021-monero-mrl73-viewtags.txt	pdfs/2021-monero-mrl73-viewtags.md	Same 8-bit fuzzy pre-filter as ERC-5564, in a chain where every wallet scans every output.	Proposal to add a 1-byte view tag per output (first byte of a hash of the sender-receiver shared secret) so the wallet skips the remaining elliptic-curve operations for about 255/256 of outputs; proposer estimates a 50-70% scan reduction.
2021-mughees-onionpir	2021	PB2-metadata-private-systems	building_block	OnionPIR: Response Efficient Single-Server PIR	graph/text/2021-mughees-onionpir.txt	pdfs/2021-mughees-onionpir.pdf	PIR building block that cuts response size.	Cost model: 4.2x response overhead versus 100x for SealPIR; a 30 KB entry needs 128 KB download.
2021-ohno-mqttdistributed	2021			Distributed MQTT broker architecture using ring topology and its prototype	graph/text/2021-ohno-mqttdistributed.txt	pdfs/2021-ohno-mqttdistributed.pdf		This paper describes the architecture and detailed operations of multiple ring-based bro-kers in MQTT and reports a prototype of the proposed system and its evaluation, demonstrating that this proposal is a promising and suitable approach.
2021-pasdar-oracle-design-patterns	2021			Blockchain Oracle Design Patterns	graph/text/2021-pasdar-oracle-design-patterns.txt	pdfs/2021-pasdar-oracle-design-patterns.pdf		Design patterns for blockchain oracles, separating request-response, publish-subscribe and immediate-read styles.
2021-quarkslab-session-audit	2021	PB6-deployed-messengers	attack_or_audit	Oxen Session Audit: Technical Report (20-08-Oxen-REP v1.4)	graph/text/2021-quarkslab-session-audit.txt	pdfs/2021-quarkslab-session-audit.pdf	Independent review of an onion-routed, decentralised-storage design that replaces Bitmessage's flood model.	Quarkslab audit (3 x 10 days: Android, iOS, Desktop, plus 10 days on the redesigned message encryption/signature protocol). Findings include no TLS verification when fetching node IPs and keys from seed nodes (high), and some requests not routed through the onion network, enabling ISP tracking (moderate). Not exhaustive; reviews app and onion-routing integration, not a proof of metadata privacy.
2021-rohrer-kadcast-ng	2021			Kadcast-NG: A Structured Broadcast Protocol for Blockchain Networks	graph/text/2021-rohrer-kadcast-ng.txt	pdfs/2021-rohrer-kadcast-ng.pdf		Follow-up to Kadcast with improved structured broadcast and analysis.
2021-shi-bitmessage-plus	2021	PB1-bitmessage-heirs	system	Bitmessage Plus: A Blockchain-Based Communication Protocol With High Practicality	graph/text/2021-shi-bitmessage-plus.txt	pdfs/2021-shi-bitmessage-plus.pdf	Redesign that replaces PoW by proof of space, replaces flood-and-trial-decrypt by stealth-address destinations, and stores messages on a chain; keeps the broadcast of every message.	Direct successor proposal; the stealth-address step lets a recipient test an address tag instead of attempting full ECIES decryption, but scanning remains linear.
2021-simplex-agent-protocol	2021	PB6-deployed-messengers	system	SimpleX Agent Protocol	graph/text/2021-simplex-agent-protocol.txt	pdfs/2021-simplex-agent-protocol.md	Gives each contact pair a ratcheted session with fresh queues, replacing Bitmessage's static-key per-address encryption with no forward secrecy.	Agent layer above SMP: duplex connections built from two simplex queues, X3DH-like handshake, double ratchet per connection, queue rotation to different servers. Hides: content, relationship from any single server; offers forward secrecy and post-compromise security per connection.
2021-simplex-smp-spec	2021	PB6-deployed-messengers	system	SimpleX Messaging Protocol (SMP)	graph/text/2021-simplex-smp-spec.txt	pdfs/2021-simplex-smp-spec.md	Server-held queue with receiver-chosen random addresses is the opposite design to Bitmessage's broadcast stream; admission control is by authenticated queue commands rather than proof-of-work.	Spec of SMP: recipient-created unidirectional simplex queues with separate sender/recipient IDs and keys, per-queue command auth, deniable client authentication, queue rotation, proxying. Hides: sender identity and sender-recipient link from the server (different IDs per direction), content. Leaks: message timing and sizes (padded), recipient IP to its own server.
2021-spielvogel-tls	2021			TLS Beyond the Broker: Enforcing Fine-grained Security and Trust in Publish/Subscribe Environments for IoT	graph/text/2021-spielvogel-tls.txt	pdfs/2021-spielvogel-tls.pdf		We describe an enhancement of such a publish/subscribe mechanism to allow for enforcing specified security levels of publishers or subscribers by only forwarding messages via connections which satisfy the desired security levels.
2021-tabatabaee-mwdos	2021	PB4-source-anonymity-spam	attack_or_audit	One Bad Apple Spoils the Bunch: Transaction DoS in MimbleWimble Blockchains	graph/text/2021-tabatabaee-mwdos.txt	pdfs/2021-tabatabaee-mwdos.pdf	Source-hiding relay without validation opens a spam channel; the privacy-versus-abuse-control trade-off for any stem phase.	New denial-of-service attack on MimbleWimble (Beam) combining Dandelion++ private relay with transaction aggregation: an adversary controlling 10 percent of nodes can stop over 45 percent of transactions from reaching the blockchain. Adversary: minority of nodes in the stem path that silently drop or corrupt aggregated transactions; mitigations discussed.
2021-tian-iot-pubsub-access-control	2021			Exploiting Blockchain and Secure Access Control Scheme to Enhance Privacy-Preserving of IoT Publish-Subscribe System	graph/text/2021-tian-iot-pubsub-access-control.txt	pdfs/2021-tian-iot-pubsub-access-control.pdf		Blockchain plus secure access control for privacy-preserving IoT pub/sub.
2021-tor-prop327-pow	2020	PB4-source-anonymity-spam	building_block	Tor proposal 327: A First Take at PoW Over Introduction Circuits	graph/text/2021-tor-prop327-pow.txt	pdfs/2021-tor-prop327-pow.md	Production proof-of-work admission control with a dynamic effort target, the successor to the fixed per-object proof of work in Bitmessage.	Client puzzles (Equi-X, later) attached to onion-service introduction requests with a service-set effort level so that a flooding adversary pays CPU per request. Adversary: remote attacker who floods introduction points to exhaust a service (resource DoS), cannot be detected by identity.
2021-tron-book-of-swarm	2021	PB1-bitmessage-heirs	system	The Book of Swarm: Storage and Communication Infrastructure for a Self-Sovereign Digital Society	graph/text/2021-tron-book-of-swarm.txt	pdfs/2021-tron-book-of-swarm.pdf	Section 4.4 defines Trojan chunks: messages disguised as content-addressed chunks with mined nonces so that they land in the recipient neighbourhood; recipient trial-decrypts only chunks it stores. Direct answer to Bitmessage cost without f	Chapter on pss states it is Whisper-derived. Copy fetched is the later edition; first edition 2021.
2021-tron-swarm-whitepaper	2021	PB1-bitmessage-heirs	system	Swarm: Storage and Communication Infrastructure for a Self-Sovereign Digital Society (whitepaper v1.0)	graph/text/2021-tron-swarm-whitepaper.txt	pdfs/2021-tron-swarm-whitepaper.pdf	Network-layer description (forwarding Kademlia, privacy and caching) underlying pss; shorter than the book.	The URL was historically a 2016 paper; the file fetched is v1.0 of June 2021.
2021-tryquiet-readme	2021	PB1-bitmessage-heirs	system	Quiet: encrypted p2p team chat over Tor (README)	graph/text/2021-tryquiet-readme.txt	pdfs/2021-tryquiet-readme.md	Closed communities sync over Tor onion services with OrbitDB; no global flood, so no ambiguity set but the community graph is hidden from outsiders; README states it is unaudited.	README only; undated, year approximate.
2021-vac-waku2-lightpush-spec	2021	PB1-bitmessage-heirs	system	19/WAKU2-LIGHTPUSH	graph/text/2021-vac-waku2-lightpush-spec.txt	pdfs/2021-vac-waku2-lightpush-spec.md	Resource-restricted publishers hand a message to a service node for relay; moves publishing trust to the service node and exposes the publisher IP to it.	Living spec; year approximate.
2021-vac-waku2-payload-spec	2021	PB1-bitmessage-heirs	building_block	26/WAKU2-PAYLOAD	graph/text/2021-vac-waku2-payload-spec.txt	pdfs/2021-vac-waku2-payload-spec.md	Payload encryption: symmetric or ECIES with signature options carried over from Whisper; noted for what is hidden (content, optionally sender) and what is not (content topic).	Living spec; year approximate.
2021-vac-waku2-rln-relay-spec	2021	PB1-bitmessage-heirs	system	17/WAKU2-RLN-RELAY	graph/text/2021-vac-waku2-rln-relay-spec.txt	pdfs/2021-vac-waku2-rln-relay-spec.md	Replaces Bitmessage PoW admission with rate-limiting nullifiers: a zero-knowledge membership proof per epoch, slashing double signalling; anonymous anti-spam without hash work.	Companion paper is catalogued as 2022-taheri-waku-rln-relay. Living spec; year approximate.
2021-vatandas-signal-deniability	2021	PB5-sessions-groups-pq	limit_or_theory	On the Cryptographic Deniability of the Signal Protocol	graph/text/2021-vatandas-signal-deniability.txt	pdfs/2021-vatandas-signal-deniability.pdf	Sets the standard for what 'deniable' means for X3DH; Bitmessage objects are signed and thus non-deniable.	First formal study of offline deniability of the Signal protocol: building a deniability proof is non-trivial and needs strong assumptions (e.g. knowledge-type assumptions on groups); analyses implicitly authenticated key exchanges (X3DH, 3DH, HMQV-style) and proves deniability under those assumptions.
2021-vivek-attacks	2021			Attacks on a Privacy-Preserving Publish-Subscribe System and a Ride-Hailing Service	graph/text/2021-vivek-attacks.txt	pdfs/2021-vivek-attacks.pdf		In this work, we attack a privacy-preserving CA-PSS proposed by Nabeel et al. (2013), where we show that any entity in the system including the broker can learn the confidential subscriptions of the subscribers.
2021-wire-securitywhitepaper	2021	PB5-sessions-groups-pq	system	Wire Security Whitepaper	graph/text/2021-wire-securitywhitepaper.txt	pdfs/2021-wire-securitywhitepaper.pdf	Pairwise-session model (one ratchet per client pair) versus Bitmessage's single static key per address; legal hold shows the compliance pressure on E2EE designs.	Specifies Wire's Proteus protocol (an independent implementation of the Axolotl/Double Ratchet with prekeys and a last-resort prekey, using Curve25519, ChaCha20, HMAC-SHA256 and HKDF), end-to-end encryption between pairs of clients (up to 8 clients per user, conversations synchronised across devices), client registration, and a legal hold service that stores conversation content on a compliance server; relies on the 
2021-wolf-messaging	2021			Messaging with Purpose Limitation –Privacy-Compliant Publish-Subscribe Systems	graph/text/2021-wolf-messaging.txt	pdfs/2021-wolf-messaging.pdf		Purpose limitation is an important privacy principle to ensure that personal data may only be used for the declared purposes it was originally collected for.
2021-yumusak-low-diameter	2021			Low-diameter topic-based pub/sub overlay network construction with minimum–maximum node degree	graph/text/2021-yumusak-low-diameter.txt	pdfs/2021-yumusak-low-diameter.pdf		Yumusak et al.: low-diameter topic pub/sub overlay with min-max node degree (PeerJ CS).
2021-yumusak-novel-hypercube	2021			A Novel Hypercube-based Approach to Overlay Design Algorithms on Topic Distribution Networks	graph/text/2021-yumusak-novel-hypercube.txt	pdfs/2021-yumusak-novel-hypercube.pdf		Yumusak et al.: hypercube-based overlay design for topic distribution networks.
2022-abegg-distributed	2022			Distributed Publish/Subscribe Protocol with Minimum Number of Encryption	graph/text/2022-abegg-distributed.txt	pdfs/2022-abegg-distributed.pdf		Abstract not retrieved; classified from the title as core work on security.
2022-agostinho-smartpubsub	2022			SmartPubSub: Content-based Pub-Sub on IPFS	graph/text/2022-agostinho-smartpubsub.txt	pdfs/2022-agostinho-smartpubsub.pdf		Content-based pub/sub on IPFS with two protocols: ScoutSubs (fully decentralized) and FastDelivery (publisher-centred).
2022-albrecht-bridgefy-again	2022	PB6-deployed-messengers	attack_or_audit	Breaking Bridgefy, again: Adopting libsignal is not enough	graph/text/2022-albrecht-bridgefy-again.txt	pdfs/2022-albrecht-bridgefy-again.pdf	Mesh flooding of encrypted blobs, as in Bitmessage but over Bluetooth; analysed under protest-scale threat models.	Attacks on Bridgefy's Bluetooth mesh messenger after it adopted libsignal: still allows user-impersonation, MITM and denial-of-service; shows library adoption not sufficient. Mesh broadcasts are visible to nearby nodes (sender and routing metadata exposed).
2022-albrecht-telegram	2022	PB6-deployed-messengers	attack_or_audit	Four Attacks and a Proof for Telegram	graph/text/2022-albrecht-telegram.txt	pdfs/2022-albrecht-telegram.pdf	Reminder that mainstream messengers' default mode is client-server visible; strong metadata hiding is absent.	Analysis of MTProto 2.0 symmetric cryptography: four attacks (one practical, one theoretical, one timing side channel in three official clients, chained with a key-exchange server attack that enables a MitM) and a proof for a slightly modified variant. Telegram cloud chats are not E2EE; the server sees content and metadata.
2022-alwen-cocoa	2022	PB5-sessions-groups-pq	building_block	CoCoA: Concurrent Continuous Group Key Agreement	graph/text/2022-alwen-cocoa.txt	pdfs/2022-alwen-cocoa.pdf	none direct	CoCoA: concurrent CGKA in which many members rotate keys simultaneously in two rounds (the MLS 'propose and commit' pattern) without the damage or cost of prior concurrent schemes (which either made later operations costlier or weakened PCS); low communication and PCS retained.
2022-alwen-decaf	2022	PB5-sessions-groups-pq	building_block	DeCAF: Decentralizable Continuous Group Key Agreement with Fast Healing	graph/text/2022-alwen-decaf.txt	pdfs/2022-alwen-decaf.pdf	Decentralised group key agreement fits flooded or federated networks with no central sequencer.	DeCAF: decentralisable concurrent CGKA with fast healing (users heal after at most log(t) requests, t being the number of corrupted users) and low communication cost, usable without a central server to order updates; improves on CoCoA's healing speed.
2022-balbas-a-cgka	2022	PB5-sessions-groups-pq	building_block	Cryptographic Administration for Secure Group Messaging	graph/text/2022-balbas-a-cgka.txt	pdfs/2022-balbas-a-cgka.pdf	Chans in Bitmessage have no membership control; A-CGKA is the formal answer.	Administrated CGKA (A-CGKA): extends continuous group key agreement so that only designated group admins can add or remove members and update keys, with a correctness notion and security definitions; gives cryptographic guarantees on group membership instead of leaving administration to the application layer, which loses confidentiality and consistency.
2022-barman-groove	2022	PB2-metadata-private-systems	system	Groove: Flexible Metadata-Private Messaging	graph/text/2022-barman-groove.txt	pdfs/2022-barman-groove.pdf	Fixes the Bitmessage-relevant gaps of round-based systems: messages to offline buddies, multiple devices, low mobile cost, via oblivious delegation.	Cost model: 100 AWS servers over four data centres give 32 s latency for 1 million users with 50 buddies; Pixel 4 client uses about 100 MB per month and adds 50 mW (16 percent battery). Trust: anytrust-style, one honest server.
2022-barnes-rfc9180	2022	PB5-sessions-groups-pq	building_block	Hybrid Public Key Encryption	graph/text/2022-barnes-rfc9180.txt	pdfs/2022-barnes-rfc9180.pdf	Modern replacement for Bitmessage's ECIES to a static recipient key; still static-key, so forward secrecy must come from the surrounding protocol.	Standard KEM-DEM public-key encryption (DHKEM, KDF, AEAD) with base, PSK, auth modes; used by MLS for TreeKEM node encryption; sender authentication in auth mode but no forward secrecy of the recipient key.
2022-benguirat-mixnetoptimization	2022	PB2-metadata-private-systems	limit_or_theory	Mixnet optimization methods	graph/text/2022-benguirat-mixnetoptimization.txt	pdfs/2022-benguirat-mixnetoptimization.pdf	Treats mixnet parameters as an optimisation problem; shows poor parameter choices give little or no protection.	Cost model: methods to choose delays and topology to meet a target anonymity at minimal latency; shows variance in propagation delay and multi-core processing already helps when per-mix delay is very small.
2022-berjon-eventmesh	2022			An Event Mesh for Event Driven IoT Applications.	graph/text/2022-berjon-eventmesh.txt	pdfs/2022-berjon-eventmesh.pdf		Abstract not retrieved; included on title and venue (International Journal of Interactive Multimedia and Artificial Intelligence).
2022-bienstock-cgka-worst-case	2022	PB5-sessions-groups-pq	limit_or_theory	On the Worst-Case Inefficiency of CGKA	graph/text/2022-bienstock-cgka-worst-case.txt	pdfs/2022-bienstock-cgka-worst-case.pdf	Limits on how cheaply group keys can be rotated apply to chan-style flooded groups.	Negative results on worst-case efficiency of CGKA: shows that CGKA protocols with PCS cannot be efficient (sublinear in group size) in the worst case, only on natural operation sequences, a formal gap behind MLS's O(log n) best case.
2022-bienstock-dr-uc	2022	PB5-sessions-groups-pq	limit_or_theory	A More Complete Analysis of the Signal Double Ratchet Algorithm	graph/text/2022-bienstock-dr-uc.txt	pdfs/2022-bienstock-dr-uc.pdf	none direct	UC ideal functionality F_DR achieved by the Signal Double Ratchet that captures guarantees absent from the Cohn-Gordon et al. and Alwen-Coretti-Dodis analyses; constructs six modified DR variants that are insecure under F_DR yet secure under one or both earlier definitions, showing those definitions leave real gaps.
2022-blazy-marshal	2022	PB5-sessions-groups-pq	system	MARSHAL: Messaging with Asynchronous Ratchets and Signatures for faster HeALing	graph/text/2022-blazy-marshal.txt	pdfs/2022-blazy-marshal.pdf	none direct	Improves Signal's healing: Signal needs up to two full message chains to recover after compromise; MARSHAL (asynchronous ratchets plus signatures) recovers after about one chain while keeping forward secrecy.
2022-blazy-pcs-taxonomy	2022	PB5-sessions-groups-pq	limit_or_theory	How fast do you heal? A taxonomy for post-compromise security in secure-channel establishment	graph/text/2022-blazy-pcs-taxonomy.txt	pdfs/2022-blazy-pcs-taxonomy.pdf	Provides the vocabulary to say that a static key never heals (infinite healing time).	Framework to quantify and compare post-compromise security through a taxonomy of adversaries: how many messages after compromise until the channel heals; models the healing speed of Signal, an identity-based messaging protocol (SAID) and even 5G handover compositions.
2022-canetti-uc-messaging	2022	PB5-sessions-groups-pq	limit_or_theory	Universally Composable End-to-End Secure Messaging	graph/text/2022-canetti-uc-messaging.txt	pdfs/2022-canetti-uc-messaging.pdf	Composable definition of the properties a ratcheted channel gives, against which static-key designs can be compared.	UC model of Signal end-to-end secure messaging: an ideal functionality for messaging with a PKI and untrusted server against an adversary that controls the network and adaptively, momentarily compromises parties; captures Signal's forward secrecy and recovery of security and the exact conditions under which they break; decomposes Signal into PKI, continuous key exchange, epoch symmetric ratchets and AEAD functionalit
2022-chen-rotatable-zks	2022	PB5-sessions-groups-pq	building_block	Rotatable Zero Knowledge Sets: Post Compromise Secure Auditable Dictionaries with application to Key Transparency	graph/text/2022-chen-rotatable-zks.txt	pdfs/2022-chen-rotatable-zks.pdf	Post-compromise security for the key directory itself, the analogue of PCS for the session keys.	Rotatable zero-knowledge sets: append-only ZK sets for privacy-preserving key transparency that can restore privacy after a server compromise (post-compromise security of the directory) while keeping auditability.
2022-cherubin-onlinewf	2022	PB4-source-anonymity-spam	measurement	Online Website Fingerprinting: Evaluating Website Fingerprinting Attacks on Tor in the Real World	graph/text/2022-cherubin-onlinewf.txt	pdfs/2022-cherubin-onlinewf.pdf	Calibrates how much real-world traffic analysis threat remains for onion-service based messengers.	Evaluates fingerprinting on the live Tor network with a mix of user-like conditions and finds real-world accuracy lower than laboratory results but still meaningful. Adversary: passive local observer in the wild (no lab control).
2022-cip83-encrypted-metadata	2022	PB6-deployed-messengers	building_block	CIP-83: Encrypted Transaction Message/Comment Metadata	graph/text/2022-cip83-encrypted-metadata.txt	pdfs/2022-cip83-encrypted-metadata.md	Passphrase-shared encrypted message resembles a Bitmessage chan secret, but on a transparent ledger.	Symmetric encryption of the CIP-20 message under a shared passphrase (default value public in the spec). Hides content from non-holders of the passphrase; sender, recipient addresses and timing remain public; not a recipient-hiding design.
2022-cong-key-lattice	2022	PB5-sessions-groups-pq	building_block	The Key Lattice Framework for Concurrent Group Messaging	graph/text/2022-cong-key-lattice.txt	pdfs/2022-cong-key-lattice.pdf	Group key management over pairwise channels, matching deployments built from pairwise ratchets.	Key lattice framework: a key-management layer for concurrent group messaging over secure pairwise channels, with simpler game-based definitions combining forward secrecy and post-compromise security into directional notions; handles concurrent updates natively.
2022-corrigangibbs-pirsublinearamortized	2022	PB3-receiver-privacy	building_block	Single-Server Private Information Retrieval with Sublinear Amortized Time	graph/text/2022-corrigangibbs-pirsublinearamortized.txt	pdfs/2022-corrigangibbs-pirsublinearamortized.pdf	Replaces broadcast-and-trial-decrypt with indexed private retrieval: the recipient fetches only its slots and the server learns nothing about which; works only if the recipient can compute or look up the slot, which Bitmessage's address-les	First single-server PIR with sublinear amortized server time, sublinear extra storage and adaptive queries from standard assumptions (DDH, QR, LWE): the client downloads a hint costing linear server time once, then a bounded number of queries are answered in sublinear time; lower bound shows the best scheme is optimal for server online time versus client storage.
2022-cremers-pq-secure-messaging	2022	PB5-sessions-groups-pq	system	Secure Messaging with Strong Compromise Resilience, Temporal Privacy, and Immediate Decryption	graph/text/2022-cremers-pq-secure-messaging.txt	pdfs/2022-cremers-pq-secure-messaging.pdf	Temporal privacy (old messages stay private even if later keys leak) combined with immediate decryption is the design goal for out-of-order, store-and-forward delivery.	First provably secure messaging protocol achieving at once strong resilience to fine-grained compromise, temporal privacy and immediate decryption with constant-size overhead, in the post-quantum setting; introduces a new offline-deniability definition that the protocol meets when combined with a post-quantum offline-deniable initial key exchange.
2022-cremers-session-handling	2022	PB5-sessions-groups-pq	attack_or_audit	Formal Analysis of Session-Handling in Secure Messaging: Lifting Security from Sessions to Conversations	graph/text/2022-cremers-session-handling.txt	pdfs/2022-cremers-session-handling.pdf	Conversation-level (not session-level) forward secrecy and PCS, the level that matters for a multi-device user of a store-and-forward system.	Formal analysis of the session-handling layer (Sesame) above the Double Ratchet: shows experimentally that PCS can be violated in Signal by a clone attacker even with the Double Ratchet because merging multiple ratchet chains into one conversation lets the attacker's session persist; designs a fix (and a Tamarin-verified model) restoring FS and PCS at the conversation level.
2022-davidson-frodopir	2022	PB8-pq-anonymity	building_block	FrodoPIR: Simple, Scalable, Single-Server Private Information Retrieval	graph/text/2022-davidson-frodopir.txt	pdfs/2022-davidson-frodopir.pdf	Practical lattice PIR for mailbox-style retrieval instead of broadcast.	LWE-only PIR with an offline phase done by the server alone; under 1 s per query and small response blow-up on a 1 million x 1 KB database; avoids FHE machinery. Security: plain LWE (post-quantum).
2022-ding-publishing	2022			Publishing Asynchronous Event Times with Pufferfish Privacy	graph/text/2022-ding-publishing.txt	pdfs/2022-ding-publishing.pdf		We show that perturbation of event timestamps or adding fake events following carefully chosen distributions can address these privacy concerns.
2022-dowling-anonymous-rke	2022	PB5-sessions-groups-pq	limit_or_theory	Strongly Anonymous Ratcheted Key Exchange	graph/text/2022-dowling-anonymous-rke.txt	pdfs/2022-dowling-anonymous-rke.pdf	Closest theory to merging Bitmessage-style recipient privacy (key privacy, trial decryption) with ratcheted session keys.	Defines anonymity (hiding metadata about participants) for ratcheted key exchange under continuous, temporary exposure of user secrets, the first use of RKE to obtain strong anonymity guarantees under such exposure, and gives a strongly anonymous RKE construction alongside forward secrecy and post-compromise security.
2022-dowling-continuous-authentication	2022	PB5-sessions-groups-pq	building_block	Continuous Authentication in Secure Messaging	graph/text/2022-dowling-continuous-authentication.txt	pdfs/2022-dowling-continuous-authentication.pdf	Bitmessage addresses bind keys by hash but offer no ongoing authentication step; this adds authentication that heals.	Authentication Steps extension for Signal-like protocols: continuous authentication during a session using users' long-term secrets (no out-of-band channel needed), guaranteeing authenticity while long-term secrets stay uncompromised, strengthening post-compromise security and allowing after-the-fact detection of long-term secret compromise; formal definition, general construction, proof and prototype.
2022-dzakie-private-blockchain-mqtt-auth	2022			Sistem Berbasis Private Blockchain sebagai Penyedia Layanan Autentikasi Publisher-Broker-Subscriber Pada Protokol Message Queue Telemetry Transport	graph/text/2022-dzakie-private-blockchain-mqtt-auth.txt	pdfs/2022-dzakie-private-blockchain-mqtt-auth.pdf		Private blockchain as authentication service for publisher, broker and subscriber in MQTT.
2022-emura-membership-privacy	2022	PB5-sessions-groups-pq	building_block	Membership Privacy for Asynchronous Group Messaging	graph/text/2022-emura-membership-privacy.txt	pdfs/2022-emura-membership-privacy.pdf	Hides group membership from outsiders (and the server) without pairwise fan-out, the property chans obtain from a shared secret.	Membership privacy for asynchronous group messaging: extends the ART protocol (Cohn-Gordon et al.) with key-private, robust public-key encryption to hide membership-related values from non-members, and uses properties of the group common key to avoid the per-member pairwise cost of Chase et al.'s Signal private groups, so the scheme scales better.
2022-erc5564-stealth	2022	PB6-deployed-messengers	building_block	ERC-5564: Stealth Addresses	graph/text/2022-erc5564-stealth.txt	pdfs/2022-erc5564-stealth.md	On-chain announcement log that every recipient scans, with a view-tag optimisation; the metadata field is a small public message channel.	Announcer contract emits an Announcement event (stealth address, ephemeral key, 1-byte view tag, free-form metadata) that recipients scan with a viewing key; the view tag cuts scan work. Hides recipient identity behind stealth address; funding source of the stealth address and the announcement itself are public and linkable by timing.
2022-eskandarian-clarion	2022	PB2-metadata-private-systems	system	Clarion: Anonymous Communication from Multiparty Shuffling Protocols	graph/text/2022-eskandarian-clarion.txt	pdfs/2022-eskandarian-clarion.pdf	Mixnet-style shuffling done jointly by servers on secret shares, so no per-server verifiable shuffle; a faster route to sender anonymity than Bitmessage's flooding.	Cost model: three-server broadcast secure against one malicious server using symmetric crypto; 9.2x faster than a mixnet of verifiable shuffles for 32-byte messages (3.0x for 160-byte) and 11.8x faster than the MCMix conversation protocol. Extension to k servers secure against k-1 malicious ones with costlier preprocessing.
2022-fawwaz-mqttoptimal	2022			Optimal Distributed MQTT Broker and Services Placement for SDN-Edge Based Smart City Architecture	graph/text/2022-fawwaz-mqttoptimal.txt	pdfs/2022-fawwaz-mqttoptimal.pdf		This work forms an integer non-linear program to optimize container placement and avoid wasting edge computing resources and compares the proposed architecture to the existing distributed MQTT middleware architecture with greedy and random container...
2022-fleischhacker-compressencrypted	2022	PB3-receiver-privacy	limit_or_theory	How to Compress Encrypted Data	graph/text/2022-fleischhacker-compressencrypted.txt	pdfs/2022-fleischhacker-compressencrypted.pdf	Supplies the compression step that turns a scan of the whole board into a short digest for the recipient.	Obliviously compresses n ciphertexts of which at most t decrypt to non-zero into about t ciphertexts, with lower bounds; this is the digest step inside OMR and encrypted search.
2022-fortier-messagebroker	2022			Towards a Message Broker Free FaaS for Distributed Dataflow Applications	graph/text/2022-fortier-messagebroker.txt	pdfs/2022-fortier-messagebroker.pdf		We present an extended implementation of Dyninka, a framework to prototype FaaS-based distributed dataflow applications.
2022-frey-differentiated-gossips	2022			Differentiated Consistency for Worldwide Gossips	graph/text/2022-frey-differentiated-gossips.txt	pdfs/2022-frey-differentiated-gossips.pdf		Gossip dissemination with differentiated consistency levels across worldwide peers; cited by GossipSub large-message work.
2022-giannakopoulos-elastic	2022			An Elastic and Scalable Topic-Based Pub/Sub System Using Deep Reinforcement Learning	graph/text/2022-giannakopoulos-elastic.txt	pdfs/2022-giannakopoulos-elastic.pdf		Abstract not retrieved; classified from the title as core work on topic-based.
2022-grubbs-anonrobustpq	2021	PB8-pq-anonymity	limit_or_theory	Anonymous, Robust Post-Quantum Public Key Encryption	graph/text/2022-grubbs-anonrobustpq.txt	pdfs/2022-grubbs-anonrobustpq.pdf	Anonymity and robustness are exactly what trial decryption needs; this transfers them to post-quantum schemes.	Shows Fujisaki-Okamoto-derived PKE can be ANO-CCA anonymous and robust (no false decryptions to the wrong key) in the ROM/QROM, and flags that Kyber/Saber/NTRU-type KEMs lacked such proofs. Robustness matters for trial decryption: a wrong key must not accept a ciphertext.
2022-guidec-supportingconflict	2022			Supporting conflict-free replicated data types in opportunistic networks	graph/text/2022-guidec-supportingconflict.txt	pdfs/2022-guidec-supportingconflict.pdf		Experimental results show that delta-state-basedCRDTs globally outperforms operation-based and pure state-based CRDTs, especially when considering the number of messages required to ensure the synchronization of replicas.
2022-hagen-contactdiscoveryattacks	2022	PB3-receiver-privacy	measurement	Contact Discovery in Mobile Messengers: Low-cost Attacks, Quantitative Analyses, and Efficient Mitigations		pdfs/2022-hagen-contactdiscoveryattacks.pdf	Bitmessage avoids contact discovery by publishing everything, but any scheme that routes by address or tag must solve how a user learns the right address or slot without revealing their contacts.	Extended journal version of the NDSS 2021 study: larger cross-messenger measurement, quantitative analysis of abuse and rate-limiting mitigations for WhatsApp, Signal and Telegram.
2022-hashimoto-mls-metadata	2022	PB5-sessions-groups-pq	system	How to Hide MetaData in MLS-Like Secure Group Messaging: Simple, Modular, and Post-Quantum	graph/text/2022-hashimoto-mls-metadata.txt	pdfs/2022-hashimoto-mls-metadata.pdf	Direct answer to the Bitmessage question 'who can see membership and sender' in a group: shows metadata-hiding group key agreement is possible with logarithmic cost.	Generic wrapper turning any CGKA into a metadata-hiding CGKA: uses the continuously evolving shared group key to run an anonymous group-membership authentication towards the server (needs only a standard signature scheme), hiding who is in the group and who communicates, with modest overhead; the wrapper is post-quantum compatible when the CGKA and signature are.
2022-havet-overlaying-hypergraph	2022			Overlaying a hypergraph with a graph with bounded maximum degree	graph/text/2022-havet-overlaying-hypergraph.txt	pdfs/2022-havet-overlaying-hypergraph.pdf		Topic-connected overlay design: Overlaying a hypergraph with a graph with bounded maximum degree.
2022-henzinger-simplepir	2023	PB2-metadata-private-systems	building_block	One Server for the Price of Two: Simple and Fast Single-Server Private Information Retrieval (SimplePIR/DoublePIR)	graph/text/2022-henzinger-simplepir.txt	pdfs/2022-henzinger-simplepir.pdf	High-throughput PIR with client hint; used as the PIR engine in recent messaging prototypes.	Cost model: SimplePIR about 10 GB/s/core server throughput, 121 MB hint per 1 GB database and 242 KB per query; DoublePIR shrinks hint to 16 MB, 345 KB per query, 7.4 GB/s/core.
2022-hmissi-mqtttransparent	2022			TD-MQTT: Transparent Distributed MQTT Brokers for Horizontal IoT Applications	graph/text/2022-hmissi-mqtttransparent.txt	pdfs/2022-hmissi-mqtttransparent.pdf		The proposed approach, known as TD-MQTT (Transparent Distributed MQTT brokers), requires no prior knowledge of the brokers by the subscribers and will help to use IoT data without worrying about their location and dynamic configuration changes.
2022-ishibashi-pq-osake	2022	PB8-pq-anonymity	building_block	Post-Quantum Anonymous One-Sided Authenticated Key Exchange without Random Oracles	graph/text/2022-ishibashi-pq-osake.txt	pdfs/2022-ishibashi-pq-osake.pdf	Formal model for the key exchange an anonymous client runs with each relay or mailbox.	Generic constructions of anonymous one-sided AKE (client anonymous, server authenticated, as in Tor and Riffle) in the ROM and standard model; first post-quantum instantiation is isogeny-based (SIDH-era, since broken), so only the generic KEM-style framework carries over to ML-KEM.
2022-jeudy-lattice-anoncreds	2022	PB8-pq-anonymity	building_block	Lattice Signature with Efficient Protocols, Application to Anonymous Credentials	graph/text/2022-jeudy-lattice-anoncreds.txt	pdfs/2022-jeudy-lattice-anoncreds.pdf	Upper bound on what a post-quantum anonymous admission proof costs per message.	First lattice anonymous credential with practical sizes: proof of message-signature possession under 650 KB; showing a credential with 10 attributes of 128 bits and 4 disclosed below 730 KB. Earlier approaches needed tens to hundreds of MB. Assumptions: MSIS/MLWE-type.
2022-jin-secure	2022			Secure Publish-Process-Subscribe System for Dispersed Computing	graph/text/2022-jin-secure.txt	pdfs/2022-jin-secure.pdf		In this work, we present $\mathcal{XYZ}$, a secure publish-process-subscribe system that can preserve the confidentiality of computations and support multi-publisher-multi-subscriber settings.
2022-junior-performancepublish	2022			Performance evaluation of publish-subscribe systems in IoT using energy-efficient and context-aware secure messages	graph/text/2022-junior-performancepublish.txt	pdfs/2022-junior-performancepublish.pdf		A performance evaluation of a message structure that standardizes the publish-subscribe topic and payload used by the cloud platform and the IoT devices demonstrates that publish-subscribe systems can use the proposed energy-efficient message structure on IoT.
2022-klingler-confidentialite	2022			Confidentialité et traçabilité dans les systèmes publish/ subscribe pour des applications de santé	graph/text/2022-klingler-confidentialite.txt	pdfs/2022-klingler-confidentialite.pdf		French thesis on confidentiality and traceability in pub/sub systems for health applications.
2022-kumar-gossipsub-formal	2022			Formal Model-Driven Analysis of Resilience of GossipSub to Attacks from Misbehaving Peers	graph/text/2022-kumar-gossipsub-formal.txt	pdfs/2022-kumar-gossipsub-formal.pdf		ACL2s formal model of GossipSub v1.1; proves score-function properties and finds attacks (CVE-2022-47547) on Ethereum config.
2022-lazzaretti-nearoptimalpir	2022	PB3-receiver-privacy	limit_or_theory	Near-Optimal Private Information Retrieval with Preprocessing	graph/text/2022-lazzaretti-nearoptimalpir.txt	pdfs/2022-lazzaretti-nearoptimalpir.pdf	Replaces broadcast-and-trial-decrypt with indexed private retrieval: the recipient fetches only its slots and the server learns nothing about which; works only if the recipient can compute or look up the slot (a rendezvous or mailbox index)	First single-server PIR with amortized O~(sqrt n) server time and O~(1) bandwidth using client preprocessing and no extra server storage.
2022-li-sok	2022			SoK: TEE-Assisted Confidential Smart Contract	graph/text/2022-li-sok.txt	pdfs/2022-li-sok.pdf		Systematisation of TEE-assisted confidential smart-contract platforms.
2022-lin-deprir	2022	PB3-receiver-privacy	limit_or_theory	Doubly Efficient Private Information Retrieval and Fully Homomorphic RAM Computation from Ring LWE	graph/text/2022-lin-deprir.txt	pdfs/2022-lin-deprir.pdf	Replaces broadcast-and-trial-decrypt with indexed private retrieval: the recipient fetches only its slots and the server learns nothing about which; works only if the recipient can compute or look up the slot (a rendezvous or mailbox index)	Unkeyed doubly efficient PIR from RingLWE: preprocessing O(N^(1+eps)) size and time, then polylog(N) time and communication per query; database updates in time O(N^eps). Theory result, not yet practical.
2022-ma-stopping	2022			Stopping Silent Sneaks: Defending against Malicious Mixes with Topological Engineering	graph/text/2022-ma-stopping.txt	pdfs/2022-ma-stopping.pdf		In this paper, we focus our work on stratified Mixnets, a popular design with real-world adoption.
2022-manuceau-ipfs-pubsub-ca	2022			About decentralized swarms of asynchronous distributed cellular automata using inter-planetary file system's publish-subscribe experimental implementation	graph/text/2022-manuceau-ipfs-pubsub-ca.txt	pdfs/2022-manuceau-ipfs-pubsub-ca.pdf		Describes IPFS PubSub models (Floodsub, GossipSub, EpiSub) and measures bandwidth of cellular-automata swarms built on it on Grid'5000.
2022-maram-pq-anonymity-kyber	2022	PB8-pq-anonymity	limit_or_theory	Post-Quantum Anonymity of Kyber	graph/text/2022-maram-pq-anonymity-kyber.txt	pdfs/2022-maram-pq-anonymity-kyber.pdf	Justifies using Kyber/ML-KEM ciphertexts as recipient-anonymous objects in a flooded network.	Proves Kyber and hybrid PKE built from it are ANO-CCA secure in the QROM under MLWE (the 'hidden' ciphertext includes an FO re-encryption check). Result applies to the Kyber round-3 design; ML-KEM (FIPS 203) differs slightly in hashing the public key and implicit rejection, so a one-line re-check is needed.
2022-matsumoto-topic-distributed	2022			Topic-based distributed publish-process-subscribe system with metrics on geographic distance and permissible delay	graph/text/2022-matsumoto-topic-distributed.txt	pdfs/2022-matsumoto-topic-distributed.pdf		Topic-based distributed publish-process-subscribe system with metrics on geographic distance and permissible delay.
2022-menon-spiral	2022	PB2-metadata-private-systems	building_block	Spiral: Fast, High-Rate Single-Server PIR via FHE Composition	graph/text/2022-menon-spiral.txt	pdfs/2022-menon-spiral.pdf	PIR building block for mailbox messaging.	Cost model: at least 4.5x smaller queries, 1.5x smaller responses and 2x server throughput than previous systems; SpiralStreamPack 1.9 GB/s.
2022-monero-pr8061-viewtags	2022	PB3-receiver-privacy	system	Add view tags to outputs to reduce wallet scanning time (monero PR 8061)	graph/text/2022-monero-pr8061-viewtags.txt	pdfs/2022-monero-pr8061-viewtags.md	Measured payoff of an 8-bit pre-filter in a deployed wallet.	Implementation of view tags: measured scanning-time reductions of 30-40% or more on the author's machine; about 99.6% of outputs skip the expensive elliptic-curve step; an optional faster hash gave a further 1.5%.
2022-namada-masp-spec	2022	PB6-deployed-messengers	system	Namada specification: Multi-Asset Shielded Pool (MASP)	graph/text/2022-namada-masp-spec.txt	pdfs/2022-namada-masp-spec.md	Same scan-everything recipient model as Zcash/Bitmessage; shows no messaging-specific change.	Sapling-derived multi-asset shielded pool; notes carry encrypted ciphertext and a 512-byte memo, outputs scanned by viewing keys. Hides sender, recipient, amount and asset type of shielded transfers; transparent bridge amounts public.
2022-nasirifard-serverless	2022			A Serverless Publish/Subscribe System	graph/text/2022-nasirifard-serverless.txt	pdfs/2022-nasirifard-serverless.pdf		Operating a scalable and reliable server application, such as publish/subscribe (pub/sub) systems, requires tremendous development efforts and resources.
2022-newman-spectrum	2022	PB2-metadata-private-systems	system	Spectrum: High-bandwidth Anonymous Broadcast	graph/text/2022-newman-spectrum.txt	pdfs/2022-newman-spectrum.pdf	Replaces Bitmessage's flood-and-trial-decrypt with DC-net rounds: every client sends every round, so the recipient/sender is hidden without proof-of-work, but the anonymity set is bounded by the round size.	Cost model: two commodity servers; broadcasters share 1 GB in 13 h 20 min with an anonymity set of 10,000 (about USD 6.84 total); peak throughput 4 to 120,000 times faster than prior cryptographic systems in the broadcast setting. Trust: tolerates malicious clients and one malicious server (honest-but-non-colluding in the two-server setting).
2022-ohno-mqttcontrol	2022			The control mechanism of distributed MQTT brokers for large volume data transfer and its prototype system	graph/text/2022-ohno-mqttcontrol.txt	pdfs/2022-ohno-mqttcontrol.pdf		Abstract not retrieved; included on title and venue (IEICE Communications Express).
2022-park-superlinearity	2022	PB8-pq-anonymity	limit_or_theory	The Superlinearity Problem in Post-Quantum Blockchains	graph/text/2022-park-superlinearity.txt	pdfs/2022-park-superlinearity.pdf	Theoretical limit for using proof-of-work as spam control in a post-quantum network.	Shows proof-of-work can be undermined by quantum computation even when all primitives are post-quantum: any puzzle with a superlinear quantum speedup (e.g. Grover) creates incentive incompatibility, and a puzzle must scale linearly in work for quantum and classical solvers to be safe. Gives constructions/impossibilities for post-quantum-sound puzzles.
2022-peeroo-ddsexploring	2022			Exploring the Effects of Multicast Communication on DDS Performance	graph/text/2022-peeroo-ddsexploring.txt	pdfs/2022-peeroo-ddsexploring.pdf		The Data Distribution Service (DDS) is an Object Management Group (OMG) standard for high-performance and real-time systems.
2022-penumbra-fmd	2022	PB3-receiver-privacy	system	Fuzzy Message Detection (Penumbra protocol specification)	graph/text/2022-penumbra-fmd.txt	pdfs/2022-penumbra-fmd.md	Production adaptation of Beck et al.'s FMD for a shielded chain; the fix for scanning that Bitmessage lacks, with explicit leakage when the false-positive rate is wrong.	Deployed-chain specification of FMD: receiver FMD (receiver picks false-positive rate) and sender FMD (S-FMD: sender picks a consensus-determined rate, so precision adapts to global message rate), construction with constant-size keys, dummy clues so every transaction has as many clues as outputs, threat model, and a parameter-considerations page on statistical attacks that exploit knowledge of total messages and true
2022-penumbra-fmd-spec	2022	PB1-bitmessage-heirs	system	Penumbra protocol: Fuzzy Message Detection (S-FMD) chapters and note ciphertexts	graph/text/2022-penumbra-fmd-spec.txt	pdfs/2022-penumbra-fmd-spec.md	Detection keys let an untrusted server pre-filter outputs with a tunable false-positive rate, removing most of the full-chain trial decryption; the production design of what Beck et al. proposed.	Seven mdBook pages concatenated. Other slices hold 2022-penumbra-fmd and 2022-penumbra-fmd-spec variants.
2022-penumbra-protocol-detection-memo	2022	PB6-deployed-messengers	system	Penumbra protocol specification: addresses, detection keys, fuzzy message detection, memos and note ciphertexts	graph/text/2022-penumbra-protocol-detection-memo.txt	pdfs/2022-penumbra-protocol-detection-memo.md	Applies fuzzy message detection to ledger outputs; a middle path between full trial-decrypt (Bitmessage) and tags.	Shielded chain whose addresses carry a detection key; senders attach fuzzy-message-detection clues so a delegated detection server can filter transactions for a user with no false negatives and a user-chosen false-positive rate (a tunable precision/anonymity trade-off). Note ciphertexts and memos are encrypted; sender, recipient and amounts hidden on-chain. Leaks: a detection entity given several detection keys can l
2022-perry-meshmessaging	2022	PB2-metadata-private-systems	system	Strong Anonymity for Mesh Messaging	graph/text/2022-perry-meshmessaging.txt	pdfs/2022-perry-meshmessaging.pdf	Anonymous messaging over phone-to-phone mesh networks without Internet, the setting where flooding (Bitmessage-style) is natural; shows how to add strong anonymity.	Cost model: 200 users each sending every 30 s under pessimistic crowd density; more than 3,000 users each sending every minute under more realistic assumptions. Trust: no central server; global passive observers of the mesh.
2022-prunster-ipfseclipse	2022	PB4-source-anonymity-spam	attack_or_audit	Total Eclipse of the Heart - Disrupting the InterPlanetary File System	graph/text/2022-prunster-ipfseclipse.txt	pdfs/2022-prunster-ipfseclipse.pdf	Kademlia peer tables are eclipsed with cheap IDs; any DHT discovery used by a flooding messenger inherits this.	Eclipse attacks on IPFS nodes and content using a Kademlia/libp2p peer-table weakness, with low resource use. Adversary: attacker able to create many peer IDs close to the victim in key space, with limited bandwidth.
2022-rathee-ambient	2022			An Ambient Intelligence approach to provide secure and trusted Pub/Sub messaging systems in IoT environments	graph/text/2022-rathee-ambient.txt	pdfs/2022-rathee-ambient.pdf		Trust and security layer for pub/sub messaging in IoT environments.
2022-ribas-mqttself	2022			A New Approach to a Self-Organizing Federation of MQTT Brokers	graph/text/2022-ribas-mqttself.txt	pdfs/2022-ribas-mqttself.pdf		A new variant for MQ Telemetry Transport, providing a well-structured mechanism for building and orchestrating the federation of brokers, and demonstrating that the protocol can easily provide flexible reliability with low complexity.
2022-ricochet-refresh-protocol-v3	2022	PB6-deployed-messengers	system	Ricochet Protocol v3 (Tor v3 onion services)	graph/text/2022-ricochet-refresh-protocol-v3.txt	pdfs/2022-ricochet-refresh-protocol-v3.md	Peer-to-peer over Tor; no admission control other than contact approval (versus Bitmessage's PoW).	Wire protocol over Tor connection: packet/channel layers, contact request, chat channels, proof-of-possession of onion key. Content and identities hidden from network; each side learns the other's onion address after acceptance.
2022-schatz-hydra	2022	PB2-metadata-private-systems	system	Hydra: Practical Metadata Security for Contact Discovery, Messaging, and Dialing	graph/text/2022-schatz-hydra.txt	pdfs/2022-schatz-hydra.pdf	Mix-based answer to Bitmessage's source-timing and flooding weaknesses: layered encryption and cover traffic instead of broadcasting every object to every node.	Cost model: periodically (for example every ten minutes) built latency-aware, padded, onion-encrypted circuits used for connectionless contact requests and text; latency lower by an order of magnitude than round-based mixnet messengers; circuits upgradable to voice with slightly reduced anonymity. Trust: global observers, some malicious relays. Cited version is the SECRYPT 2021 paper.
2022-shirali-dcnetsurvey	2022	PB2-metadata-private-systems	sok_or_survey	A Survey on Anonymous Communication Systems with a Focus on Dining Cryptographers Networks	graph/text/2022-shirali-dcnetsurvey.txt	pdfs/2022-shirali-dcnetsurvey.pdf	Survey of DC-net variants and what each trades for scalability and disruption resistance.	Cost model: survey, no new numbers. Useful for the DC-net family tree (Herbivore, Dissent, Verdict, Riposte, PriFi).
2022-simplex-chat-protocol	2022	PB6-deployed-messengers	system	SimpleX Chat Protocol	graph/text/2022-simplex-chat-protocol.txt	pdfs/2022-simplex-chat-protocol.md	Groups without Bitmessage-style chans: membership is decentralised in clients, not shared by a passphrase.	Application message format for direct and group chat on top of SMP/agent: groups are client-side meshes of pairwise connections, no server group state. Hides: group membership from servers.
2022-simplex-platform-overview	2022	PB6-deployed-messengers	system	SimpleX: messaging and application platform	graph/text/2022-simplex-platform-overview.txt	pdfs/2022-simplex-platform-overview.md	Replaces Bitmessage's flood-and-trial-decrypt recipient ambiguity with unlinkable per-contact queues addressed by random IDs; no global broadcast so bandwidth is O(own messages), at the cost of trusting that sender and recipient relays do n	Overview of SimpleX: no user identifiers, unidirectional per-contact queues on relays, 2-hop onion private routing. Hides: relationship from servers (separate queues per contact, no global ID), content (E2EE), sender IP from recipient's relay (private routing). Does not hide: timing and queue activity from a colluding relay pair; recipient IP from its own relay.
2022-simplex-push-notifications	2022	PB6-deployed-messengers	system	SimpleX Push Notifications	graph/text/2022-simplex-push-notifications.txt	pdfs/2022-simplex-push-notifications.md	Mobile wake-up without polling a flood; Bitmessage has no mobile or push story.	Design of push notification delivery through APNS via notification server holding a per-queue token, without learning contacts or content. Leaks to Apple/notification server: device token and notification timing.
2022-simplex-xftp	2022	PB6-deployed-messengers	system	SimpleX File Transfer Protocol (XFTP)	graph/text/2022-simplex-xftp.txt	pdfs/2022-simplex-xftp.md	Out-of-band bulk transfer avoids flooding large objects to every node as Bitmessage must.	Large file transfer by splitting into encrypted chunks stored on independent relays, retrieved with one-time descriptions sent in-band. Hides: file content, link between chunks (different servers, per-chunk keys). Leaks chunk sizes.
2022-taheri-spam-protected-gossip	2022			Privacy-Preserving Spam-Protected Gossip-Based Routing	graph/text/2022-taheri-spam-protected-gossip.txt	pdfs/2022-taheri-spam-protected-gossip.pdf		Companion paper presenting RLN spam protection for gossip-based routing (the Waku2 relay).
2022-taheri-waku-rln-relay	2022			WAKU-RLN-RELAY: Privacy-Preserving Peer-to-Peer Economic Spam Protection	graph/text/2022-taheri-waku-rln-relay.txt	pdfs/2022-taheri-waku-rln-relay.pdf		Rate-limiting-nullifier spam protection for a GossipSub-based anonymous relay, with economic slashing.
2022-thambipillai-streamr-multicast-encryption	2022			Multicast Encryption in the Streamr Network	graph/text/2022-thambipillai-streamr-multicast-encryption.txt	pdfs/2022-thambipillai-streamr-multicast-encryption.pdf		End-to-end multicast encryption and key distribution for a decentralised pub/sub network with untrusted relay nodes.
2022-thoren-waku	2022			Waku: A Family of Modular P2P Protocols For Secure & Censorship-Resistant Communication	graph/text/2022-thoren-waku.txt	pdfs/2022-thoren-waku.pdf		Overview of the Waku protocol family: libp2p-GossipSub relay plus store, filter and light-push.
2022-trailofbits-simplex-audit	2022	PB6-deployed-messengers	attack_or_audit	SimpleX Chat Security Assessment (Trail of Bits, 2022-11-03)	graph/text/2022-trailofbits-simplex-audit.txt	pdfs/2022-trailofbits-simplex-audit.pdf	Contrast: Bitmessage has no commissioned audit; this is the model for audited protocols in this wave.	One person-week review (Oct 2022) of SimpleX Chat: four findings (X3DH secrets not passed through HKDF, incorrect pad/unpad for long/short messages, key material in unpinned memory). Implementation and cryptography audit, not an analysis of the metadata claims.
2022-tumas-xrp-multicast	2022			Probabilistic Edge Multicast Routing for the XRP Network	graph/text/2022-tumas-xrp-multicast.txt	pdfs/2022-tumas-xrp-multicast.pdf		Probabilistic multicast routing at the edge to replace XRPL flooding; precursor to the GossipSub-on-XRPL work.
2022-tzialla-transparencydictionaries	2022	PB5-sessions-groups-pq	building_block	Transparency Dictionaries with Succinct Proofs of Correct Operation	graph/text/2022-tzialla-transparencydictionaries.txt	pdfs/2022-tzialla-transparencydictionaries.pdf	Directory-auditing building block; Bitmessage avoids a directory by self-certifying addresses.	Verdict: a transparency dictionary (untrusted service keeps a label-value map used for end-to-end-encryption key lookup) that proves publicly verifiably that every read and authorised update was executed correctly; composes indexed Merkle trees (SNARK-friendly) with the Phalanx SNARK for amortised constant-size proofs; scales to millions of labels with modest overhead.
2022-vac-rln-v1-spec	2022	PB1-bitmessage-heirs	building_block	32/RLN-V1 (Rate Limit Nullifier)	graph/text/2022-vac-rln-v1-spec.txt	pdfs/2022-vac-rln-v1-spec.md	Rate-limiting nullifier construction with Shamir secret sharing in a Merkle membership proof; the anonymous-credential rate limiting used instead of PoW.	Living spec; year approximate.
2022-vac-waku2-x3dh-spec	2022	PB1-bitmessage-heirs	building_block	53/WAKU2-X3DH	graph/text/2022-vac-waku2-x3dh-spec.txt	pdfs/2022-vac-waku2-x3dh-spec.md	X3DH key agreement for Waku one-to-one sessions; gives forward secrecy with pre-key bundles, absent in Bitmessage.	Living spec; year approximate.
2022-waku-noise-sessions	2022	PB6-deployed-messengers	building_block	Noise sessions in Waku for 1-to-1 communication	graph/text/2022-waku-noise-sessions.txt	pdfs/2022-waku-noise-sessions.md	Derives rendezvous content topics from handshake secrets, similar in spirit to Briar's BRP and Bitmessage's tag-based lookup.	Noise handshake-based session setup for 1:1 channels over Waku content topics with deterministic topic derivation and optional QR pairing.
2022-wallez-treesync	2022	PB5-sessions-groups-pq	limit_or_theory	TreeSync: Authenticated Group Management for Messaging Layer Security	graph/text/2022-wallez-treesync.txt	pdfs/2022-wallez-treesync.pdf	Membership integrity and authenticated group state are exactly what chan passphrases do not provide.	Formalises TreeSync, MLS's group-integrity and authentication layer (authenticated tree of members and keys); gives a verified F* implementation and proves that group members agree on the tree and that only authorised members change it; identifies flaws in early drafts' state authentication.
2022-xagawa-anonymitykems	2021	PB8-pq-anonymity	limit_or_theory	Anonymity of NIST PQC Round 3 KEMs	graph/text/2022-xagawa-anonymitykems.txt	pdfs/2022-xagawa-anonymitykems.pdf	First systematic answer to whether post-quantum KEM ciphertexts hide the recipient key.	Analyses ANO-CCA of all Round-3 KEMs: NTRU, BIKE, FrodoKEM, NTRU LPRime and SIKE are anonymous in the QROM; Classic McEliece needs a strongly disjoint-simulatable PKE; HQC fails for two of three parameter sets in the then-current design; Kyber and Saber had a gap in the QROM IND-CCA proof. Supersedes ePrint 2021/741.
2022-xie-zkbridge	2022			zkBridge: Trustless Cross-chain Bridges Made Practical	graph/text/2022-xie-zkbridge.txt	pdfs/2022-xie-zkbridge.pdf		Zero-knowledge proofs of consensus let a destination chain verify source-chain events without a trusted relayer.
2022-yin-hdwalletstealth	2022	PB3-receiver-privacy	building_block	Secure Hierarchical Deterministic Wallet Supporting Stealth Address	graph/text/2022-yin-hdwalletstealth.txt	pdfs/2022-yin-hdwalletstealth.pdf	Bitmessage addresses are static and the public key is looked up by everyone; stealth/one-time addresses give per-message recipient keys, at the cost that the recipient must scan (an ECDH per candidate) unless a tag or detection key short-cu	First formal syntax and security model for HD wallets that also support stealth addresses, with a construction secure against derived-key exposure.
2022-zaarour-openpubsub-supporting	2022			OpenPubSub: Supporting Large Semantic Content Spaces in Peer-to-Peer Publish/Subscribe Systems for the Internet of Multimedia Things	graph/text/2022-zaarour-openpubsub-supporting.txt	pdfs/2022-zaarour-openpubsub-supporting.pdf		Zaarour et al.: OpenPubSub, semantic content-space P2P pub/sub (IEEE IoT-J).
2022-zhang-formal-def-metadata-private-messaging	2022	PB2-metadata-private-systems	attack_or_audit	Formal Security Definition of Metadata-Private Messaging	graph/text/2022-zhang-formal-def-metadata-private-messaging.txt	pdfs/2022-zhang-formal-def-metadata-private-messaging.pdf	Formal game for metadata-private messaging; basis for judging claims such as Bitmessage's.	Cost model: none; gives a complete definition of metadata-private messaging that accounts for compromised friends and describes a compromised-friend attack variant against Addra-style deployments (their Anysphere app). Slug follows the other collector's copy (same file).
2022-zip231-memo-bundles	2024	PB6-deployed-messengers	building_block	ZIP 231: Memo Bundles	graph/text/2022-zip231-memo-bundles.txt	pdfs/2022-zip231-memo-bundles.md	Addresses the scan-cost vs message-size trade-off that Bitmessage also faces.	Draft to replace the fixed 512-byte memo with variable-length, separately-encrypted memo bundles so shielded transactions can carry larger messages without scanning cost for non-recipients.
2023-abdennebi-latticepubsub	2023	PB3-receiver-privacy	building_block	A Lattice-based Publish-Subscribe Communication Protocol using Accelerated Homomorphic Encryption Primitives	graph/text/2023-abdennebi-latticepubsub.txt	pdfs/2023-abdennebi-latticepubsub.pdf	Cost data for attribute-policy matching on encrypted pub/sub messages.	GPU acceleration of lattice KP-ABE encryption and homomorphic evaluation for pub/sub: 2.1x (encrypt) and 13.2x (homomorphic evaluation) faster than CPU on an i9, supporting up to 128 attributes.
2023-agrawal-traceablemixnets	2023	PB2-metadata-private-systems	building_block	Traceable mixnets	graph/text/2023-agrawal-traceablemixnets.txt	pdfs/2023-agrawal-traceablemixnets.pdf	Tracing of mixed items for accountability, relevant to abuse handling in metadata-private systems.	Cost model: mixnet variant that selectively reveals chosen input-output associations (tracing) while keeping the rest hidden; motivated by e-voting. No messaging cost numbers; relevant to accountability and abuse handling.
2023-ahmad-pantheon	2023	PB3-receiver-privacy	building_block	Pantheon: Private Retrieval from Public Key-Value Store	graph/text/2023-ahmad-pantheon.txt	pdfs/2023-ahmad-pantheon.pdf	Key-value lookup by tag is the retrieval primitive for a topic-addressed Bitmessage replacement.	Single-round private lookup in a public key-value store, 93x lower server-side latency than the prior state of the art through refined cryptography and massive parallelism; no numbers recorded beyond that.
2023-alam-formal	2023			Formal verification of the pub-sub blockchain interoperability protocol using stochastic timed automata	graph/text/2023-alam-formal.txt	pdfs/2023-alam-formal.pdf		In recent times, the research on blockchain interoperability has gained momentum, enabling the entities from different heterogeneous blockchain networks to communicate with each other seamlessly.
2023-albrecht-matrix	2023	PB6-deployed-messengers	attack_or_audit	Practically-exploitable Cryptographic Vulnerabilities in Matrix	graph/text/2023-albrecht-matrix.txt	pdfs/2023-albrecht-matrix.pdf	Shows that federated-server mediation of group key distribution is a weaker trust base than Bitmessage's passphrase chans, but with server-visible metadata that Bitmessage's flood avoids.	Several practically-exploitable attacks by a malicious homeserver on Matrix and Element end-to-end encryption, invalidating its confidentiality and authentication claims (insecure-by-design pieces, protocol confusion, missing domain separation, implementation bugs across Olm, Megolm, key backup, key sharing and verification). The server sees room membership, senders, timing and sizes by design.
2023-alwen-fork-resilient	2023	PB5-sessions-groups-pq	limit_or_theory	Fork-Resilient Continuous Group Key Agreement	graph/text/2023-alwen-fork-resilient.txt	pdfs/2023-alwen-fork-resilient.pdf	Decentralised/unreliable delivery causes forks; a Bitmessage-style flood network inherits that problem.	Defines fork-resilient CGKA: after the group state forks (diverging histories from server or network failures), members can re-merge safely; shows MLS-like protocols cannot recover safely and proposes a fork-resilient construction using key-update and commit structure.
2023-amozarrain-publishsubscribe	2023			Using publish/subscribe for message routing in mobile environments	graph/text/2023-amozarrain-publishsubscribe.txt	pdfs/2023-amozarrain-publishsubscribe.pdf		MFT-PubSub is a purely reactive solution for mobility in a publish/subscribe system without any kind of limits on the mobility patterns of the nodes, and is compared with AODV, a routing protocol for mobile ad hoc networking.
2023-apple-ckv	2023	PB5-sessions-groups-pq	system	Advancing iMessage security: iMessage Contact Key Verification	graph/text/2023-apple-ckv.txt	pdfs/2023-apple-ckv.md	Bitmessage avoids a key directory by embedding the key hash in the address; the cost is no human-readable names. Key transparency is how directory-based systems close the same trust gap.	Key transparency for the iMessage key directory: a verifiable log lets devices detect a malicious or compromised directory serving the wrong keys; users get automatic verification plus an out-of-band check; claims detection (not prevention) of key-directory attacks.
2023-attarian-mixflow	2023	PB2-metadata-private-systems	attack_or_audit	MixFlow: Assessing Mixnets Anonymity with Contrastive Architectures and Semantic Network Information	graph/text/2023-attarian-mixflow.txt	pdfs/2023-attarian-mixflow.pdf	Flow-correlation attack on Poisson-mixing designs: shows delay and cover alone do not stop end-to-end linking.	Cost model: attack; about 90 percent accuracy correlating chat flows even with cover traffic of 60 packets per minute and Poisson delay of 50 s.
2023-auerbach-pcs-cost-concurrent	2023	PB5-sessions-groups-pq	limit_or_theory	On the Cost of Post-Compromise Security in Concurrent Continuous Group-Key Agreement	graph/text/2023-auerbach-pcs-cost-concurrent.txt	pdfs/2023-auerbach-pcs-cost-concurrent.pdf	none direct	Examines the cost of post-compromise security in concurrent CGKA: sequential TreeKEM updates need all users to process previous updates; later TreeKEM versions allow concurrent updates at communication overhead linear in the number of concurrent updaters, and the paper gives bounds on what PCS costs under concurrency.
2023-auvolat-basalt	2023			Basalt: A Rock-Solid Byzantine-Tolerant Peer Sampling for Very Large Decentralized Networks	graph/text/2023-auvolat-basalt.txt	pdfs/2023-auvolat-basalt.pdf		Byzantine-tolerant peer sampling for very large decentralized networks, a membership primitive for gossip.
2023-balbas-sender-keys	2023	PB5-sessions-groups-pq	limit_or_theory	WhatsUpp with Sender Keys? Analysis, Improvements and Security Proofs	graph/text/2023-balbas-sender-keys.txt	pdfs/2023-balbas-sender-keys.pdf	Sender Keys is the deployed model closest to a chan: one symmetric key per sender and no healing.	First formal analysis of the Sender Keys protocol (used by WhatsApp and Signal groups): new security model for Sender Keys-like protocols integrating two-party messaging, proof of a form of forward secrecy, identification of shortcomings (notably the lack of post-compromise security) and a practical improved protocol with proofs.
2023-barnes-rfc9420	2023	PB5-sessions-groups-pq	system	The Messaging Layer Security (MLS) Protocol	graph/text/2023-barnes-rfc9420.txt	pdfs/2023-barnes-rfc9420.pdf	The group answer Bitmessage lacks: chans there share one passphrase-derived key forever, so membership change means a new key for everyone and no PCS. MLS gives per-epoch keys and cheap add/remove.	Asynchronous group key establishment with a ratchet tree (TreeKEM): O(log n) updates, forward secrecy and post-compromise security for groups, authenticated membership changes via Add/Update/Remove proposals and Commits, epoch-based key schedule; claims confidentiality, integrity, authentication, membership agreement, asynchronicity, PCS; leaves open metadata hiding and concurrency/robustness limits.
2023-beame-cumulative-memory-quantum	2023	PB8-pq-anonymity	limit_or_theory	Cumulative Memory Lower Bounds for Randomized and Quantum Computation	graph/text/2023-beame-cumulative-memory-quantum.txt	pdfs/2023-beame-cumulative-memory-quantum.pdf	Theory for swapping Bitmessage's compute PoW for a memory-hard one that stays hard under quantum speedups.	Proves cumulative memory complexity lower bounds for randomized and quantum circuits (extending to quantum the classical pebbling-based memory-hardness proofs); supports using memory-hard puzzles when a quantum adversary is considered, because Grover does not compress cumulative memory-time.
2023-beguinet-tamarin-pqsignal	2023	PB5-sessions-groups-pq	attack_or_audit	Formal Verification of a Post-Quantum Signal Protocol with Tamarin	graph/text/2023-beguinet-tamarin-pqsignal.txt	pdfs/2023-beguinet-tamarin-pqsignal.pdf	none direct	Tamarin model of a post-quantum variant of Signal (PQ handshake and ratchet) checking secrecy, forward secrecy and post-compromise security against a Dolev-Yao adversary with KEM-based replacements; reports no attacks in the modelled variant.
2023-beres-ethp2psim	2023	PB4-source-anonymity-spam	measurement	ethp2psim: Evaluating and deploying privacy-enhanced peer-to-peer routing protocols for the Ethereum network	graph/text/2023-beres-ethp2psim.txt	pdfs/2023-beres-ethp2psim.pdf	Tooling for comparing source-hiding gossip variants; relevant when estimating how a flood-based messenger leaks origin.	Simulator to evaluate and deploy privacy-enhanced P2P transaction routing protocols (Dandelion++-like, k-anonymous variants) for Ethereum against first-spy style adversaries. Adversary: passive network observers and spy coalitions placed at configurable positions.
2023-beullens-lattice-blind-sig	2023	PB8-pq-anonymity	building_block	Lattice-Based Blind Signatures: Short, Efficient, and Round-Optimal	graph/text/2023-beullens-lattice-blind-sig.txt	pdfs/2023-beullens-lattice-blind-sig.pdf	Sets the floor for post-quantum anonymous token size, orders of magnitude above a 64-byte ECDSA signature.	Two-round blind signature, signature 22 KB, transcript as small as 60 KB; standard lattice assumptions (Ring/Module-SIS, LWE, NTRU). Compare roughly 45 KB for Agrawal et al. and about 100 KB for del Pino-Katsumata.
2023-bevilaqua-mqttself	2023			Self-Managed Federation of MQTT Brokers with Dynamic Topology Control	graph/text/2023-bevilaqua-mqttself.txt	pdfs/2023-bevilaqua-mqttself.pdf		Abstract not retrieved; included on title and venue (Journal of Computer Science).
2023-bicer-ohe	2023	PB3-receiver-privacy	building_block	Oblivious Homomorphic Encryption	graph/text/2023-bicer-ohe.txt	pdfs/2023-bicer-ohe.pdf	Removes the need for every recipient to download and trial-decrypt the whole board, which is Bitmessage's recipient-ambiguity mechanism, while keeping the server blind to who each message is for; stronger than a fuzzy filter but needs FHE o	OHE: an FHE service separates the computation spaces of multiple clients while staying blind about whom each result belongs to; used as a generic route to OMR-like services. No benchmark numbers recorded here.
2023-bienstock-asmesh	2023	PB5-sessions-groups-pq	system	ASMesh: Anonymous and Secure Messaging in Mesh Networks Using Stronger, Anonymous Double Ratchet	graph/text/2023-bienstock-asmesh.txt	pdfs/2023-bienstock-asmesh.pdf	A direct successor of Bitmessage's setting (untrusted relays, no server) that adds a ratchet and unlinkable headers.	Messaging for mesh networks (no central relay; clients relay ciphertexts, for scenarios such as mass protests in censored networks): a new security model capturing forward and post-compromise security as well as forward and post-compromise anonymity, stronger confidentiality goals possible because of delay and distribution, and ASMesh, a provably secure protocol built on a stronger anonymous Double Ratchet; motivated
2023-bip352-silent-payments	2023	PB6-deployed-messengers	building_block	BIP 352: Silent Payments	graph/text/2023-bip352-silent-payments.txt	pdfs/2023-bip352-silent-payments.md	Scan-all recipient model on a public ledger, with the scan key delegable for bandwidth.	Static receiver address; sender derives unique output script from input keys; the receiver scans all eligible transactions with its scan key (delegable to a scan-only server). No notification message. Hides relationship and recipient from observers; sender inputs are public.
2023-brigham-sealed-sender-groups	2023	PB6-deployed-messengers	attack_or_audit	Poster: No safety in numbers: traffic analysis of sealed-sender groups in Signal	graph/text/2023-brigham-sealed-sender-groups.txt	pdfs/2023-brigham-sealed-sender-groups.pdf	Concrete traffic-analysis limit on sender hiding without batching or cover traffic; Bitmessage's flood avoids recipient-side leakage but is global-adversary timing-exposed.	Extends the Martiny et al. statistical disclosure attack on Signal's sealed sender from pairs to whole group conversations: the server, seeing who receives messages and the receipts, can recover group membership. Sealed sender hides the sender per message only.
2023-chervinski-scalable-cross-chain-messaging	2023			Towards Scalable Cross-Chain Messaging	graph/text/2023-chervinski-scalable-cross-chain-messaging.txt	pdfs/2023-chervinski-scalable-cross-chain-messaging.pdf		Scalable cross-chain messaging between blockchains.
2023-chevalier-quarantined-treekem	2023	PB5-sessions-groups-pq	building_block	Quarantined-TreeKEM: a Continuous Group Key Agreement for MLS, Secure in Presence of Inactive Users	graph/text/2023-chevalier-quarantined-treekem.txt	pdfs/2023-chevalier-quarantined-treekem.pdf	Inactive members are common in asynchronous delivery; relevant to store-and-forward groups.	Quarantined-TreeKEM: handles inactive users who would otherwise block PCS and FS in TreeKEM by putting them in quarantine; keeps the same security level for active members with limited extra cost.
2023-collins-real-deniability	2023	PB5-sessions-groups-pq	limit_or_theory	Real-World Deniability in Messaging	graph/text/2023-collins-real-deniability.txt	pdfs/2023-collins-real-deniability.pdf	Bitmessage's non-repudiable signatures are the extreme case; this paper argues even 'deniable' protocols give little practical deniability.	Model of real-world deniability that covers the whole messaging system (not only the cryptographic protocol); concludes Signal and DKIM-signed email give no practical deniability; also finds, in 140 Swiss court cases, that no judgment considered deniability.
2023-corsaro-zenohunifying	2023			Zenoh: Unifying Communication, Storage and Computation from the Cloud to the Microcontroller	graph/text/2023-corsaro-zenohunifying.txt	pdfs/2023-corsaro-zenohunifying.pdf		Zenoh a Pub/Sub-/Query protocol that unifies data at rest, data in motion and computations is introduced that runs and perform on constrained as well as on high end networks and hardware.
2023-cremers-keeping-up-kems	2023	PB5-sessions-groups-pq	building_block	Keeping Up with the KEMs: Stronger Security Notions for KEMs and Automated Analysis of KEM-based protocols	graph/text/2023-cremers-keeping-up-kems.txt	pdfs/2023-cremers-keeping-up-kems.pdf	The KEM binding properties are what the PQXDH verification found missing; relevant to any post-quantum upgrade of static-key encryption.	Stronger security notions for KEMs (binding of the shared secret to ciphertext and public key; the KEM binding property needed by PQXDH and similar protocols) and a symbolic analysis method (Tamarin) for protocols that use KEMs; shows relations between notions and applies them to protocols including Signal-style handshakes.
2023-cure53-deltachat-audit	2023	PB6-deployed-messengers	attack_or_audit	Pentest-Report Delta Chat Mail-Server Template & Libraries 02.2023 (MER-01)	graph/text/2023-cure53-deltachat-audit.txt	pdfs/2023-cure53-deltachat-audit.pdf	none direct	Audit of the chatmail/mail-server template and networking libraries; eight issues including unencrypted SQLite storage. Concerns the server side where all Delta Chat metadata resides.
2023-eip6538-stealthregistry	2023	PB3-receiver-privacy	system	ERC-6538: Stealth Meta-Address Registry	graph/text/2023-eip6538-stealthregistry.txt	pdfs/2023-eip6538-stealthregistry.md	A public key directory for stealth keys; the discovery step that Bitmessage does with address-to-pubkey requests.	Canonical on-chain registry mapping a registrant to its stealth meta-address, so a sender can find the recipient's scan and spend keys without interaction.
2023-eskandarian-abusereporting	2024	PB2-metadata-private-systems	building_block	Abuse Reporting for Metadata-Hiding Communication Based on Secret Sharing	graph/text/2023-eskandarian-abusereporting.txt	pdfs/2023-eskandarian-abusereporting.pdf	Abuse reports in secret-sharing-based systems such as Express and Riposte.	Cost model: see paper.
2023-facebook-messengere2ee	2023	PB5-sessions-groups-pq	system	Messenger End-to-End Encryption Overview	graph/text/2023-facebook-messengere2ee.txt	pdfs/2023-facebook-messengere2ee.pdf	Shows how a large service layers storage and history restore on a ratcheted pairwise design, the property trade-off Bitmessage's network-wide object retention embodies.	Messenger's default E2EE design: Signal Protocol sessions, group messages with Sender Keys over server-side fan-out, device registration, and a new server-side storage protocol for message history; claims content confidentiality and forward secrecy through hash ratchets for 1:1 and group sessions; the server still sees who communicates and when.
2023-farcaster-protocol-spec	2023	PB6-deployed-messengers	system	Farcaster Specifications (version 2023.11.15)	graph/text/2023-farcaster-protocol-spec.txt	pdfs/2023-farcaster-protocol-spec.md	Public pub/sub-like feed replicated among hubs; useful as a non-private control for Bitmessage's private broadcast.	On-chain id registry plus signed messages replicated among hubs via CRDT sync. All protocol messages (casts, reactions, follows) are public; the spec contains no private-message type, so direct casts sit outside it. Hides nothing about sender, topic or timing.
2023-fu-fabric-ros2-event-interface	2023			Event-Driven Fabric Blockchain - ROS 2 Interface: Towards Secure and Auditable Teleoperation of Mobile Robots	graph/text/2023-fu-fabric-ros2-event-interface.txt	pdfs/2023-fu-fabric-ros2-event-interface.pdf		Event-driven Hyperledger Fabric to ROS 2 interface for auditable robot teleoperation.
2023-gaballah-intersectionmicroblogging	2023	PB2-metadata-private-systems	attack_or_audit	Mitigating Intersection Attacks in Anonymous Microblogging	graph/text/2023-gaballah-intersectionmicroblogging.txt	pdfs/2023-gaballah-intersectionmicroblogging.pdf	Long-term intersection attacks on anonymous broadcast, which hit Bitmessage chans and any system with churn.	Cost model: protocol groups users into anonymity sets by publishing behaviour and gives each set a configurable communication schedule that trades latency against bandwidth; evaluated by simulating Twitter and Reddit publishing data; anonymity set degrades slowly under churn.
2023-guerraoui-inherent-anonymity-gossiping	2023	PB7-limits-theory-soks	limit_or_theory	On the Inherent Anonymity of Gossiping	graph/text/2023-guerraoui-inherent-anonymity-gossiping.txt	pdfs/2023-guerraoui-inherent-anonymity-gossiping.pdf	Direct theory for flood-vs-route: pure flooding from the source reveals the first contacted curious node; no gossip scheme beats eps = ln(f-1).	Source anonymity of gossip measured by eps-DP against f curious nodes. Thm 5 (universal lower bound): for any connected graph G of size n, f>1 curious nodes and any gossip protocol P, if P satisfies eps-DP against an average-case or worst-case adversary then eps >= ln(f-1); moreover if the vertex connectivity kappa(G) <= f, P cannot satisfy eps-DP with finite eps against a worst-case adversary. Thm 8: on (d,lambda)-e
2023-jakkamsetti-scalablesignaling	2023	PB2-metadata-private-systems	building_block	Scalable Private Signaling	graph/text/2023-jakkamsetti-scalablesignaling.txt	pdfs/2023-jakkamsetti-scalablesignaling.pdf	Improves private signaling scalability.	Cost model: see paper.
2023-jami-swarm-drt-docs	2023	PB6-deployed-messengers	system	Jami developer documentation: swarm conversations, Dynamic Routing Table (DRT), identifiers, connection manager and synchronization	graph/text/2023-jami-swarm-drt-docs.txt	pdfs/2023-jami-swarm-drt-docs.md	Moves from DHT-stored messages (a global-ish store, like Bitmessage's flood in spirit) to member-only overlays, shrinking ambiguity but exposing IPs to members.	Conversation as a signed Git-like Merkle DAG synchronised directly between members, with a DHT used for rendezvous and invitations and a DRT overlay among members. Hides content (TLS and per-account certificates); members learn each other's IP, DHT nodes see account-hash lookups and timing. Messages now need a live peer connection, not DHT storage.
2023-jasper-secure	2023			Secure and Dynamic Publish/Subscribe: LCMsec	graph/text/2023-jasper-secure.txt	pdfs/2023-jasper-secure.pdf		We propose LCMsec, a brokerless, decentralised Publish/Subscribe protocol.
2023-kales-contactdiscoverybillions	2023	PB2-metadata-private-systems	building_block	Scaling Mobile Private Contact Discovery to Billions of Users	graph/text/2023-kales-contactdiscoverybillions.txt	pdfs/2023-kales-contactdiscoverybillions.pdf	Contact discovery for billions of users using PSI/PIR hybrids.	Cost model: see paper; targets WhatsApp-scale user bases.
2023-kocaogullar-pudding	2023			Pudding: Private User Discovery in Anonymity Networks	graph/text/2023-kocaogullar-pudding.txt	pdfs/2023-kocaogullar-pudding.pdf		In this paper we propose Pudding, a novel private user discovery protocol that allows a user to be contacted on an anonymity network knowing only their
2023-kosaka-mqttcontrol	2023			Implementation and Evaluation of the Control Mechanism Among Distributed MQTT Brokers	graph/text/2023-kosaka-mqttcontrol.txt	pdfs/2023-kosaka-mqttcontrol.pdf		The Distributed MQTT broker by data Link look-up for Traffic reduction (DMLT) is proposed as a new routing mechanism aimed at layer-2 based control and invokes a traffic reduction and simplified transfer by an independent flow.
2023-kovacs-umbra-anonymity	2023	PB1-bitmessage-heirs	attack_or_audit	Anonymity Analysis of the Umbra Stealth Address Scheme on Ethereum	graph/text/2023-kovacs-umbra-anonymity.txt	pdfs/2023-kovacs-umbra-anonymity.pdf	Heuristics identify the real recipient for about half of Umbra stealth payments; measured anonymity of a deployed receiver-scanning scheme (recipient scans announcements by trial).	Preprint; discusses linear scanning cost and signalling as remedies.
2023-kret-pqxdh-blog	2023	PB5-sessions-groups-pq	system	Quantum Resistance and the Signal Protocol	graph/text/2023-kret-pqxdh-blog.txt	pdfs/2023-kret-pqxdh-blog.md	Context for the threat that recorded Bitmessage ciphertexts (every node stores them for days) face from harvest-now-decrypt-later.	Announces PQXDH: hybrid X25519 plus CRYSTALS-Kyber (later ML-KEM) key agreement at session start to resist harvest-now-decrypt-later; explains that authentication remains classical.
2023-krol-das-p2p	2023			Data Availability Sampling in Ethereum: Analysis of P2P Networking Requirements	graph/text/2023-krol-das-p2p.txt	pdfs/2023-krol-das-p2p.pdf		Analyses networking requirements of DAS and the role of GossipSub and DHT-based dissemination.
2023-kumar-gossipsub-acl2s	2023			Verification of GossipSub in ACL2s	graph/text/2023-kumar-gossipsub-acl2s.txt	pdfs/2023-kumar-gossipsub-acl2s.pdf		Verification of GossipSub properties in the ACL2s theorem prover.
2023-lai-commit-transferrable-sig	2023	PB8-pq-anonymity	building_block	Lattice-based Commit-Transferrable Signatures and Applications to Anonymous Credentials	graph/text/2023-lai-commit-transferrable-sig.txt	pdfs/2023-lai-commit-transferrable-sig.pdf	Candidate admission credential in place of per-object proof-of-work.	Commit-transferrable signature primitive plus lattice NIZKPoK gives a modular anonymous credential with smaller proofs than earlier lattice constructions; post-quantum under SIS/LWE.
2023-langowski-trellis	2023	PB2-metadata-private-systems	system	Trellis: Robust and Scalable Metadata-private Anonymous Broadcast	graph/text/2023-langowski-trellis.txt	pdfs/2023-langowski-trellis.pdf	Mix-based answer to Bitmessage's source-timing and flooding weaknesses: layered encryption and cover traffic instead of broadcasting every object to every node.	Cost model: routing mixnet with anonymous routing tokens for verifiable random paths and lightweight blame protocols. With 64 servers over four regions, 220 bits per second with 100,000 users; 320 bits per second with 128 servers; 100 to 1000x slower than Tor. Trust: a fraction of servers may be malicious; guarantees availability for honest users.
2023-lazzaretti-treepir	2023	PB3-receiver-privacy	building_block	TreePIR: Sublinear-Time and Polylog-Bandwidth Private Information Retrieval from DDH	graph/text/2023-lazzaretti-treepir.txt	pdfs/2023-lazzaretti-treepir.pdf	Replaces broadcast-and-trial-decrypt with indexed private retrieval: the recipient fetches only its slots and the server learns nothing about which; works only if the recipient can compute or look up the slot (a rendezvous or mailbox index)	Two-server PIR with sublinear amortized server time and polylogarithmic bandwidth from DDH; outperforms prior two-server schemes in practice.
2023-len-optiks	2023	PB5-sessions-groups-pq	system	OPTIKS: An Optimized Key Transparency System	graph/text/2023-len-optiks.txt	pdfs/2023-len-optiks.pdf	none direct	OPTIKS: a full-featured key transparency system optimised for scalability (simpler and faster than prior designs, smaller storage overhead, crash-tolerant scalable server architecture) while keeping strong security and privacy notions; addresses real-world deployment issues.
2023-li-hintlesspir	2023	PB8-pq-anonymity	building_block	Hintless Single-Server Private Information Retrieval	graph/text/2023-li-hintlesspir.txt	pdfs/2023-li-hintlesspir.pdf	Stateless lattice PIR suitable for a client that cannot keep per-server state.	PIR with no client-side hint (and no offline preprocessing) from LWE with a modest communication increase compared with SimplePIR-style schemes; post-quantum.
2023-liang-zenohperformance	2023			A Performance Study on the Throughput and Latency of Zenoh, MQTT, Kafka, and DDS	graph/text/2023-liang-zenohperformance.txt	pdfs/2023-liang-zenohperformance.pdf		In this study, we compare the performance of the new-generation communication protocol Zenoh with the widely-used MQTT, Kafka, and DDS.
2023-liu-gomr	2023	PB8-pq-anonymity	building_block	Group Oblivious Message Retrieval	graph/text/2023-liu-gomr.txt	pdfs/2023-liu-gomr.pdf	Addresses chans/group delivery without flooding; recipient set hidden by key-private encryption.	OMR for multi-recipient messages; builds the first lattice-based key-private multi-recipient encryption (KP-MRE). Reported parameters (D,Q,t)=(2^15,~2850,65537) with 612-byte payload. Assumptions: ring/module LWE.
2023-loven-howcan	2023			How Can AI be Distributed in the Computing Continuum? Introducing the Neural Pub/Sub Paradigm	graph/text/2023-loven-howcan.txt	pdfs/2023-loven-howcan.pdf		This paper proposes the neural publish/subscribe paradigm, a novel approach to orchestrating AI workflows in large-scale distributed AI systems in the computing continuum.
2023-ma-verasel	2023	PB2-metadata-private-systems	building_block	VeraSel: Verifiable Random Selection for Mixnets Construction	graph/text/2023-ma-verasel.txt	pdfs/2023-ma-verasel.pdf	Verifiable random selection of mix nodes for stratified topologies, removing the need for a trusted directory.	Cost model: verifiable randomness per epoch; compares overhead for building layers in large mixnets; no user-capacity numbers.
2023-malvai-parakeet	2023	PB6-deployed-messengers	building_block	Parakeet: Practical Key Transparency for End-to-End Encrypted Messaging	graph/text/2023-malvai-parakeet.txt	pdfs/2023-malvai-parakeet.pdf	A directory-based answer to the key-distribution problem that Bitmessage avoids by having no directory (addresses encode keys) at the cost of out-of-band address exchange.	Production-oriented key transparency (built around Meta's AKD used by WhatsApp): a privacy-preserving verifiable username-to-key map plus consistency protocol so a malicious server cannot silently serve false keys. Protects key authenticity (content security); the server still sees lookups and the contact graph by timing.
2023-mao-topiary	2023			Topiary: Fast, Scalable Publish/Subscribe for Peer-to-Peer (D)Apps	graph/text/2023-mao-topiary.txt	pdfs/2023-mao-topiary.pdf		Learns a per-topic p2p topology by multi-armed-bandit neighbour selection; compared against GossipSub-style baselines for dApp pub/sub.
2023-matrix-core-formal	2023	PB6-deployed-messengers	attack_or_audit	Device-Oriented Group Messaging: A Formal Cryptographic Analysis of Matrix' Core	graph/text/2023-matrix-core-formal.txt	pdfs/2023-matrix-core-formal.pdf	Formal limits for symmetric sender-key group ratchets, relevant to Bitmessage chans which have no ratchet at all.	First formal model of Matrix group messaging (Device-Oriented Group Messaging): Matrix achieves confidentiality and authentication provided it introduces authenticated group membership; its state-sharing features (history sharing, account recovery) conflict with forward secrecy and post-compromise security. Content/session analysis; metadata out of scope.
2023-papadakis-comdexcontext	2023			ComDeX: a context-aware federated platform for IoT-enhanced communities	graph/text/2023-papadakis-comdexcontext.txt	pdfs/2023-papadakis-comdexcontext.pdf		Abstract not retrieved; included on title and venue (17th ACM International Conference on Distributed and Event‐Based Systems (DEBS)).
2023-patel-keywordpirsparse	2023	PB3-receiver-privacy	building_block	Don't be Dense: Efficient Keyword PIR for Sparse Databases	graph/text/2023-patel-keywordpirsparse.txt	pdfs/2023-patel-keywordpirsparse.pdf	Sparse key space is exactly the situation of a tag or topic space far larger than the set of messages present.	SparsePIR: keyword PIR over sparse key spaces with half the response overhead of prior keyword PIR and no linear-size client mapping; variants trade encoding time and small client state for smaller served databases.
2023-paterson-threema	2023	PB6-deployed-messengers	attack_or_audit	Three Lessons From Threema: Analysis of a Secure Messenger	graph/text/2023-paterson-threema.txt	pdfs/2023-paterson-threema.pdf	Deployed custom-crypto messenger analysed after 10+ years; Bitmessage's ad-hoc design faces similar risks.	Cryptographic analysis of Threema's custom protocols (client-server, end-to-end, device-to-device) finding several attacks and weaknesses after a decade of deployment; lessons on proprietary protocols and weak composition. Content and authentication focus; the Threema server sees metadata.
2023-peeroo-survey	2023			A Survey on Experimental Performance Evaluation of Data Distribution Service (DDS) Implementations	graph/text/2023-peeroo-survey.txt	pdfs/2023-peeroo-survey.pdf		The Data Distribution Service (DDS) is a widely used communication specification for real-time mission-critical systems that follow the principles of publish-subscribe middleware.
2023-pei-efficient	2023			An efficient confidentiality protection solution for pub/sub system	graph/text/2023-pei-efficient.txt	pdfs/2023-pei-efficient.pdf		In this paper, we propose SBM (scalable blind matching), an effective confidentiality protection scheme for pub/sub systems.
2023-pham-brepubsub	2023			BREPubSub: A Secure Publish-Subscribe Model using Blockchain and Re-encryption for IoT Data Sharing Management	graph/text/2023-pham-brepubsub.txt	pdfs/2023-pham-brepubsub.pdf		Secure pub/sub for IoT data sharing using blockchain and re-encryption.
2023-piron-lisppublish	2023			Implementation and Evaluation of LISP Publish/Subscribe	graph/text/2023-piron-lisppublish.txt	pdfs/2023-piron-lisppublish.pdf		The design of future 6G network will push even further the convergence of different types of mobile networks, integrating space, aerial and terrestrial access.
2023-policharla-pq-privacy-pass	2023	PB8-pq-anonymity	building_block	Post-Quantum Privacy Pass via Post-Quantum Anonymous Credentials	graph/text/2023-policharla-pq-privacy-pass.txt	pdfs/2023-policharla-pq-privacy-pass.pdf	Anonymous rate limiting is the post-quantum alternative to Bitmessage proof-of-work; the token size shows why it is hard to attach to every flooded object.	Anonymous credential from zkDilithium (a STARK-friendly Dilithium2 variant) plus zkSTARK proofs; token size trades 85-175 KB against generation time, verification 20-30 ms, verifier RAM under 5 MB; comparable to best post-quantum blind signatures (22-100 KB). Supports rate-limited Privacy Pass. Assumptions: module-LWE/SIS plus hash-based STARKs.
2023-pu-fuzzystealthsigs	2023	PB8-pq-anonymity	building_block	Post Quantum Fuzzy Stealth Signatures and Applications	graph/text/2023-pu-fuzzystealthsigs.txt	pdfs/2023-pu-fuzzystealthsigs.pdf	Fuzzy detection is a middle path between trial-decrypting everything and full OMR.	Post-quantum stealth signatures with fuzzy matching (a tunable false-positive rate reduces the recipient's scanning set), built from lattices; applications include private payments and retrieval.
2023-rfc9474-rsablind	2023	PB4-source-anonymity-spam	building_block	RFC 9474: RSA Blind Signatures	graph/text/2023-rfc9474-rsablind.txt	pdfs/2023-rfc9474-rsablind.md	Token type for publicly verifiable anonymous admission.	RSABSSA blind signature scheme (RSA-PSS) with public verifiability. Adversary: malicious signer attempting to link signatures to signing sessions, and forger attempting one-more forgery.
2023-rfc9497-oprf	2023	PB4-source-anonymity-spam	building_block	RFC 9497: Oblivious Pseudorandom Functions (OPRFs) Using Prime-Order Groups	graph/text/2023-rfc9497-oprf.txt	pdfs/2023-rfc9497-oprf.md	Primitive behind unlinkable tokens.	OPRF, VOPRF and POPRF over prime-order groups; building block for Privacy Pass and PSI. Adversary: malicious client or server, with verifiability to detect a key-switching server.
2023-rosler-upibe	2023	PB5-sessions-groups-pq	building_block	Unique-Path Identity Based Encryption With Applications to Strongly Secure Messaging	graph/text/2023-rosler-upibe.txt	pdfs/2023-rosler-upibe.pdf	none direct	Unique-Path IBE: a restricted hierarchical IBE sufficient for strongly secure messaging (strongly secure messaging protocols are equivalent to key-updatable KEMs, all prior constructions rely on adaptive unbounded-depth HIBE) with much better efficiency, enabling optimal-security messaging without the prohibitive HIBE cost.
2023-sasy-sokmetadata	2024	PB2-metadata-private-systems	sok_or_survey	SoK: Metadata-Protecting Communication Systems	graph/text/2023-sasy-sokmetadata.txt	pdfs/2023-sasy-sokmetadata.pdf	Best single comparison table of 31 systems (mixnets, DC-nets, PIR, TEE) with their cost and trust assumptions; the reference for this slice.	Cost model: unified view of 31 systems against global network adversaries; compares trust assumptions, latency, scale. Use this as the cross-check for numbers quoted elsewhere in the catalog.
2023-sharma-p2panonymity	2022	PB4-source-anonymity-spam	attack_or_audit	On the Anonymity of Peer-To-Peer Network Anonymity Schemes Used by Cryptocurrencies	graph/text/2023-sharma-p2panonymity.txt	pdfs/2023-sharma-p2panonymity.pdf	Quantifies how little Dandelion-style stems and onion-routed payment paths hide, so stem-phase source hiding in a Bitmessage-like system should not be read as strong anonymity.	Bayesian framework giving per-transaction originator distributions; evaluates Dandelion, Dandelion++ and Lightning Network onion routing. Adversary: colluding nodes (1 to 15 percent, strategically placed) observing messages; finds Lightning Network 1 percent colluders identify the originator of about 50 percent of payments, and Dandelion anonymity set does not grow with network size.
2023-shriram-ruffle	2023	PB2-metadata-private-systems	building_block	Ruffle: Rapid 3-party shuffle protocols	graph/text/2023-shriram-ruffle.txt	pdfs/2023-shriram-ruffle.pdf	Fast 3-party shuffle usable for mixing in MPC-based anonymous messaging.	Cost model: see paper.
2023-signal-pqxdh-spec	2023	PB6-deployed-messengers	building_block	The PQXDH Key Agreement Protocol (revision 3)	graph/text/2023-signal-pqxdh-spec.txt	pdfs/2023-signal-pqxdh-spec.pdf	PQ session establishment that Bitmessage's static ECC keys lack.	Adds CRYSTALS-Kyber KEM to X3DH for post-quantum-protected initial key agreement; server-held prekey bundles. Content-only; Signal server knows account IDs and contact graph timing.
2023-simplex-security-model	2023	PB6-deployed-messengers	limit_or_theory	SimpleX security and threat model	graph/text/2023-simplex-security-model.txt	pdfs/2023-simplex-security-model.md	Explicit adversary matrix; Bitmessage has none and its flooding model hides recipient only against non-global observers.	Threat model for SimpleX: what a single relay, colluding relays, a network observer and a compromised device can learn. States residual leaks: traffic correlation by global observer, IP exposure to own relay unless Tor, timing.
2023-simplex-xrcp	2023	PB6-deployed-messengers	system	SimpleX Remote Control Protocol (XRCP)	graph/text/2023-simplex-xrcp.txt	pdfs/2023-simplex-xrcp.md	none direct (multi-device handling absent in Bitmessage)	Protocol for a desktop to control a mobile app via authenticated, encrypted local channel with hybrid PQ KEM. Device-to-device; no network metadata concerns.
2023-stainton-pqsphinx	2023	PB2-metadata-private-systems	building_block	Post Quantum Sphinx	graph/text/2023-stainton-pqsphinx.txt	pdfs/2023-stainton-pqsphinx.pdf	Post-quantum Sphinx variants (CSIDH-based NIKE and KEM Sphinx) for mixnets; fills the quantum gap in Bitmessage's static ECC keys.	Cost model: two public-key operations per hop; X25519 pair costs about 160-233 ns on the author's laptop, KEM variants cost more and packet headers grow. KEM Sphinx is adopted by Katzenpost.
2023-tchembe-building-publish	2023			Building a publish/subscribe information dissemination platform for hybrid mobile ad-hoc social networks over android devices	graph/text/2023-tchembe-building-publish.txt	pdfs/2023-tchembe-building-publish.pdf		Building a publish/subscribe information dissemination platform for hybrid mobile ad-hoc social networks over android devices.
2023-tessaro-bbs	2023	PB4-source-anonymity-spam	building_block	Revisiting BBS Signatures	graph/text/2023-tessaro-bbs.txt	pdfs/2023-tessaro-bbs.pdf	Signature primitive for multi-show unlinkable credentials.	Security proof of BBS signatures in the algebraic group model with a tighter reduction; BBS underlies selective-disclosure anonymous credentials. Adversary: forger with chosen-message access in AGM.
2023-tor-prop333-vanguardslite	2022	PB4-source-anonymity-spam	building_block	Tor proposal 333: Vanguards lite	graph/text/2023-tor-prop333-vanguardslite.txt	pdfs/2023-tor-prop333-vanguardslite.md	Default-on version of the guard-discovery defence.	Lightweight vanguards enabled by default for all clients: one extra layer of guard for non-onion circuits. Adversary: guard-discovery attacker with limited resources.
2023-tor-proposal-340-fragmented-cells	2023	PB8-pq-anonymity	building_block	Tor proposal 340: Packed and fragmented relay messages	graph/text/2023-tor-proposal-340-fragmented-cells.txt	pdfs/2023-tor-proposal-340-fragmented-cells.md	Shows the engineering price of larger post-quantum objects in a fixed-cell network.	Lets relay messages exceed one cell by packing and fragmentation; relay cell body 509 - 16 = 493 bytes (498 before), cell authentication digest grows from 4 to 14 bytes. Needed so post-quantum handshake messages (ML-KEM-768 key 1184 B) can cross circuits.
2023-trestioreanu-xrp-ndn	2023			XRP-NDN overlay: Improving the Communication Efficiency of Consensus-Validation based Blockchains with an NDN-based Overlay	graph/text/2023-trestioreanu-xrp-ndn.txt	pdfs/2023-trestioreanu-xrp-ndn.pdf		NDN-based overlay to cut XRPL consensus message flooding; sibling to the GossipSub work.
2023-veilid-launch-slides	2023	PB6-deployed-messengers	system	The Internals of Veilid: A New Distributed Application Framework	graph/text/2023-veilid-launch-slides.txt	pdfs/2023-veilid-launch-slides.pdf	Dual-route compose of sender and receiver privacy replaces Bitmessage's flood-for-recipient-ambiguity.	Veilid design: DHT for private-route and value storage, safety routes (sender privacy) plus private routes (receiver privacy) composed so no node knows both ends. Hides sender and receiver network location from each other and from relays; no global-adversary claim.
2023-wahrstatter-basesap	2023	PB6-deployed-messengers	building_block	BaseSAP: Modular Stealth Address Protocol for Programmable Blockchains	graph/text/2023-wahrstatter-basesap.txt	pdfs/2023-wahrstatter-basesap.pdf	On-chain announcement and scan, closest ledger analogue to Bitmessage's tagged flood.	Modular base-layer stealth address protocol (basis of ERC-5564) with announcements on a contract, dual-key secp256k1 scheme, cost analysis and attack vectors against recipient privacy. Hides recipient behind stealth address; announcement metadata and funding are public.
2023-wang-lotus	2023			Lotus: Serverless In-Transit Data Processing for Edge-based Pub/Sub	graph/text/2023-wang-lotus.txt	pdfs/2023-wang-lotus.pdf		Publish-subscribe systems are a popular approach for edge-based IoT use cases: Heterogeneous, constrained edge devices can be integrated easily, with message routing logic offloaded to edge message brokers.
2023-wang-notry	2023	PB5-sessions-groups-pq	building_block	NOTRY: deniable messaging with retroactive avowal	graph/text/2023-wang-notry.txt	pdfs/2023-wang-notry.pdf	none direct	NOTRY: deniable messaging where users can retroactively avow a conversation transcript (avowable designated-verifier proofs), at about 8x communication and computation overhead.
2023-wang-secured	2023			Secured and Cooperative Publish/Subscribe Scheme in Autonomous Vehicular Networks	graph/text/2023-wang-secured.txt	pdfs/2023-wang-secured.pdf		Aiming at addressing security concerns in future AVs, in this paper, we develop SPAD, a secured framework to forbid free-riders and promote trustworthy data dissemination in collaborative autonomous driving.
2023-xmtp-xip42-consent	2023	PB6-deployed-messengers	building_block	XIP-42: Universal 'allow' and 'block' preferences	graph/text/2023-xmtp-xip42-consent.txt	pdfs/2023-xmtp-xip42-consent.md	Recipient-side filtering as an alternative to Bitmessage's per-object proof-of-work.	Client-side consent lists (allowed/denied addresses), stored as an encrypted message on a user-preferences topic, to filter spam in a wallet-addressed inbox. Spam control is by recipient-side allow-list rather than sender cost.
2023-zhang-comparisonmiddlewares	2023			Comparison of Middlewares in Edge-to-Edge and Edge-to-Cloud Communication for Distributed ROS2 Systems	graph/text/2023-zhang-comparisonmiddlewares.txt	pdfs/2023-zhang-comparisonmiddlewares.pdf		The increased data transmission and number of devices involved in communications among distributed systems make it challenging yet significantly necessary to have an efficient and reliable networking middleware.
2023-zhou-piano	2023	PB3-receiver-privacy	building_block	Piano: Extremely Simple, Single-Server PIR with Sublinear Server Computation	graph/text/2023-zhou-piano.txt	pdfs/2023-zhou-piano.pdf	Sublinear per-message server work is what lets a mailbox server scale to a Bitmessage-sized pool; client keeps O(sqrt n) state.	First practical sublinear-time single-server PIR using only PRFs: amortized O~(sqrt n) server and client time, O(sqrt n) communication per query, sqrt n client storage. For a 100 GB database at 60 ms round trip, 73 ms response time, 40x-900x faster than prior single-server PIR.
2024-almeida-approachesconflict	2024			Approaches to Conflict-free Replicated Data Types	graph/text/2024-almeida-approachesconflict.txt	pdfs/2024-almeida-approachesconflict.pdf		This article provides solid coverage of the essential concepts of CRDT, clarifying some misconceptions that frequently occur, but also presents some novel insights gained from considerable experience in designing both specific CRDTs and approaches to CRDTs.
2024-apple-pq3	2024	PB5-sessions-groups-pq	system	iMessage with PQ3: The new state of the art in quantum-secure messaging at scale	graph/text/2024-apple-pq3.txt	pdfs/2024-apple-pq3.md	A production design for post-quantum PCS on an asynchronous channel; the rekey-period trade-off is the bandwidth-versus-healing choice any flooded network must make.	Hybrid post-quantum (Kyber-1024/ML-KEM plus P-256) initial key establishment and a periodic post-quantum rekeying inside an ECDH ratchet; claims post-quantum forward secrecy and post-compromise security (Level 3 on Apple's own scale), with ECDSA device signatures still classical; rekeying cadence is traded against message size.
2024-argo-pq-signatures-privacy	2024	PB8-pq-anonymity	building_block	Practical Post-Quantum Signatures for Privacy	graph/text/2024-argo-pq-signatures-privacy.txt	pdfs/2024-argo-pq-signatures-privacy.pdf	Candidate group-signature or credential primitive for per-sender rate limiting.	Lattice signature with efficient protocols, aimed at privacy-preserving constructions such as anonymous credentials and group-style signatures, with concrete parameters smaller than earlier lattice proofs of possession.
2024-aztec-private-events-note-discovery	2024	PB6-deployed-messengers	system	Aztec documentation: private events, note discovery (tagging) and offchain message delivery	graph/text/2024-aztec-private-events-note-discovery.txt	pdfs/2024-aztec-private-events-note-discovery.md	Moves from Bitmessage-style trial decryption to per-pair rolling tags, trading recipient privacy against the node for scan cost.	Private events encrypted to recipients; logs carry tag = poseidon2(shared_secret, index) so recipients query a node by tag instead of trial-decrypting; secret from arbitrary, address-derived, or non-interactive/interactive handshake; modes: onchain constrained/unconstrained or offchain. Hides content, and (with tags) which log belongs to whom to anyone lacking the secret; an onchain handshake reveals that a handshake
2024-balduf-bluesky-imc	2024			Looking AT the Blue Skies of Bluesky	graph/text/2024-balduf-bluesky-imc.txt	pdfs/2024-balduf-bluesky-imc.pdf		Measurement of the Bluesky network including the relay and firehose data flows.
2024-barbosa-xwing	2024	PB5-sessions-groups-pq	building_block	X-Wing: The Hybrid KEM You’ve Been Looking For	graph/text/2024-barbosa-xwing.txt	pdfs/2024-barbosa-xwing.pdf	Practical hybrid KEM for replacing the classical ECDH step in static-key encryption.	X-Wing hybrid KEM from X25519 and ML-KEM-768 with a SHA3-256 combiner; proves classical IND-CCA security under the strong DH assumption in the ROM and post-quantum IND-CCA security if ML-KEM-768 is IND-CCA and SHA3-256 is a PRF (standard model), so it is secure if either component is; efficiency gains rely on the specific component choices and do not generalise.
2024-benguirat-betamixing	2024	PB2-metadata-private-systems	system	Blending Different Latency Traffic With Beta Mixing	graph/text/2024-benguirat-betamixing.txt	pdfs/2024-benguirat-betamixing.pdf	Lets latency-tolerant and latency-sensitive traffic share one mixnet, so slow traffic (Bitmessage-like email) pads fast traffic.	Cost model: mixes apply per-message delay parameters so users choose latency/anonymity per message; evaluated for anonymity gain of blending traffic classes.
2024-bhargavan-pqxdh	2024	PB6-deployed-messengers	attack_or_audit	Formal verification of the PQXDH Post-Quantum key agreement protocol for end-to-end secure messaging	graph/text/2024-bhargavan-pqxdh.txt	pdfs/2024-bhargavan-pqxdh.pdf	State of the art for verifying PQ session setup in a deployed messenger.	ProVerif and CryptoVerif proofs of PQXDH including a KEM re-encapsulation attack that motivated spec changes. Content/session security only.
2024-brandt-kt-sok	2024	PB5-sessions-groups-pq	sok_or_survey	SoK: On the Security Goals of Key Transparency Systems	graph/text/2024-brandt-kt-sok.txt	pdfs/2024-brandt-kt-sok.pdf	none direct	Surveys the key transparency literature and gives the first cryptographically sound formalisation of KT as an ideal functionality, identifying security goals (including previously unstated ones) and comparing designs (CONIKS, SEEMless, Parakeet, OPTIKS, Merkle^2).
2024-brorsson-consistency-or-die	2024	PB5-sessions-groups-pq	building_block	Consistency-or-Die: Consistency for Key Transparency	graph/text/2024-brorsson-consistency-or-die.txt	pdfs/2024-brorsson-consistency-or-die.pdf	Decentralised, user-run consistency checking instead of trusted auditors.	Consistency-or-Die: a consistency protocol protecting a key transparency log against split-view attacks without small committees of known auditors, out-of-band channels or blockchains, using a randomly selected, initially undisclosed committee of users (VRFs, key-evolving signatures) to endorse the log view; users know whether they are consistent and stop using the log if not.
2024-bruisable-onions	2024	PB7-limits-theory-soks	limit_or_theory	Bruisable Onions: Anonymous Communication in the Asynchronous Model	graph/text/2024-bruisable-onions.txt	pdfs/2024-bruisable-onions.pdf	Asynchronous operation is the realistic setting for Bitmessage-like networks; prior provable bounds assume rounds.	First provably anonymous onion routing in the asynchronous (no synchronised rounds) model; bruisable onion encryption lets a relay damage a delayed onion so chronic delays make it undeliverable, blocking timing attacks. Removes the synchrony assumption underlying the trilemma and Ando et al.'s round-based bounds.
2024-burton-respire	2024	PB3-receiver-privacy	building_block	Respire: High-Rate PIR for Databases with Small Records	graph/text/2024-burton-respire.txt	pdfs/2024-burton-respire.pdf	Small-record PIR matches the message-slot shape of a mailbox board, the regime a Bitmessage replacement would live in.	Tuned for small records such as message slots: 6.1 KB online communication to fetch one 256-byte record from over a million records (5.9x less than the best prior lattice scheme); batch queries use 3.4-7.1x less communication at 200-400 MB/s throughput.
2024-celi-keywordpir	2024	PB3-receiver-privacy	building_block	Call Me By My Name: Simple, Practical Private Information Retrieval for Keyword Queries	graph/text/2024-celi-keywordpir.txt	pdfs/2024-celi-keywordpir.pdf	Keyword PIR lets a recipient look up messages by tag or topic instead of slot number, the case that fits Bitmessage-style tag subscriptions.	ChalametPIR: converts any LWE index-PIR into keyword PIR using Binary Fuse filters, with at most 1.08x cost over the index scheme; 6x-11x faster and 3.75x-11.4x cheaper than prior keyword PIR.
2024-chevalier-bonsai	2024	PB5-sessions-groups-pq	building_block	The Art of Bonsai: How Well-Shaped Trees Improve the Communication Cost of MLS	graph/text/2024-chevalier-bonsai.txt	pdfs/2024-chevalier-bonsai.pdf	none direct	Improves MLS communication cost by choosing tree shapes: user add and tree expansion algorithms with better worst-case and average-case cost than the standard ones.
2024-cho-algebraicbroadcast	2024	PB2-metadata-private-systems	system	Rabbit-Mix: Robust Algebraic Anonymous Broadcast from Additive Bases	graph/text/2024-cho-algebraicbroadcast.txt	pdfs/2024-cho-algebraicbroadcast.pdf	Replaces Bitmessage's flood-and-trial-decrypt with DC-net rounds: every client sends every round, so the recipient/sender is hidden without proof-of-work, but the anonymity set is bounded by the round size.	Cost model: sender-anonymous broadcast with robustness and 100 percent delivery; about 3x fewer algebraic operations and less communication than Blinder, and removes Blinder's non-negligible failure probability. Trust: strong honest majority of servers.
2024-chou-bots-groupchats	2024	PB5-sessions-groups-pq	attack_or_audit	Bots can Snoop: Uncovering and Mitigating Privacy Risks of Bots in Group Chats	graph/text/2024-chou-bots-groupchats.txt	pdfs/2024-chou-bots-groupchats.pdf	none direct	Finds chatbots in group chats read far more messages than needed and can link a user across groups (3.6 percent chance on joining a new group with bots); proposes SnoopGuard on top of MLS giving selective message access and sender anonymity toward bots at O(log n + m) sending cost.
2024-chovet-performancecomparison	2024			Performance Comparison of ROS2 Middlewares for Multi-robot Mesh Networks in Planetary Exploration	graph/text/2024-chovet-performancecomparison.txt	pdfs/2024-chovet-performancecomparison.pdf		Recent advancements in Multi-Robot Systems (MRS) and mesh network technologies pave the way for innovative approaches to explore extreme environments.
2024-coijanovic-pirates	2024	PB2-metadata-private-systems	system	Pirates: Anonymous Group Calls over Fully Untrusted Infrastructure	graph/text/2024-coijanovic-pirates.txt	pdfs/2024-coijanovic-pirates.pdf	Replaces Bitmessage's download-everything-and-trial-decrypt receiver privacy with PIR mailboxes, so the recipient fetches one slot without revealing which.	Cost model: single server supports three-member group calls from 11 concurrent users with mouth-to-ear latency under 365 ms. Trust: none; unobservability even if all servers are malicious.
2024-collins-dr-tight	2024	PB5-sessions-groups-pq	limit_or_theory	On the Tight Security of the Double Ratchet	graph/text/2024-collins-dr-tight.txt	pdfs/2024-collins-dr-tight.pdf	none direct	Tight security bounds for the Double Ratchet in the multi-session setting, revisiting the Alwen-Coretti-Dodis modular decomposition; prior proofs gave guarantees that degrade with the number of interactions even in the single-session case; covers forward security, post-compromise security, adaptive state corruption, injections and out-of-order delivery.
2024-collins-k-waay	2024	PB5-sessions-groups-pq	building_block	K-Waay: Fast and Deniable Post-Quantum X3DH without Ring Signatures	graph/text/2024-collins-k-waay.txt	pdfs/2024-collins-k-waay.pdf	none direct	Fast deniable post-quantum X3DH that replaces ring signatures with a new 'split KEM' used for authentication; claims asynchrony, post-quantum security and deniability (in the sense of Brendel et al.) with much smaller message sizes than ring-signature constructions.
2024-cornelius-waku-network-dapps	2024			The Waku Network as Infrastructure for dApps	graph/text/2024-cornelius-waku-network-dapps.txt	pdfs/2024-cornelius-waku-network-dapps.pdf		Architecture of the shared Waku network: relay routing and sharding, discovery, RLN rate limiting, services and incentives.
2024-cortes-das-kademlia	2024			Scalability limitations of Kademlia DHTs when enabling Data Availability Sampling in Ethereum	graph/text/2024-cortes-das-kademlia.txt	pdfs/2024-cortes-das-kademlia.pdf		Quantifies Kademlia limits for DAS propagation; the DHT alternative to gossip-based dissemination.
2024-cremers-pcs-impossibility	2024	PB5-sessions-groups-pq	limit_or_theory	Impossibility Results for Post-Compromise Security in Real-World Communication Systems	graph/text/2024-cremers-pcs-impossibility.txt	pdfs/2024-cremers-pcs-impossibility.pdf	Sets a ceiling on what PCS can mean in practice for users who copy keys between devices, as Bitmessage users must.	Proves impossibility results for post-compromise security at the end-user level: although ratcheting protocols (iMessage, WhatsApp, Signal) have been proven to achieve PCS at the protocol level, communication systems with the usability features users need (such as multi-device, backups or restoring a state) cannot provide PCS against a compromise of such state; formalises conditions under which end users can obtain P
2024-decastro-verisimplepir	2024	PB3-receiver-privacy	building_block	VeriSimplePIR: Verifiability in SimplePIR at No Online Cost for Honest Servers	graph/text/2024-decastro-verisimplepir.txt	pdfs/2024-decastro-verisimplepir.pdf	A message board server that is malicious rather than semi-honest can otherwise tamper per-client; relevant to untrusted mailbox nodes.	Adds verifiability to SimplePIR so a malicious server cannot equivocate on the database or run selective-failure attacks, at no extra online cost when the server is honest.
2024-decastro-whispir	2024	PB3-receiver-privacy	building_block	WhisPIR: Stateless Private Information Retrieval with Low Communication	graph/text/2024-decastro-whispir.txt	pdfs/2024-decastro-whispir.pdf	Replaces broadcast-and-trial-decrypt with indexed private retrieval: the recipient fetches only its slots and the server learns nothing about which; works only if the recipient can compute or look up the slot (a rendezvous or mailbox index)	Fully stateless PIR for ephemeral clients that appear with only public parameters; needs much less communication than other stateless lattice PIR and is slower only than SimplePIR and HintlessPIR on large entries. Suits frequently updated boards.
2024-diaz-reliability	2024	PB2-metadata-private-systems	system	Decentralized Reliability Estimation for Low-Latency Mixnets	graph/text/2024-diaz-reliability.txt	pdfs/2024-diaz-reliability.pdf	Lets mixnet clients estimate node reliability in a stateless per-packet-routed network (Nym).	Cost model: decentralised measurement using VRF-based sampling; no per-user bandwidth figure; targets mixnets whose nodes fail or drop packets (active-attack surface).
2024-fiedler-pqxdh-analysis	2024	PB5-sessions-groups-pq	attack_or_audit	Security Analysis of Signal's PQXDH Handshake	graph/text/2024-fiedler-pqxdh-analysis.txt	pdfs/2024-fiedler-pqxdh-analysis.pdf	none direct	Game-based reductionist security analysis of Signal's PQXDH in a maximum-exposure model (fine-grained compromise of long-term, semi-static and ephemeral keys against classical and quantum adversaries), capturing the KEM component and the signing of public keys; establishes concrete security bounds for PQXDH.
2024-fiedler-pqxdh-deniability	2024	PB5-sessions-groups-pq	attack_or_audit	A Deniability Analysis of Signal's Initial Handshake PQXDH	graph/text/2024-fiedler-pqxdh-deniability.txt	pdfs/2024-fiedler-pqxdh-deniability.pdf	none direct	Shows PQXDH does not meet X3DH's deniability because of the signature on the ephemeral key; analysis relies on plaintext awareness of the KEM, which Signal's PQXDH implementation does not provide; initiator and responder get different deniability guarantees due to protocol asymmetry; introduces a finer-grained deniability model (including malicious adversaries in the big-brother model).
2024-frank-anonymous-messaging-altruism	2024	PB1-bitmessage-heirs	limit_or_theory	Effective Anonymous Messaging: the Role of Altruism	graph/text/2024-frank-anonymous-messaging-altruism.txt	pdfs/2024-frank-anonymous-messaging-altruism.pdf	Game-theoretic model of FMD: users choose how much cover traffic to download; selfish users do not, so anonymity needs altruists; the incentive version of the Bitmessage bandwidth cost.	Preprint.
2024-gegenhuber-careless-whisper	2024	PB6-deployed-messengers	attack_or_audit	Careless Whisper: Exploiting Silent Delivery Receipts to Monitor Users on Mobile Instant Messengers	graph/text/2024-gegenhuber-careless-whisper.txt	pdfs/2024-gegenhuber-careless-whisper.pdf	Delivery receipts are a metadata channel absent in Bitmessage (no ACKs), but trade off reliability.	Silent delivery receipts triggered by crafted messages let any user who knows a phone number ping the target without notification, in WhatsApp and Signal: tracks the target across companion devices, infers daily schedule and activity, counts active sessions and OS, and drains battery or data. A metadata leak by design of receipts, independent of E2EE.
2024-ghosh-optiks-weak	2024	PB5-sessions-groups-pq	building_block	Weak Consistency mode in Key Transparency: OPTIKS	graph/text/2024-ghosh-optiks-weak.txt	pdfs/2024-ghosh-optiks-weak.pdf	none direct	Adds an auditor-free mode to OPTIKS key transparency with slightly weaker security (weak consistency), formalised and proved.
2024-gregoire-onionfranking	2024	PB2-metadata-private-systems	building_block	Onion Franking: Abuse Reports for Mix-Based Private Messaging	graph/text/2024-gregoire-onionfranking.txt	pdfs/2024-gregoire-onionfranking.pdf	Abuse reporting for mix-based systems; handles the spam/abuse problem that Bitmessage handled only with proof-of-work.	Cost model: abuse-reporting mechanisms for any onion-encrypted private messaging system, including low-latency opportunistic mixing and mixnets; claims lower overhead than prior metadata-hiding abuse reporting and stronger threat models; see paper for numbers.
2024-gunther-obfuscated-kex	2024	PB8-pq-anonymity	building_block	Obfuscated Key Exchange	graph/text/2024-gunther-obfuscated-kex.txt	pdfs/2024-gunther-obfuscated-kex.pdf	Handshake indistinguishability for transport under a global observer; pairs with ciphertext key-privacy.	Formalizes obfuscated key exchange and obfuscated KEMs (OKEMs) and proposes pq-obfs, a post-quantum drop-in for Tor's obfs4 using ML-KEM encodings.
2024-hansen-ocash	2024	PB3-receiver-privacy	system	OCash: Fully Anonymous Payments between Blockchain Light Clients	graph/text/2024-hansen-ocash.txt	pdfs/2024-hansen-ocash.pdf	Position-hint approach to finding your messages: the recipient fetches a few candidate slots instead of trial-decrypting everything, with the slot choice hidden from the serving node.	Anonymous payments where the light client stays private even from the full nodes it reads through: a tree-ORAM variant shuffles payments on-chain while telling the client a few positions among which to find its payment, so it never scans the chain nor reveals which entries it reads. UC-proved; introduces anonymous-coin-friendly encryption and compressible randomness beacons. No concrete cost figure recorded here.
2024-hassan-messagebroker	2024			A message broker architecture for adaptive data exchange in the IoT	graph/text/2024-hassan-messagebroker.txt	pdfs/2024-hassan-messagebroker.pdf		Abstract not retrieved; included on title and venue (21st IEEE International Conference on Software Architecture (ICSA)).
2024-heimbach-deanon	2024			Deanonymizing Ethereum Validators: The P2P Network Has a Privacy Issue	graph/text/2024-heimbach-deanon.txt	pdfs/2024-heimbach-deanon.pdf		Shows validators can be mapped to IP addresses by observing attestation propagation in GossipSub subnets (15% of validators).
2024-infeld-mixnetreview	2024	PB2-metadata-private-systems	sok_or_survey	Mixnet Research Review	graph/text/2024-infeld-mixnetreview.txt	pdfs/2024-infeld-mixnetreview.pdf	Literature overview from a deployed-mixnet team: topology, compromising latency versus bandwidth, evolution since Chaum.	Cost model: survey of designs; no new measurements.
2024-ishai-pirclientpreprocessing	2024	PB3-receiver-privacy	limit_or_theory	PIR with Client-Side Preprocessing: Information-Theoretic Constructions and Lower Bounds	graph/text/2024-ishai-pirclientpreprocessing.txt	pdfs/2024-ishai-pirclientpreprocessing.pdf	Mailbox/board systems that replace Bitmessage's flood with indexed or oblivious retrieval; they hide the recipient from the storage nodes but need a rendezvous or shared-secret schedule that Bitmessage addresses do not give.	First study of information-theoretic single-server PIR with client preprocessing: new constructions with trade-offs between server computation, client space and bandwidth, a near-tight client-space versus bandwidth lower bound, and a result that beating it with a natural syntactic computational scheme would imply a hard problem in SZK.
2024-jabbari-dpps	2024			DPPS: A Decentralised Publish-Process-Subscribe Middleware with Verifiable Computations	graph/text/2024-jabbari-dpps.txt	pdfs/2024-jabbari-dpps.pdf		Abstract not retrieved; classified from the title as core work on pub/sub.
2024-jabbari-zk-dpps	2024			ZK-DPPS: A Zero-Knowledge Decentralised Data Sharing and Processing Middleware	graph/text/2024-jabbari-zk-dpps.txt	pdfs/2024-jabbari-zk-dpps.pdf		Zero-knowledge decentralised data sharing and processing middleware, a successor to DPPS.
2024-jaeger-keybase-signcryption	2024	PB5-sessions-groups-pq	attack_or_audit	Symmetric Signcryption and E2EE Group Messaging in Keybase	graph/text/2024-jaeger-keybase-signcryption.txt	pdfs/2024-jaeger-keybase-signcryption.pdf	Chan-style shared-key groups with sender signatures are exactly this primitive (Bitmessage signs objects).	Introduces symmetric signcryption (sender and recipient share a secret key) and proves that composing symmetric encryption and signatures achieves strong security against attackers learning and controlling many keys; models the core Keybase encrypted group messaging algorithm as symmetric signcryption and proves it secure under non-standard, brittle assumptions on the primitives; the model later used for MLS, Session
2024-jia-homerun	2024	PB2-metadata-private-systems	building_block	HomeRun: High-efficiency Oblivious Message Retrieval, Unrestricted	graph/text/2024-jia-homerun.txt	pdfs/2024-jia-homerun.pdf	OMR variant without a bound on pending messages.	Cost model: see paper.
2024-juaristi-pq-ethereum	2024	PB8-pq-anonymity	measurement	Benchmarking post-quantum cryptography in Ethereum-based blockchains	graph/text/2024-juaristi-pq-ethereum.txt	pdfs/2024-juaristi-pq-ethereum.pdf	Replication multiplies per-object size, as in a flooded network.	Benchmarks ECDSA against Dilithium, Falcon-1024 and SPHINCS+ on real-time Ethereum transaction data (transaction signatures only, not BLS consensus signatures). Dilithium2 verification is more than 4x faster than ECDSA (Dilithium5 2.1x) and its summed time and memory is only about 12% and 20% above ECDSA; Falcon-1024 signing takes about 224x and simplest-mode SPHINCS+ signing about 2057x ECDSA time. Signature and key
2024-kleppmann-bluesky-atproto	2024			Bluesky and the AT Protocol: Usable Decentralized Social Media	graph/text/2024-kleppmann-bluesky-atproto.txt	pdfs/2024-kleppmann-bluesky-atproto.pdf		Describes the AT Protocol: per-user repositories, relays that aggregate the firehose, and app views.
2024-klooss-eror	2024	PB2-metadata-private-systems	building_block	EROR: Efficient Repliable Onion Routing with Strong Provable Privacy	graph/text/2024-klooss-eror.txt	pdfs/2024-klooss-eror.pdf	Reply-capable onion packet format with hop-by-hop integrity, preventing tagging attacks that threaten both Sphinx and Bitmessage-like static-key designs.	Cost model: efficient packet format with integrity protection; compared with other repliable onion schemes (heavier SNARG-based option).
2024-kotzer-bitcoinlightclients	2024	PB3-receiver-privacy	measurement	Privacy Comparison for Bitcoin Light Client Implementations	graph/text/2024-kotzer-bitcoinlightclients.txt	pdfs/2024-kotzer-bitcoinlightclients.pdf	Measured privacy/bandwidth trade-off of the two deployed ways to avoid downloading everything: server-side Bloom filter versus client-side filtering.	Defines privacy metrics and compares SPV (BIP 37 Bloom filters) with Neutrino (BIP 157/158 filters) on real Bitcoin data over time, showing the privacy-versus-communication trade-off; proposes general privacy-enhancing techniques and an SPV 'aggregation model' with better privacy.
2024-krol-disc-ng	2024			DISC-NG: Robust Service Discovery in the Ethereum Global Network	graph/text/2024-krol-disc-ng.txt	pdfs/2024-krol-disc-ng.pdf		DISC-NG: Robust Service Discovery in the Ethereum Global Network.
2024-lazzaretti-singlepasspir	2024	PB3-receiver-privacy	building_block	Single Pass Client-Preprocessing Private Information Retrieval	graph/text/2024-lazzaretti-singlepasspir.txt	pdfs/2024-lazzaretti-singlepasspir.pdf	Replaces broadcast-and-trial-decrypt with indexed private retrieval: the recipient fetches only its slots and the server learns nothing about which; works only if the recipient can compute or look up the slot (a rendezvous or mailbox index)	Client-preprocessing PIR whose offline phase is exactly one linear pass over the database, concretely optimal for preprocessing; no per-client server storage.
2024-lee-sophomr	2024	PB3-receiver-privacy	building_block	SophOMR: Improved Oblivious Message Retrieval from SIMD-Aware Homomorphic Compression	graph/text/2024-lee-sophomr.txt	pdfs/2024-lee-sophomr.pdf	Removes the need for every recipient to download and trial-decrypt the whole board, which is Bitmessage's recipient-ambiguity mechanism, while keeping the server blind to who each message is for; stronger than a fuzzy filter but needs FHE o	New homomorphic compression using the SIMD structure of the HE scheme. Versus PerfOMR for 65,536 payloads of 612 bytes with up to 50 pertinent: 3.4x lower runtime, 2.2x smaller digest, 1.5x smaller key; the compression step alone is 7.5x faster.
2024-len-elektra	2024	PB5-sessions-groups-pq	system	ELEKTRA: Efficient Lightweight multi-dEvice Key TRAnsparency	graph/text/2024-len-elektra.txt	pdfs/2024-len-elektra.pdf	Multi-device key management for the directory, the device-level counterpart of Sesame's session management.	Formalises the Multi-Device Verifiable Key Directory (MVKD) with completeness, extraction-based soundness and privacy, and gives ELEKTRA, combining the Keybase KT core with identity-key management across a user's devices so that devices can help monitor and prevent fake-key registration.
2024-linker-imessage-pq3	2024	PB8-pq-anonymity	attack_or_audit	A Formal Analysis of Apple's iMessage PQ3 Protocol	graph/text/2024-linker-imessage-pq3.txt	pdfs/2024-linker-imessage-pq3.pdf	Second deployed example of amortising post-quantum key material in a messenger.	Tamarin analysis of Apple PQ3: ECDH ratcheting plus periodic ML-KEM rekeying (ML-KEM-768 for ephemeral KEM keys, ML-KEM-1024 for prekeys, 1568 B key and ciphertext). Establishes forward secrecy and post-compromise security including post-quantum, with caveats on authentication.
2024-linker-pq3-formal	2024	PB5-sessions-groups-pq	attack_or_audit	A Formal Analysis of Apple’s iMessage PQ3 Protocol		pdfs/2024-linker-pq3-formal.pdf	Gives a verified reference point for post-quantum session security in a production messenger.	Formal verification (Tamarin) of Apple's iMessage PQ3: hybrid post-quantum initialisation then Signal-like ratchet with PQ rekeying; proves confidentiality, authentication, forward secrecy and post-compromise security (including post-quantum PCS) for the specified fine-grained compromise scenarios, and extracts the exact conditions and caveats (such as rekeying conditions) for PQ-PCS.
2024-liu-perfomr	2024	PB2-metadata-private-systems	building_block	PerfOMR: Oblivious Message Retrieval with Reduced Communication and Computation	graph/text/2024-liu-perfomr.txt	pdfs/2024-liu-perfomr.pdf	OMR improvement with lower communication and computation.	Cost model: see paper; reduces digest size and server cost versus the CRYPTO 2022 OMR.
2024-liu-snakeeye	2024	PB8-pq-anonymity	attack_or_audit	Snake-eye Resistant PKE from LWE for Oblivious Message Retrieval and Robust Encryption	graph/text/2024-liu-snakeeye.txt	pdfs/2024-liu-snakeeye.pdf	Spam by malicious senders is Bitmessage's reason for proof-of-work; here it is a cryptographic property.	Proves OMRp2 DoS-resistant under LWE, shows PerfOMR-style schemes are attackable by malicious senders, and builds LWEmongrass (snake-eye resistant PKE, hence robust PKE); DoS-PerfOMR is 12x faster than OMRp2.
2024-matrix-symbolic	2024	PB6-deployed-messengers	attack_or_audit	The Matrix Reloaded: A Mechanized Formal Analysis of the Matrix Cryptographic Suite	graph/text/2024-matrix-symbolic.txt	pdfs/2024-matrix-symbolic.pdf	Mechanised-proof baseline for deployed group messaging; no counterpart exists for Bitmessage.	ProVerif symbolic models of Olm, Megolm and their composition (and of Sender Keys and Signal+Sender Keys): proves authentication, confidentiality, forward secrecy and PCS where they hold and mechanises known limitations and attacks. Content/session security only.
2024-mattsson-symmetric-ratchets	2024	PB5-sessions-groups-pq	limit_or_theory	Security of Symmetric Ratchets and Key Chains - Implications for Protocols like TLS 1.3, Signal, and PQ3	graph/text/2024-mattsson-symmetric-ratchets.txt	pdfs/2024-mattsson-symmetric-ratchets.pdf	Relevant to any design that derives per-message keys by hashing a chain; chain length and skipped keys are exposed in store-and-forward delivery.	Analyses one-way key chains and symmetric ratchets (TLS 1.3, Signal, MLS, PQ3): the hash-chain construction used by Signal and PQ3 has weak keys and an unexpectedly high rate of key collisions after many steps (security degrades with chain length), while other constructions do not; recommends constructions and chain-length limits.
2024-mehran-runtimeverification	2024			Runtime Verification Containers for Publish/Subscribe Networks	graph/text/2024-mehran-runtimeverification.txt	pdfs/2024-mehran-runtimeverification.pdf		Publish/subscribe (pub/sub) networks are a cornerstone of modern distributed systems, playing a crucial role in applications like the Internet of Things (IoT) and robotics.
2024-menon-ypir	2024	PB2-metadata-private-systems	building_block	YPIR: High-Throughput Single-Server PIR with Silent Preprocessing	graph/text/2024-menon-ypir.txt	pdfs/2024-menon-ypir.pdf	PIR with no client-side hint, useful when messaging clients are stateless.	Cost model: 12.1 GB/s/core and 2.5 MB total communication for a 32 GB database with no offline communication.
2024-midnight-zswap-spec	2024	PB6-deployed-messengers	system	Midnight ledger specification: Zswap (shielded coin protocol)	graph/text/2024-midnight-zswap-spec.txt	pdfs/2024-midnight-zswap-spec.md	Same structure as Bitmessage for recipient discovery: outputs are public and recipients must scan; no tags.	Zswap: commitment/nullifier sets for shielded coins; output carries an optional ciphertext (DH over embedded curve, Poseidon-CTR) delivering the coin secret to the receiver. Hides amount, owner and sender-receiver link; the spec defines no messaging channel or event type, and ciphertext presence is optional (delivery may go offchain).
2024-mohammed-selfoptimization	2024			Towards Self-Optimization of Publish/Subscribe IoT Systems using Continuous Performance Monitoring	graph/text/2024-mohammed-selfoptimization.txt	pdfs/2024-mohammed-selfoptimization.pdf		This paper proposes in this paper a continuous performance monitoring methodology, applied on IoT systems based on Publish/subscribe communication model, that relies on a Stochastic Petri nets modelling and analysis to assess performances.
2024-mongardini-stealthbeyond	2024	PB3-receiver-privacy	building_block	Stealth and Beyond: Attribute-Driven Accountability in Bitcoin Transactions	graph/text/2024-mongardini-stealthbeyond.txt	pdfs/2024-mongardini-stealthbeyond.pdf	Shows stealth recipient keys can carry attributes; relevant to proving rights to a recipient tag without revealing the address.	Identity-Based Matchmaking Stealth Signatures: stealth addresses carrying compliance attributes so both sender and recipient satisfy policy, compatible with Bitcoin as is.
2024-mukam-aupe	2024			AUPE: Collaborative byzantine fault-tolerant peer-sampling	graph/text/2024-mukam-aupe.txt	pdfs/2024-mukam-aupe.pdf		Collaborative Byzantine fault-tolerant peer sampling.
2024-nist-fips203	2024	PB5-sessions-groups-pq	building_block	FIPS 203: Module-Lattice-Based Key-Encapsulation Mechanism Standard (ML-KEM)	graph/text/2024-nist-fips203.txt	pdfs/2024-nist-fips203.pdf	Ciphertext and key sizes matter for Bitmessage-style flooding where every object is replicated to every node.	Standardises ML-KEM-512/768/1024 (IND-CCA2 KEM from module-LWE); the post-quantum KEM used in PQXDH, SPQR, PQ3, X-Wing and MLS PQ ciphersuites; no sender authentication, and encapsulation keys are about 800-1568 bytes.
2024-nist-fips204	2024	PB5-sessions-groups-pq	building_block	FIPS 204: Module-Lattice-Based Digital Signature Standard (ML-DSA)	graph/text/2024-nist-fips204.txt	pdfs/2024-nist-fips204.pdf	Bitmessage signs every object with ECDSA and carries the sender key in the object; ML-DSA signatures are tens of times larger than ECDSA signatures.	Standardises ML-DSA-44/65/87 (Fiat-Shamir with aborts over module lattices), the main post-quantum signature candidate for messaging identity keys and MLS credentials; signatures are about 2.4-4.6 kB and public keys 1.3-2.6 kB, much larger than Ed25519.
2024-nist-fips205	2024	PB5-sessions-groups-pq	building_block	FIPS 205: Stateless Hash-Based Digital Signature Standard (SLH-DSA)	graph/text/2024-nist-fips205.txt	pdfs/2024-nist-fips205.pdf	Signature size is prohibitive for per-object signing in a flooded network.	Standardises SLH-DSA (SPHINCS+), a hash-based stateless signature with conservative assumptions but 8-50 kB signatures; the fallback to lattice assumptions for long-lived identity or root keys.
2024-nist-ir8547-transition	2024	PB8-pq-anonymity	sok_or_survey	NIST IR 8547 (initial public draft): Transition to Post-Quantum Cryptography Standards	graph/text/2024-nist-ir8547-transition.txt	pdfs/2024-nist-ir8547-transition.pdf	Policy clock against which a successor's long-term confidentiality target is set.	Proposes deprecating 112-bit-strength quantum-vulnerable public-key algorithms after 2030 and disallowing all quantum-vulnerable public-key algorithms (128-bit and above) after 2035; frames the harvest-now-decrypt-later risk for long-lived confidentiality.
2024-oldenburg-mixmatch	2024	PB2-metadata-private-systems	measurement	MixMatch: Flow Matching for Mixnet Traffic	graph/text/2024-oldenburg-mixmatch.txt	pdfs/2024-oldenburg-mixmatch.pdf	Measures how well a passive adversary at the edges can match flows through Nym; cover traffic reduces but does not remove flow correlation.	Cost model: empirical attack on the Nym design with three classifiers (statistical and deep learning); real traffic datasets released. Tests Loopix-derived packet schedule with cover traffic against a passive observer.
2024-pandya-decentralized	2024			Decentralized Information-Flow Control for ROS2	graph/text/2024-pandya-decentralized.txt	pdfs/2024-pandya-decentralized.pdf		We present Picaros, a DIFC system tailored for ROS2.
2024-pohlmann-adps	2024			ADPS: Providing asynchronous PubSub communication in an adaptive and scalable way in Edge-Fog-Cloud architectures for healthcare data traffic	graph/text/2024-pohlmann-adps.txt	pdfs/2024-pohlmann-adps.pdf		This document introduces ADPS (Asynchronous Distributed Publish Subscribe), a PubSub-based communication model tailored for a hierarchical architecture distributed on Edge, Fog, and Cloud layers.
2024-rahimi-larmix	2024	PB2-metadata-private-systems	system	LARMix: Latency-Aware Routing in Mix Networks	graph/text/2024-rahimi-larmix.txt	pdfs/2024-rahimi-larmix.pdf	Cuts mixnet latency without a full anonymity penalty; shows the trilemma tuning that lets a low-latency mixnet replace Bitmessage's hours-long flooding.	Cost model: propagation latency reduced as much as 8x (120 ms to 15 ms) with about 2 bits entropy loss; load balancing 3.5x latency cut while less than halving the anonymity set.
2024-rahimi-larmixpp	2024	PB2-metadata-private-systems	system	LARMix++: Latency-Aware Routing in Mix Networks with Free Routes Topology	graph/text/2024-rahimi-larmixpp.txt	pdfs/2024-rahimi-larmixpp.pdf	Extension of LARMix to free-route (non-stratified) mixnets.	Cost model: latency-aware routing for free-route topologies; see LARMix for headline numbers.
2024-revuelta-waku-latency	2024			Message Latency in Waku Relay with Rate Limiting Nullifiers	graph/text/2024-revuelta-waku-latency.txt	pdfs/2024-revuelta-waku-latency.pdf		Analytic model, 1000-node simulation and 5-site deployment of Waku Relay (GossipSub + RLN) latency.
2024-rfc9576-privacypass-arch	2024	PB4-source-anonymity-spam	building_block	RFC 9576: The Privacy Pass Architecture	graph/text/2024-rfc9576-privacypass-arch.txt	pdfs/2024-rfc9576-privacypass-arch.md	Standard framework for admission tokens that carry no identity.	Architecture of Privacy Pass with Client, Attester, Issuer and Origin and deployment models (same-party and split) and privacy considerations (issuer view, collusion, token-count side channels). Adversary: colluding issuer, attester and origin who link users through timing, token metadata or anonymity-set size.
2024-rfc9577-privacypass-httpauth	2024	PB4-source-anonymity-spam	building_block	RFC 9577: The Privacy Pass HTTP Authentication Scheme	graph/text/2024-rfc9577-privacypass-httpauth.txt	pdfs/2024-rfc9577-privacypass-httpauth.md	Wire format for anonymous tokens; applicable to relay admission.	HTTP authentication scheme and token challenge format for Privacy Pass. Adversary: origin that tries to link tokens across redemptions via challenge reuse or per-origin binding.
2024-rfc9578-privacypass-issuance	2024	PB4-source-anonymity-spam	building_block	RFC 9578: Privacy Pass Issuance Protocols	graph/text/2024-rfc9578-privacypass-issuance.txt	pdfs/2024-rfc9578-privacypass-issuance.md	Concrete token types for stamps.	Two issuance protocols: privately verifiable (VOPRF) and publicly verifiable (blind RSA). Adversary: malicious issuer attempting key-based tagging attacks; attacker replaying tokens.
2024-rial-outfox	2024	PB2-metadata-private-systems	building_block	Outfox: a Postquantum Packet Format for Layered Mixnets	graph/text/2024-rial-outfox.txt	pdfs/2024-rial-outfox.pdf	Sphinx-like format for fixed-length stratified routes with KEM-based per-hop keys and a UC security proof; the Nym packet format roadmap.	Cost model: removes a full key exchange and uses compact per-hop headers, lowering computation and communication versus KEM-Sphinx. Applies to constant-length routes such as Loopix.
2024-rosenberg-zipnet	2024	PB2-metadata-private-systems	system	ZIPNet: Low-bandwidth anonymous broadcast from (dis)Trusted Execution Environments	graph/text/2024-rosenberg-zipnet.txt	pdfs/2024-rosenberg-zipnet.pdf	Replaces Bitmessage's flood-and-trial-decrypt with DC-net rounds: every client sends every round, so the recipient/sender is hidden without proof-of-work, but the anonymity set is bounded by the round size.	Cost model: DC-net-like anonymous vector scheme; 4.2x to 7.6x lower server runtime than the state of the art; outsources almost all server inbound traffic and about 80 percent of computation to aggregators that are untrusted for anonymity; scales to hundreds of any-trust servers (trust diversity). Trust: anytrust servers (as Dissent) for privacy; client-side TEEs used only for DoS prevention, not for privacy, so a br
2024-scherer-sphinxproof	2024	PB2-metadata-private-systems	limit_or_theory	Provable Security for the Onion Routing and Mix Network Packet Format Sphinx	graph/text/2024-scherer-sphinxproof.txt	pdfs/2024-scherer-sphinxproof.pdf	First detailed security proof of Sphinx; shows DDH is not enough (Gap-DH needed) and finds a sender-privacy attack on the integrated-system service model.	Cost model: no system numbers; adaptation embeds reply information in the payload and removes the nymserver at modest cost.
2024-session-onion-requests-swarms	2024	PB6-deployed-messengers	system	Session network documentation: Onion requests and message routing; Swarms	graph/text/2024-session-onion-requests-swarms.txt	pdfs/2024-session-onion-requests-swarms.md	Swarm-addressed delivery trades Bitmessage's whole-network recipient ambiguity for a small, public set of nodes per recipient, plus onion hops for sender anonymity.	Sender fetches the recipient's swarm mapping by Account ID, then sends the message through a 3-hop onion request to a random swarm node, which replicates it to the swarm; stored until expiry (two weeks default). Hides sender IP from the swarm; the swarm for an Account ID is public, so who is receiving (and the volume and timing) is visible to its swarm nodes. Onion requests are TCP-based and limited to small messages
2024-silva-privacypreserving	2024			Privacy-Preserving Contact Tracing System based on a Publish-Subscribe Model	graph/text/2024-silva-privacypreserving.txt	pdfs/2024-silva-privacypreserving.pdf		This paper introduces a technique for enhancing Privacy in contact-tracing systems while preserving the data for research purposes.
2024-simplex-pqdr	2024	PB6-deployed-messengers	building_block	Post-quantum resistant augmented double ratchet algorithm (PQDR)	graph/text/2024-simplex-pqdr.txt	pdfs/2024-simplex-pqdr.md	Direct answer to Bitmessage's lack of any ratchet; adds PQ-hybrid session security to a metadata-private queue system.	Augments Signal double ratchet with encrypted headers and a hybrid Curve448+sntrup761 KEM in each ratchet step; compares with Signal PQXDH and Tutanota hybrid approaches. Content-only property (PQ forward secrecy and PCS); metadata unaffected.
2024-song-deltachat	2024	PB6-deployed-messengers	attack_or_audit	Cryptographic Analysis of Delta Chat	graph/text/2024-song-deltachat.txt	pdfs/2024-song-deltachat.pdf	Shows weakness of email-based group E2EE without ratchets; no forward secrecy, like Bitmessage.	Attacks on Delta Chat's Autocrypt/SecureJoin/OpenPGP use: key-confusion, group membership and signature issues; Delta Chat inherits email-server metadata exposure. Analysis is of content authentication and group security, not metadata.
2024-stebila-pq3-analysis	2024	PB5-sessions-groups-pq	attack_or_audit	Security analysis of the iMessage PQ3 protocol	graph/text/2024-stebila-pq3-analysis.txt	pdfs/2024-stebila-pq3-analysis.pdf	none direct	Computational-model security analysis of PQ3: shows classical and post-quantum confidentiality with forward secrecy and post-compromise secrecy under reductions to underlying primitives; authentication remains classical.
2024-tovey-distributedpir	2024	PB2-metadata-private-systems	system	Distributed PIR: Scaling Private Messaging via the Users' Machines	graph/text/2024-tovey-distributedpir.txt	pdfs/2024-tovey-distributedpir.pdf	Replaces Bitmessage's download-everything-and-trial-decrypt receiver privacy with PIR mailboxes, so the recipient fetches one slot without revealing which.	Cost model: shifts most PIR computation to users' machines, 3.25x and 4.31x improvement over prior PIR-based messaging systems with the gap widening as users grow. Trust: no honest server required for privacy.
2024-trailofbits-simplex-design-review	2024	PB6-deployed-messengers	attack_or_audit	SimpleX Chat Design Review: summary report (Trail of Bits, 2024-08-12)	graph/text/2024-trailofbits-simplex-design-review.txt	pdfs/2024-trailofbits-simplex-design-review.pdf	Reviews the PQ ratchet and 2-hop routing that supersede Bitmessage-style static-key and flooding designs.	Design review of SMP, private routing and XRCP: protocols are only informally specified; a user-correlating side channel via the GET command; a compromised transport protocol enables more efficient correlation attacks; user correlation by introduced latency; XRCP lacks PFS and break-in recovery within sessions. Metadata-relevant findings about correlating users across queues.
2024-trestioreanu-squelch	2024			To Squelch or not to Squelch: Enabling Improved Message Dissemination on the XRP Ledger	graph/text/2024-trestioreanu-squelch.txt	pdfs/2024-trestioreanu-squelch.pdf		Evaluates XRPL's squelching mechanism for reducing redundant message dissemination; companion to the GossipSub-on-XRPL line.
2024-vac-adversarial-models	2024	PB1-bitmessage-heirs	attack_or_audit	ADVERSARIAL-MODELS: Waku v2 adversarial models and attack-based threat list	graph/text/2024-vac-adversarial-models.txt	pdfs/2024-vac-adversarial-models.md	Threat list for Waku relay, filter, store and lightpush: sybil, eclipse, DoS, deanonymisation by the filter/store node.	Living spec; year approximate.
2024-vac-gossipsub-tor-push-spec	2024	PB1-bitmessage-heirs	system	GOSSIPSUB-TOR-PUSH	graph/text/2024-vac-gossipsub-tor-push-spec.txt	pdfs/2024-vac-gossipsub-tor-push-spec.md	Publishes the first hop of a message through Tor to hide the origin IP from relay peers; a source-anonymity patch for gossip networks.	Living spec; year approximate.
2024-vac-libp2p-mix-spec	2024	PB1-bitmessage-heirs	system	LIBP2P-MIX (mix protocol for libp2p)	graph/text/2024-vac-libp2p-mix-spec.txt	pdfs/2024-vac-libp2p-mix-spec.md	Sphinx-based mix layer for libp2p and Waku with cover traffic and DoS protection; replaces flooding by routed mix paths for sender anonymity.	Living spec, large; also relevant to mixnet slices.
2024-vac-noise-x3dh-double-ratchet-spec	2024	PB1-bitmessage-heirs	building_block	NOISE-X3DH-DOUBLE-RATCHET	graph/text/2024-vac-noise-x3dh-double-ratchet-spec.txt	pdfs/2024-vac-noise-x3dh-double-ratchet-spec.md	Noise-based session establishment plus double ratchet for Waku chat; the post-compromise security layer missing from Bitmessage.	Living spec; year approximate.
2024-vac-rln-stealth-commitments-spec	2024	PB1-bitmessage-heirs	building_block	RLN-STEALTH-COMMITMENTS	graph/text/2024-vac-rln-stealth-commitments-spec.txt	pdfs/2024-vac-rln-stealth-commitments-spec.md	Stealth-address-like commitments so RLN membership registrations are unlinkable to the registrant.	Living spec; year approximate.
2024-vac-rln-v2-spec	2024	PB1-bitmessage-heirs	building_block	RLN-V2 (Rate Limit Nullifier V2)	graph/text/2024-vac-rln-v2-spec.txt	pdfs/2024-vac-rln-v2-spec.md	RLN with a per-epoch message budget instead of one message per epoch.	Living spec; year approximate.
2024-wei-nostr-empirical	2024	PB1-bitmessage-heirs	measurement	An Empirical Analysis of the Nostr Social Network: Decentralization, Availability, and Replication Overhead	graph/text/2024-wei-nostr-empirical.txt	pdfs/2024-wei-nostr-empirical.pdf	Measures relay availability, concentration and replication overhead; context for the cost and reliability of relay-based delivery that NIP-17 inherits.	Not about DMs specifically.
2024-xmtp-xip46-multi-wallet-identity	2024	PB6-deployed-messengers	building_block	XIP-46: Multi-wallet identity	graph/text/2024-xmtp-xip46-multi-wallet-identity.txt	pdfs/2024-xmtp-xip46-multi-wallet-identity.md	Wallet identity makes the social graph linkable by chain address; contrast with Bitmessage's pseudonymous addresses.	Replaces wallet-address identity with Inbox IDs bound to multiple wallets and installations. Associations are public to the network: wallet-to-inbox links are not hidden.
2024-xmtp-xip49-decentralized-backend	2025	PB6-deployed-messengers	system	XIP-49: Decentralized backend for MLS messages	graph/text/2024-xmtp-xip49-decentralized-backend.txt	pdfs/2024-xmtp-xip49-decentralized-backend.md	MLS group security over a permissioned, paid broker mesh with on-chain ordering of identity/membership; opposite end of the spectrum from Bitmessage's anonymous flood.	Architecture for a decentralised XMTP: node-to-node and client-to-node protocols, permissioned node registry as NFTs, identity updates ordered on a blockchain, payers compensating node operators. Clients provide MLS E2EE; nodes see wallet-linked inbox IDs, group membership events, message sizes and timing. Hides only content.
2024-yu-anonymous-bulletin-board	2024	PB7-limits-theory-soks	limit_or_theory	Unconditional Security using (Random) Anonymous Bulletin Board	graph/text/2024-yu-anonymous-bulletin-board.txt	pdfs/2024-yu-anonymous-bulletin-board.pdf	What can be built on top of an anonymous bulletin board such as a Bitmessage stream.	Key agreement and string OT in the anonymous bulletin board model (Ishai et al. FOCS 2006): 200% throughput improvement for key agreement with a near-optimality proof, 1-round chosen-message random string OT, and a 1-round lower bound for BEC under stated conditions.
2024-zhang-honeybee	2024			Honeybee: Byzantine Tolerant Decentralized Peer Sampling with Verifiable Random Walks	graph/text/2024-zhang-honeybee.txt	pdfs/2024-zhang-honeybee.pdf		Byzantine-tolerant peer sampling; includes a simulation of GossipSub peer discovery with peer exchange.
2025-akanbi-i2pcentrality	2025	PB4-source-anonymity-spam	measurement	Examining I2P Resilience: Effect of Centrality-based Attack	graph/text/2025-akanbi-i2pcentrality.txt	pdfs/2025-akanbi-i2pcentrality.pdf	Availability limits of an anonymity network transport.	Models I2P as a graph and evaluates removal of high-centrality routers. Adversary: attacker capable of removing or degrading the most central routers.
2025-alagic-best-of-both-kems	2025	PB8-pq-anonymity	building_block	The Best of Both KEMs: Securely Combining KEMs in Post-quantum Hybrid Schemes	graph/text/2025-alagic-best-of-both-kems.txt	pdfs/2025-alagic-best-of-both-kems.pdf	Directly reduces the per-hop or per-message size cost of hybrid post-quantum encryption.	Generalises X-Wing: when combining several KEMs, one may omit the ciphertext of any KEM with ciphertext second-preimage resistance (C2PRI) provided the key combiner is a split-key PRF. Saves up to a full component ciphertext (1088 B for ML-KEM-768) per hybrid encapsulation.
2025-alagic-nistsp800227	2025	PB5-sessions-groups-pq	building_block	Recommendations for Key-Encapsulation Mechanisms (NIST SP 800-227)	graph/text/2025-alagic-nistsp800227.txt	pdfs/2025-alagic-nistsp800227.pdf	Reference rules for upgrading a classical ECDH step to a hybrid KEM combiner.	NIST guidance on using KEMs (including ML-KEM): security properties (IND-CCA), key-derivation and combiner requirements, and rules for hybrid constructions mixing classical and post-quantum shared secrets.
2025-albrecht-whatsapp-multidevice	2025	PB5-sessions-groups-pq	attack_or_audit	Formal Analysis of Multi-Device Group Messaging in WhatsApp	graph/text/2025-albrecht-whatsapp-multidevice.txt	pdfs/2025-albrecht-whatsapp-multidevice.pdf	Gives the precise formal guarantees of the largest group-messaging deployment, none of which exist for Bitmessage chans.	Formal description of WhatsApp's multi-device group messaging (from public documentation plus reverse engineering) in an extended Device-Oriented Group Messaging model with device revocation; states and proves the security guarantees it provides and discusses limitations of those guarantees.
2025-auerbach-cgka-no-pruning	2025	PB5-sessions-groups-pq	building_block	Continuous Group-Key Agreement: Concurrent Updates without Pruning	graph/text/2025-auerbach-cgka-no-pruning.txt	pdfs/2025-auerbach-cgka-no-pruning.pdf	none direct	CGKA with concurrent updates but without pruning (not discarding concurrent updates); retains PCS with logarithmic cost.
2025-auerbach-pq-metric	2025	PB5-sessions-groups-pq	limit_or_theory	How to Compare Bandwidth Constrained Two-Party Secure Messaging Protocols: A Quest for A More Efficient and Secure Post-Quantum Protocol	graph/text/2025-auerbach-pq-metric.txt	pdfs/2025-auerbach-pq-metric.pdf	Makes the bandwidth-versus-healing trade-off explicit, central for any flooded network.	Proposes a pragmatic metric of how secure a messaging protocol is given a particular communication pattern, to compare bandwidth-constrained post-quantum protocols (PQ3, Triple Ratchet and new designs); shows there is no 'optimal' protocol since designs are incomparable under worst-case adversarial messaging behaviour with real bandwidth limits; develops a framework and a more efficient and secure PQ protocol.
2025-berger-pq-tor	2025	PB8-pq-anonymity	measurement	Post Quantum Migration of Tor	graph/text/2025-berger-pq-tor.txt	pdfs/2025-berger-pq-tor.pdf	Best single costing of post-quantum primitives inside an anonymity network; sizes translate to per-message cost in a flooding successor.	Inventories Tor's primitives and estimates the cost of replacing them. Key sizes in bytes: ML-KEM encapsulation key/decapsulation key/ciphertext as in FIPS 203, HQC-128/192/256 encapsulation key 2249/4522/7245; ML-DSA key plus signature 3732 B; Tor CREATE handshake limit 505 B versus 693 B for ntruees443ep1; only ML-KEM-512/768 and sntrup761 (KEMs) and Falcon-512 and ML-DSA-44 (signatures) are judged viable. Estimate
2025-beurdouche-rfc9750	2025	PB5-sessions-groups-pq	system	The Messaging Layer Security (MLS) Architecture	graph/text/2025-beurdouche-rfc9750.txt	pdfs/2025-beurdouche-rfc9750.pdf	Names the metadata a delivery service sees in a modern group messenger; a useful baseline for what flooding-based designs can improve.	Describes the delivery service and authentication service roles around MLS and the security model; states what MLS does not hide (group size, membership, sender identity metadata to the delivery service, message timing) and the trust assumptions on the authentication service.
2025-bitchat-protocol-whitepaper	2025	PB1-bitmessage-heirs	system	bitchat Protocol Whitepaper (version 2.0, July 2026)	graph/text/2025-bitchat-protocol-whitepaper.txt	pdfs/2025-bitchat-protocol-whitepaper.md	BLE mesh with controlled flood, TTL, dedup and jitter, Noise-encrypted private messages, Nostr bridge; states that unlinkable presence is not provided and packet length is observable. A flood-based relative of Bitmessage at the radio layer.	Version 2.0 dated 2026-07-06; first release 2025. Author attribution to the project, not a named person.
2025-bitchat-source-routing	2025	PB1-bitmessage-heirs	system	Source-Based Routing for BitChat Packets (v2)	graph/text/2025-bitchat-source-routing.txt	pdfs/2025-bitchat-source-routing.md	Replaces flooding with explicit source routes for known peers to cut radio load.	Project doc; undated beyond repository history.
2025-bowe-noteonnotes	2025	PB3-receiver-privacy	building_block	A Note on Notes: Towards Scalable Anonymous Payments via Evolving Nullifiers and Oblivious Synchronization	graph/text/2025-bowe-noteonnotes.txt	pdfs/2025-bowe-noteonnotes.pdf	Same delegation idea (an untrusted server does the heavy per-ledger work for a client without learning its transactions) applied to coin-state proofs instead of message detection.	Oblivious synchronization: a user asks an untrusted remote service that ingests the public ledger for succinct proofs that its coins are unspent and valid; the service is oblivious to the client's transactions, keeps only ephemeral per-client state, and clients can switch services. Primarily about pruning the ever-growing nullifier set, not note discovery; included as the Zcash designers' model for outsourcing wallet
2025-chairattana-everlasting-tokens	2025	PB8-pq-anonymity	building_block	Everlasting Anonymous Rate-Limited Tokens	graph/text/2025-chairattana-everlasting-tokens.txt	pdfs/2025-chairattana-everlasting-tokens.pdf	Separates long-term privacy from short-term unforgeability: exactly the asymmetry an admission check on a flooded network needs.	Anonymous rate-limited tokens whose anonymity survives later quantum attack on stored tokens (everlasting privacy) while unforgeability may rely on classical assumptions; dispenser yields up to k unlinkable tokens. Explicit answer to record-now-decrypt-later for token metadata.
2025-chen-onionpirv2	2025	PB3-receiver-privacy	building_block	OnionPIRv2: Efficient Single-Server PIR	graph/text/2025-chen-onionpirv2.txt	pdfs/2025-chen-onionpirv2.pdf	Replaces broadcast-and-trial-decrypt with indexed private retrieval: the recipient fetches only its slots and the server learns nothing about which; works only if the recipient can compute or look up the slot (a rendezvous or mailbox index)	Engineering update of OnionPIR: 3.7x response overhead for 3 KB entries and up to 1372 MB/s server throughput.
2025-chu-signalingmalicious	2025	PB3-receiver-privacy	building_block	Private Signaling Secure Against Actively Corrupted Servers	graph/text/2025-chu-signalingmalicious.txt	pdfs/2025-chu-signalingmalicious.pdf	Same board-plus-signal model as Bitmessage's flooded object pool, with an outsourced detection step so recipients no longer scan everything; trust moves to a TEE or to non-colluding servers.	TEE-free private signaling with two non-colluding servers, either of which may be actively corrupted; retrieval is cast as a PSI-like problem with custom ZK proofs for consistency with the board. Digest 33.57 KB for a board of 2^19 messages; retrieving signals takes about 2 minutes on 16 threads over a LAN.
2025-collins-gurke	2025	PB5-sessions-groups-pq	limit_or_theory	GURKE: Group Unidirectional Ratcheted Key Exchange	graph/text/2025-collins-gurke.txt	pdfs/2025-collins-gurke.pdf	One-to-many ratcheting matches the Bitmessage broadcast/subscription pattern, where one sender writes to many readers.	Group unidirectional ratcheted key exchange: restricts CGKA so that members are either senders or receivers (a sender group Alice establishes keys to a receiver group Bob), giving forward security and post-compromise security for the sender side and forward security for receivers, with constructions simpler and cheaper than full CGKA.
2025-collins-leakage-rke	2025	PB5-sessions-groups-pq	limit_or_theory	Towards Leakage-Resilient Ratcheted Key Exchange	graph/text/2025-collins-leakage-rke.txt	pdfs/2025-collins-leakage-rke.pdf	none direct	Formalises a key-indistinguishability game for unidirectional ratcheted key exchange (one sender, one receiver) with partial leakage of party state rather than only full state exposure, building on Balli-Rosler-Vaudenay, with constructions that keep forward security and post-compromise security under bounded leakage.
2025-connell-spqr	2025	PB5-sessions-groups-pq	system	Signal Protocol and Post-Quantum Ratchets	graph/text/2025-connell-spqr.txt	pdfs/2025-connell-spqr.md	Deployment account of post-quantum session security at scale; contrast with Bitmessage's single static key per address.	Announces the Sparse Post-Quantum Ratchet and explains the design: ML-KEM ratchet state machine, key/ciphertext chunking, mixed into the classical ratchet; goals are forward secrecy and post-compromise security against quantum adversaries, with hybrid security (secure if either ratchet holds).
2025-corte-performance	2025			Performance Evaluation of Brokerless Messaging Libraries	graph/text/2025-corte-performance.txt	pdfs/2025-corte-performance.pdf		Messaging systems are essential for efficiently transferring large volumes of data, ensuring rapid response times and high-throughput communication.
2025-cremers-etk	2025	PB5-sessions-groups-pq	limit_or_theory	ETK: External-Operations TreeKEM and the Security of MLS in RFC 9420	graph/text/2025-cremers-etk.txt	pdfs/2025-cremers-etk.pdf	none direct	Security proof for RFC 9420 TreeKEM including external operations (external commits and proposals) that earlier analyses of drafts omitted; ETK (External-Operations TreeKEM) models these and shows the final standard meets its goals, with some corrections.
2025-das-spar	2025	PB2-metadata-private-systems	system	sPAR: (Somewhat) Practical Anonymous Router	graph/text/2025-das-spar.txt	pdfs/2025-das-spar.pdf	Anonymous router with cryptographic anonymity using lightweight primitives.	Cost model: practical construction of the Shi-Wu non-interactive anonymous router, where a single untrusted server permutes a set of messages without learning the permutation; aims to remove the need for any honest router and to fix the theory-only constructions. See paper for per-user costs. Trust: one untrusted server (cryptographic anonymity).
2025-decristo-xrpl-mesh-causal	2025			Causal Analysis of GossipSub Mesh Parameters Over the XRP Ledger	graph/text/2025-decristo-xrpl-mesh-causal.txt	pdfs/2025-decristo-xrpl-mesh-causal.pdf		Causal analysis of GossipSub mesh degree parameters on XRPL traffic.
2025-denison-katt	2025			KATT Efficient publish subscribe telemetry transport in a hierarchical Kademlia topology	graph/text/2025-denison-katt.txt	pdfs/2025-denison-katt.pdf		Traditional Internet of things systems suffer from limitations inherent to the clientserver architecture, with the entire system being dependant on the correct functionality of the server.
2025-dodis-triple-ratchet	2025	PB6-deployed-messengers	building_block	Triple Ratchet: A Bandwidth Efficient Hybrid-Secure Signal Protocol	graph/text/2025-dodis-triple-ratchet.txt	pdfs/2025-dodis-triple-ratchet.pdf	Shows bandwidth cost for PQ continuous key agreement, relevant where each message must be flooded.	Hybrid classical/PQ ratchet that adds a sparse KEM-based ratchet to the Signal double ratchet, cutting the bandwidth of PQ updates; the basis of Signal's deployed SPQR. Content/session security only.
2025-draft-arc	2025	PB4-source-anonymity-spam	building_block	Anonymous Rate-Limited Credentials (draft-yun-cfrg-arc-01)	graph/text/2025-draft-arc.txt	pdfs/2025-draft-arc.md	Standards-track form of the anonymous rate limit that RLN provides on-chain; direct replacement for per-object proof of work.	Keyed-verification anonymous credential that can be presented up to a fixed number of times per context, each presentation bound to client secrets and public application context and unlinkable to other presentations. Adversary: client trying to exceed its presentation limit or link/forge; issuer-verifier trying to link presentations.
2025-draft-bbs	2025	PB4-source-anonymity-spam	building_block	The BBS Signature Scheme (draft-irtf-cfrg-bbs-signatures-12)	graph/text/2025-draft-bbs.txt	pdfs/2025-draft-bbs.md	Primitive for unlinkable multi-show credentials, e.g. membership or reputation proofs without identity.	Specification of BBS signatures with multi-message signing and unlinkable zero-knowledge proofs of knowledge supporting selective disclosure. Adversary: forger under q-type assumption in pairing groups; verifier attempting to link proofs.
2025-draft-xwing-kem	2025	PB8-pq-anonymity	building_block	X-Wing: general-purpose hybrid post-quantum KEM (Internet-Draft)	graph/text/2025-draft-xwing-kem.txt	pdfs/2025-draft-xwing-kem.md	Implementable spec for the hybrid KEM that Outfox and Katzenpost instantiate.	Specification of X-Wing: 32-byte secret key seed, 1216-byte encapsulation key (1184 ML-KEM + 32 X25519), 1120-byte ciphertext (1088 + 32), 32-byte shared secret; KEM combiner SHA3-256(ss_M || ss_X || ct_X || pk_X || label).
2025-drake-leansig	2025	PB8-pq-anonymity	building_block	Technical Note: LeanSig for Post-Quantum Ethereum	graph/text/2025-drake-leansig.txt	pdfs/2025-drake-leansig.pdf	Design for post-quantum signatures in a gossip network where every node relays every signature.	XMSS-variant hash-based multi-signature family tuned for aggregation in Ethereum consensus gossip, trading signature size against verification hashing via an incomparable encoding; stateful hash signatures keep keys and signatures small enough for gossip when aggregated.
2025-driscoll-rfc9794	2025	PB5-sessions-groups-pq	building_block	Terminology for Post-Quantum Traditional Hybrid Schemes	graph/text/2025-driscoll-rfc9794.txt	pdfs/2025-driscoll-rfc9794.pdf	none direct	Defines PQ/T hybrid terminology (PQ/T hybrid key establishment, composite, non-composite, hybrid signature); no security claims, but fixes vocabulary used by hybrid-KEM and hybrid-signature work in messaging.
2025-farooq-preamble	2025			PREAMBLE and IMRECEIVING for Improved Large Message Handling in libp2p GossipSub	graph/text/2025-farooq-preamble.txt	pdfs/2025-farooq-preamble.pdf		Control-message extensions (PREAMBLE, IMRECEIVING) to avoid duplicate large-message transfers in GossipSub.
2025-farooq-staggering	2025			Staggering and Fragmentation for Improved Large Message Handling in libp2p GossipSub	graph/text/2025-farooq-staggering.txt	pdfs/2025-farooq-staggering.pdf		Staggered sending and message fragmentation to cut GossipSub latency and bandwidth for large messages.
2025-flores-reliableimage	2025			Reliable Image Transmission in CPS-based Pub/Sub	graph/text/2025-flores-reliableimage.txt	pdfs/2025-flores-reliableimage.pdf		Developments in communication and automation have driven the expansion of distributed networks, essential for IoT and CPS development in industrial applications requiring reliable image processing and real-time adaptability.
2025-gajland-shadowfax	2025	PB5-sessions-groups-pq	building_block	Shadowfax: Hybrid Security and Deniability for AKEMs	graph/text/2025-gajland-shadowfax.txt	pdfs/2025-gajland-shadowfax.pdf	none direct	Shadowfax: hybrid-secure authenticated KEM that combines a classical non-interactive key exchange, a post-quantum KEM and a post-quantum ring signature to preserve deniability (which X3DH has but PQXDH and PQ3 lose) while keeping hybrid confidentiality; deniability in both dishonest and honest settings.
2025-gidney-rsa-million-qubits	2025	PB8-pq-anonymity	limit_or_theory	How to factor 2048 bit RSA integers with less than a million noisy qubits	graph/text/2025-gidney-rsa-million-qubits.txt	pdfs/2025-gidney-rsa-million-qubits.pdf	Shrinks the horizon for recorded Bitmessage ciphertexts.	Lowers the estimate to fewer than one million noisy physical qubits and under a week of runtime for RSA-2048 (approximate-residue arithmetic, yoked surface codes, magic-state cultivation), roughly a 20x reduction in qubits relative to 2019.
2025-giustolisi-crypto-wars	2025	PB5-sessions-groups-pq	attack_or_audit	Crypto Wars in Secure Messaging: Covert Channels in Signal Despite Leaked Keys	graph/text/2025-giustolisi-crypto-wars.txt	pdfs/2025-giustolisi-crypto-wars.pdf	none direct	Anamorphic constructions embedding covert messages in the existing Signal Double Ratchet (in the DH keys of the asymmetric ratchet or in symmetric-ratchet authentication tags), letting users communicate covertly even against an adversary that can decrypt all Signal traffic (mandated access or leaked keys).
2025-goes-multiserverfmd	2025	PB3-receiver-privacy	building_block	Multi-server Fuzzy Message Detection	graph/text/2025-goes-multiserverfmd.txt	pdfs/2025-goes-multiserverfmd.pdf	Attacks Bitmessage's flood-and-trial-decrypt directly: the recipient hands a detection key to an untrusted node that filters the board, so the client downloads roughly a fraction p of traffic instead of everything, at the price of an anonym	Extends FMD to several servers holding different detection keys extracted from one secret key, so the receiver combines their results locally: servers can use high false-positive rates (more privacy) while the combined rate seen by the receiver stays low (less bandwidth). Formalises stealth public keys for FMD and gives two constructions, one with short public keys. No benchmark numbers in the abstract.
2025-gunther-hybrid-obfuscated-kex	2025	PB8-pq-anonymity	building_block	Hybrid Obfuscated Key Exchange and KEMs	graph/text/2025-gunther-hybrid-obfuscated-kex.txt	pdfs/2025-gunther-hybrid-obfuscated-kex.pdf	Random-looking post-quantum ciphertexts are the precondition for recipient-anonymous flooding and for censorship-resistant transport.	First OKEM combiner with hybrid IND-CCA security and hybrid ciphertext-obfuscation guarantees (public keys and ciphertexts that look like random bitstrings), used to build Drivel, a pq-obfs variant for hybrid obfs4. Plain hybrid KEM combiners do not give hybrid obfuscation. Builds on Kemeleon, which encodes ML-KEM keys and ciphertexts as random-looking strings under decision module-LWE (not statistically indistinguis
2025-hao-practicalkpir	2025	PB3-receiver-privacy	building_block	Practical Keyword Private Information Retrieval from Key-to-Index Mappings	graph/text/2025-hao-practicalkpir.txt	pdfs/2025-hao-practicalkpir.pdf	Faster tag lookups for topic-addressed boards.	Reduces keyword PIR to index PIR through compact key-to-index mappings; 15x-178x less communication and 1.1x-2.4x faster than ChalametPIR; 47 ms for 1 million 32-byte entries.
2025-hashimoto-bundled-ake	2025	PB8-pq-anonymity	limit_or_theory	Bundled Authenticated Key Exchange: A Concrete Treatment of (Post-Quantum) Signal's Handshake Protocol	graph/text/2025-hashimoto-bundled-ake.txt	pdfs/2025-hashimoto-bundled-ake.pdf	Static-key encryption is Bitmessage's weakness; this is the formal treatment of the asynchronous handshake that fixes it, post-quantum.	Unified model for prekey-bundle handshakes; shows X3DH and PQXDH (harvest-now-decrypt-later secure, not fully post-quantum authenticated) fall short of optimal security and proposes RingXKEM, a fully post-quantum handshake sharing state across prekey bundles, with a size and efficiency comparison.
2025-hashimoto-mls-app-auth	2025	PB5-sessions-groups-pq	building_block	Exploring How to Authenticate Application Messages in MLS: More Efficient, Post-Quantum, and Anonymous Blocklistable	graph/text/2025-hashimoto-mls-app-auth.txt	pdfs/2025-hashimoto-mls-app-auth.pdf	Bitmessage signs every object; this line trades signatures against deniability and size.	Authentication of MLS application messages: replaces per-message EdDSA with more efficient, post-quantum and anonymously blocklistable alternatives; shows trade-offs between non-repudiation and deniability within groups.
2025-hqc-specification	2025	PB8-pq-anonymity	building_block	Hamming Quasi-Cyclic (HQC): specification, 22 August 2025	graph/text/2025-hqc-specification.txt	pdfs/2025-hqc-specification.pdf	Different hardness assumption to lattices at 4-14 KB per ciphertext.	Sizes in bytes (encapsulation key / decapsulation key / ciphertext / shared key): HQC-1 2241/2321/4433/32, HQC-3 4514/4602/8978/32, HQC-5 7237/7333/14421/32. Security: quasi-cyclic syndrome decoding; Xagawa found anonymity fails for two of three early parameter sets.
2025-infeld-echomix	2025	PB2-metadata-private-systems	system	Echomix: a Strong Anonymity System with Messaging	graph/text/2025-infeld-echomix.txt	pdfs/2025-infeld-echomix.pdf	Describes Katzenpost as a Loopix-descendant with PQ Sphinx, a group messaging protocol (BACAP and Pigeonhole) and store-and-retrieve for offline users; closest modern analogue of Bitmessage's object pool with metadata privacy.	Cost model: Poisson-delayed mix layers, decoy loops, hybrid PQ nested packet encryption; the paper gives latency and bandwidth overhead evaluations. Trust: global adversary, compromised contacts and infrastructure, quantum adversaries; second-party (contact) adversary minimised.
2025-jaeger-group-chat-encryption	2025	PB5-sessions-groups-pq	attack_or_audit	Analyzing Group Chat Encryption in MLS, Session, Signal, and Matrix	graph/text/2025-jaeger-group-chat-encryption.txt	pdfs/2025-jaeger-group-chat-encryption.pdf	Session is the Bitmessage-lineage messenger; the paper shows its group encryption has the same signature-binding weakness as peers.	Analyses the composition of symmetric encryption and signatures in the chat layers of MLS, Session, Signal and Matrix (symmetric signcryption formalism): practically exploitable replay and reordering attacks by a group insider in MLS and Session; a forgery attack by an outsider holding a user's signing key in Signal (previously found by Balbas et al.); Matrix is saved by ecosystem mitigations; gives security theorems
2025-jeong-dosn-overview	2025			Navigating Decentralized Online Social Networks: An Overview of Technical and Societal Challenges in Architectural Choices	graph/text/2025-jeong-dosn-overview.txt	pdfs/2025-jeong-dosn-overview.pdf		Survey of the architectures of Mastodon, Bluesky, Hive and Nostr, including how posts propagate.
2025-jia-kerblam	2025	PB2-metadata-private-systems	system	Kerblam: Anonymous Messaging System Protecting Both Senders and Recipients	graph/text/2025-jia-kerblam.txt	pdfs/2025-jia-kerblam.pdf	Combines sender mixing with oblivious message retrieval for the recipient, directly targeting Bitmessage's two privacy goals.	Cost model: two non-colluding servers; combines the HomeRun oblivious-message-retrieval protocol with an oblivious shuffle, then extends to larger messages with a two-server distributed scheme. Receivers need not stay online or trust an online proxy; no cap on messages sent or received. Trust: two non-colluding servers. See paper for throughput.
2025-jiang-fpgaomr	2025	PB3-receiver-privacy	building_block	Leveraging FPGAs for Homomorphic Matrix-Vector Multiplication in Oblivious Message Retrieval	graph/text/2025-jiang-fpgaomr.txt	pdfs/2025-jiang-fpgaomr.pdf	Removes the need for every recipient to download and trial-decrypt the whole board, which is Bitmessage's recipient-ambiguity mechanism, while keeping the server blind to who each message is for; stronger than a fuzzy filter but needs FHE o	FPGA accelerator for the homomorphic matrix-vector multiplication that dominates OMR detection (high-level synthesis, design-space exploration); 13.86x speedup over the software implementation. Hardware route to lowering the server cost per scanned message.
2025-jiang-pingpong	2025	PB2-metadata-private-systems	system	Metadata-private Messaging without Coordination (PingPong)	graph/text/2025-jiang-pingpong.txt	pdfs/2025-jiang-pingpong.pdf	Removes the need for sender and receiver to agree on a rendezvous address in advance, like Bitmessage's shared object pool but with enclave-protected retrieval.	Cost model: prototype with 32 8-core servers with enclaves; evaluated on a real messaging metadata dataset. Trust: trusted execution environments plus non-colluding servers (TEE trust).
2025-juaneda-rhqc	2025	PB5-sessions-groups-pq	building_block	RHQC: post-quantum ratcheted key exchange from coding assumptions	graph/text/2025-juaneda-rhqc.txt	pdfs/2025-juaneda-rhqc.pdf	none direct	Turns the HQC code-based cryptosystem into a ratcheted key exchange, giving a first code-based RKE with perfect forward secrecy and post-compromise security as a non-lattice alternative to ML-KEM ratchets.
2025-katsumata-deniability-analysis	2025	PB5-sessions-groups-pq	limit_or_theory	Comprehensive Deniability Analysis of Signal Handshake Protocols: X3DH, PQXDH to Fully Post-Quantum with Deniable Ring Signatures	graph/text/2025-katsumata-deniability-analysis.txt	pdfs/2025-katsumata-deniability-analysis.pdf	none direct	Unified deniability framework for Signal handshake protocols; shows X3DH deniability holds under a clean AKE definition, finds PQXDH's classical authentication weakens it, and builds a fully post-quantum handshake with deniable ring signatures; compares all prior notions.
2025-kaviani-myco	2025	PB2-metadata-private-systems	system	Myco: Unlocking Polylogarithmic Accesses in Metadata-Private Messaging	graph/text/2025-kaviani-myco.txt	pdfs/2025-kaviani-myco.pdf	Replaces Bitmessage's download-everything-and-trial-decrypt receiver privacy with PIR mailboxes, so the recipient fetches one slot without revealing which.	Cost model: oblivious data structure instead of PIR, so server work is O(N log^2 N) in the number of users N versus quadratic O(N^2) for PIR systems; throughput up to 302x better than multi-server and 2,219x better than single-server PIR-based systems. Trust: asymmetric two-server distributed trust (clients write to one server that obliviously forwards to a second server clients read from).
2025-kluner-zenohautomotive	2025			Automotive Middleware Performance: Comparison of FastDDS, Zenoh and vSomeIP	graph/text/2025-kluner-zenohautomotive.txt	pdfs/2025-kluner-zenohautomotive.pdf		This paper examines FastDDS, a widely used open-source middleware, the newly developed Zenoh middleware, and vSomeIP, COVESAs open-source implementation of SOME/IP to identify the best performing middleware for specific operating conditions.
2025-kopyciok-monero-p2p-exchanges	2025	PB1-bitmessage-heirs	measurement	Monero's Decentralized P2P Exchanges: Functionality, Adoption, and Privacy Risks	graph/text/2025-kopyciok-monero-p2p-exchanges.txt	pdfs/2025-kopyciok-monero-p2p-exchanges.pdf	Describes Particl SMSG, a Bitmessage-inspired flooding mixnet with 48-hour retention, as the order-book transport of BasicSwap and discusses its privacy risks.	Evidence for a live Bitmessage derivative (SMSG). Authors read from the arXiv PDF title page.
2025-kumar-floodsub-formalization	2025			A Formalization of the Correctness of the Floodsub Protocol	graph/text/2025-kumar-floodsub-formalization.txt	pdfs/2025-kumar-floodsub-formalization.pdf		Machine-checked correctness proof of libp2p Floodsub (delivery to all subscribers) in ACL2s.
2025-lebrun-thesis	2025	PB5-sessions-groups-pq	limit_or_theory	Security and Efficiency of Secure Group Messaging Protocols	graph/text/2025-lebrun-thesis.txt	pdfs/2025-lebrun-thesis.pdf	none direct	Thesis on CGKA/MLS: quarantined handling of inactive members (Quarantined-TreeKEM), tree-shaping to lower communication cost (Bonsai), security-efficiency trade-offs of PCS for groups.
2025-li-dpsiiot	2025			DPS-IIoT: non-interactive zero-knowledge poof-inspired access control towards information-centric industrial internet of things	graph/text/2025-li-dpsiiot.txt	pdfs/2025-li-dpsiiot.pdf		Zero-knowledge-proof-inspired non-interactive access control for information-centric pub/sub in industrial IoT.
2025-liang-instantomr	2025	PB3-receiver-privacy	building_block	InstantOMR: Oblivious Message Retrieval with Low Latency and Optimal Parallelizability	graph/text/2025-liang-instantomr.txt	pdfs/2025-liang-instantomr.pdf	Removes the need for every recipient to download and trial-decrypt the whole board, which is Bitmessage's recipient-ambiguity mechanism, while keeping the server blind to who each message is for; stronger than a fuzzy filter but needs FHE o	Hybrid of TFHE functional bootstrapping and RLWE operations; messages are processed independently so the detector can stream and answer the moment the recipient comes online. About 860x lower latency than SophOMR and near-optimal scaling with cores.
2025-liu-mmmrkem	2025	PB3-receiver-privacy	building_block	Lattice-based Multi-message Multi-recipient KEM/PKE with Malicious Security	graph/text/2025-liu-mmmrkem.txt	pdfs/2025-liu-mmmrkem.pdf	Cuts the per-recipient ciphertext cost of sending one message to many addresses, relevant to chans and group delivery over a shared board.	Attacks existing lattice multi-recipient PKE with maliciously crafted keys (breaks semantic and key privacy) and gives the first lattice mmKEM safe against them; ciphertext for 100 recipients about 8x smaller than naive Kyber. Also improves batched random OT and group OMR.
2025-liu-phantom-events	2025			Phantom Events: Demystifying the Issues of Log Forgery in Blockchain	graph/text/2025-liu-phantom-events.txt	pdfs/2025-liu-phantom-events.pdf		Studies forged smart-contract event logs, which off-chain subscribers rely on.
2025-logos-mix-dos-protection	2025	PB4-source-anonymity-spam	building_block	Mix DoS Protection	graph/text/2025-logos-mix-dos-protection.txt	pdfs/2025-logos-mix-dos-protection.md	Admission control for mix traffic, the mixnet equivalent of Bitmessage proof of work.	Design for protecting mix nodes from flooding by senders: per-packet proofs and rate limits at the first hop. Adversary: spammer or Sybil sender that floods mix nodes with packets.
2025-logos-mix-dos-rln	2025	PB4-source-anonymity-spam	building_block	RLN DoS Protection for Mixnet	graph/text/2025-logos-mix-dos-rln.txt	pdfs/2025-logos-mix-dos-rln.md	Zero-knowledge rate limit as mixnet admission.	Mix DoS protection using RLN proofs per Sphinx packet. Adversary: sender exceeding its per-epoch message allowance or replaying proofs across mix nodes.
2025-logos-multimessage-burn-rln	2025	PB4-source-anonymity-spam	building_block	Multi-message_id Burn RLN	graph/text/2025-logos-multimessage-burn-rln.txt	pdfs/2025-logos-multimessage-burn-rln.md	Burst budget for rate limiting.	RLN variant where a user can burn several message ids in one proof to send a burst. Adversary: spammer reusing message ids.
2025-mahdavi-inspire	2025	PB3-receiver-privacy	building_block	InsPIRe: Communication-Efficient PIR with Server-side Preprocessing	graph/text/2025-mahdavi-inspire.txt	pdfs/2025-mahdavi-inspire.pdf	Replaces broadcast-and-trial-decrypt with indexed private retrieval: the recipient fetches only its slots and the server learns nothing about which; works only if the recipient can compute or look up the slot (a rendezvous or mailbox index)	High throughput and low query size with only server-side preprocessing (no offline download): versus YPIR, 5x smaller keys, up to 50% less online query communication and up to 25% higher throughput.
2025-mavroudis-llmix	2025	PB2-metadata-private-systems	attack_or_audit	LLMix: Quantifying Mix Network Privacy Erosion with Generative Models	graph/text/2025-mavroudis-llmix.txt	pdfs/2025-mavroudis-llmix.pdf	Learning-based adversary measuring how repeated observations erode mixnet anonymity over time (long-term intersection, which Bitmessage chans suffer too).	Cost model: no system cost; shows a clear relation between number of captured messages and privacy loss, and that equal average-latency strategies are not equally unlinkable.
2025-mikic-pqstealth	2025	PB8-pq-anonymity	building_block	Post-Quantum Stealth Address Protocols	graph/text/2025-mikic-pqstealth.txt	pdfs/2025-mikic-pqstealth.pdf	Stealth addressing has the same recipient-scan cost structure as Bitmessage's trial decryption; post-quantum version quantifies it.	Three lattice stealth address protocols (LWE, Ring-LWE, Module-LWE); Module-LWE (Kyber-style) SAP scans the ephemeral public key registry about 66.8% faster than the elliptic-curve pairing SAP. Recipient detection is scan-and-test, so ciphertext size sets scanning bandwidth.
2025-msc4268-encrypted-history-sharing	2025	PB6-deployed-messengers	building_block	MSC4268: Sharing room keys for past messages	graph/text/2025-msc4268-encrypted-history-sharing.txt	pdfs/2025-msc4268-encrypted-history-sharing.md	Joiner-gets-history is the normal case in Bitmessage chans (anyone with the passphrase reads everything); Matrix makes it an explicit policy.	Lets new room members receive keys for earlier messages. Weakens forward-secrecy in exchange for usability; metadata is unchanged.
2025-msc4297-state-res-v2-1	2025	PB6-deployed-messengers	building_block	MSC4297: State Resolution v2.1	graph/text/2025-msc4297-state-res-v2-1.txt	pdfs/2025-msc4297-state-res-v2-1.md	none direct (federated access control)	Modifies state resolution to reduce 'state resets' (access-control failures in a decentralised event DAG), room version 11 base.
2025-nicolaou-optimump2p	2025			OPTIMUMP2P: Fast and Reliable Gossiping in P2P Networks	graph/text/2025-nicolaou-optimump2p.txt	pdfs/2025-nicolaou-optimump2p.pdf		RLNC-based gossip (Optimum P2P / mump2p) compared with GossipSub in a 36-node geo-distributed A/B test.
2025-nicolaou-optimump2p-demo	2025			OPTIMUMP2P Demo: Fast and Reliable Gossiping in P2P Networks	graph/text/2025-nicolaou-optimump2p-demo.txt	pdfs/2025-nicolaou-optimump2p-demo.pdf		Demo paper accompanying OptimumP2P.
2025-niot-sparrow-kem	2025	PB5-sessions-groups-pq	building_block	Practical Deniable Post-Quantum X3DH: A Lightweight Split-KEM for K-Waay	graph/text/2025-niot-sparrow-kem.txt	pdfs/2025-niot-sparrow-kem.pdf	none direct	Sparrow-KEM and Sym-Sparrow-KEM: lightweight split KEMs that shrink K-Waay (post-quantum deniable X3DH) to sizes competitive with ring-signature designs, with a 40x speedup; Sym-Sparrow-KEM is the first symmetric split KEM offering deniability, IND-1KCA and IND-1BatchCCA security; keeps asynchrony and deniability.
2025-nist-ir8545-hqc	2025	PB8-pq-anonymity	sok_or_survey	NIST IR 8545: Status Report on the Fourth Round of the NIST Post-Quantum Cryptography Standardization Process	graph/text/2025-nist-ir8545-hqc.txt	pdfs/2025-nist-ir8545-hqc.pdf	HQC's multi-KB ciphertexts make it unusable per message in a flooding network; relevant only as an algorithm-diversity backup.	Selects HQC (code-based, quasi-cyclic syndrome decoding) as a backup KEM to ML-KEM, with a draft standard planned; BIKE and Classic McEliece not selected. Table 7 (bytes) for HQC-128/192/256: encapsulation key 2249/4522/7245, decapsulation key 40, ciphertext 4497/9042/14485; BIKE level 1/3/5 for comparison: key 1541/3083/5122, ciphertext 1573/3115/5154. The 2025 HQC specification later changes these to 2241/4514/7237
2025-pacheco-paprika	2025			Paprika: Replica Placement for Multi-Region Edge Publish-Subscribe Systems	graph/text/2025-pacheco-paprika.txt	pdfs/2025-pacheco-paprika.pdf		Abstract not retrieved; classified from the title as core work on IoT/edge.
2025-pigaglio-pandas	2025			PANDAS: Peer-to-peer, Adaptive Networking for Data Availability Sampling within Ethereum Consensus Timebounds	graph/text/2025-pigaglio-pandas.txt	pdfs/2025-pigaglio-pandas.pdf		Direct-dissemination p2p design for data availability sampling, contrasted with GossipSub subnets and DHT approaches.
2025-pusch-prism	2025	PB5-sessions-groups-pq	system	Whom do you trust? PRISM: Lightweight Key Transparency for All	graph/text/2025-pusch-prism.txt	pdfs/2025-pusch-prism.pdf	Blockchain-style public append-only directory as the trust anchor, a direction relevant to chain-anchored messengers.	PRISM: lightweight key transparency with a zero-knowledge virtual machine 'rollup' on a third-party data availability layer so every user automatically checks the whole directory's integrity; claims large performance gains over custom ZK circuits.
2025-rahimi-lamp	2025	PB2-metadata-private-systems	system	LAMP: Lightweight Approaches for Latency Minimization in Mixnets with Practical Deployment Considerations	graph/text/2025-rahimi-lamp.txt	pdfs/2025-rahimi-lamp.pdf	Practical latency reduction evaluated on latency data from the deployed Nym mixnet.	Cost model: 7.5x latency cut (153.4 ms to 20 ms) while keeping high anonymity; 3x better latency-anonymity trade-off than LARMix at about 13,900x lower compute.
2025-rahimi-malaria	2025	PB2-metadata-private-systems	limit_or_theory	MALARIA: Management of Low-Latency Routing Impact on Mix Network Anonymity	graph/text/2025-rahimi-malaria.txt	pdfs/2025-rahimi-malaria.pdf	Quantifies how low-latency routing changes anonymity so that operators can choose a safe point.	Cost model: analysis of anonymity cost of latency-aware routing; no system numbers.
2025-rahimi-mocha	2025	PB2-metadata-private-systems	system	MOCHA: Mixnet Optimization Considering Honest Client Anonymity	graph/text/2025-rahimi-mocha.txt	pdfs/2025-rahimi-mocha.pdf	Optimises mixnet routing for the anonymity of honest clients.	Cost model: routing optimisation; see paper for latency/anonymity numbers.
2025-rfc9794-pqt-hybrid-terminology	2025	PB8-pq-anonymity	sok_or_survey	RFC 9794: Terminology for Post-Quantum Traditional Hybrid Schemes	graph/text/2025-rfc9794-pqt-hybrid-terminology.txt	pdfs/2025-rfc9794-pqt-hybrid-terminology.md	Common terms for the hybrid wrappers a successor would put around every key exchange.	Defines vocabulary (PQ/T hybrid key encapsulation, hybrid signature, composite versus non-composite) so hybrid designs can be compared; no sizes. Reference for the hybrid KEM and hybrid signature terms used across this slice.
2025-session-protocol-v2	2025	PB6-deployed-messengers	system	Session Protocol V2: PFS, Post-Quantum and the Future of Private Messaging	graph/text/2025-session-protocol-v2.txt	pdfs/2025-session-protocol-v2.md	Concrete statement that static long-term-key encryption (as in Bitmessage) lacks forward secrecy, and that ratchets are hard in decentralised multi-device storage.	Proposed V2: per-device and per-account rotating keys for forward secrecy, ML-KEM post-quantum KEM, authorised device management. States V1 weaknesses: single long-term key, no forward secrecy after Signal protocol was dropped, harvest-now-decrypt-later, nodes that retain messages past the 14-day TTL. Content and session properties only; routing metadata unchanged.
2025-shi-moneroeclipse	2025	PB4-source-anonymity-spam	attack_or_audit	Eclipse Attacks on Monero's Peer-to-Peer Network	graph/text/2025-shi-moneroeclipse.txt	pdfs/2025-shi-moneroeclipse.pdf	An eclipsed node loses Dandelion-style source hiding and sees only attacker traffic; peer-selection hardening is a prerequisite for stem-phase privacy.	First practical eclipse of Monero: classic eclipse attacks fail against its connection manager, so the attacker forces the target to reset benign connections and reconnect to malicious nodes (no restart needed); countermeasures reported to the Monero team. Adversary: remote attacker with several malicious nodes that exploits connection-management rules; relevant because Dandelion++ privacy relies on honest outbound p
2025-shih-zkpromises	2025	PB4-source-anonymity-spam	building_block	zk-promises: Anonymous Moderation, Reputation, and Blocking from Anonymous Credentials with Callbacks	graph/text/2025-shih-zkpromises.txt	pdfs/2025-shih-zkpromises.pdf	Anonymous reputation and revocation, the missing counterpart to Bitmessage's unaccountable senders.	Anonymous credentials with callbacks: a server can later ban, penalise or update reputation of an anonymous user without learning who they are. Adversary: misbehaving anonymous user who tries to evade moderation, and server trying to link sessions.
2025-signal-mlkem-braid-spec	2025	PB6-deployed-messengers	building_block	The ML-KEM Braid Protocol	graph/text/2025-signal-mlkem-braid-spec.txt	pdfs/2025-signal-mlkem-braid-spec.pdf	Shows the bandwidth cost of continuous PQ key agreement, directly relevant to constraints in flood-style networks.	Sparse continuous key agreement using incremental ML-KEM, adding PQ post-compromise security to the Signal ratchet (triple ratchet). Content/session security only.
2025-slamanig-privacy-auth	2025	PB8-pq-anonymity	sok_or_survey	Privacy-Preserving Authentication: Theory vs. Practice	graph/text/2025-slamanig-privacy-auth.txt	pdfs/2025-slamanig-privacy-auth.pdf	Orientation on rate-limiting and anonymous-admission primitives.	Survey of anonymous credentials, group/ring signatures and deployed systems, including the state of post-quantum constructions and why none is yet competitive with classical sizes.
2025-teems	2025	PB2-metadata-private-systems	system	TEEMS: A Trusted Execution Environment based Metadata-protected Messaging System	graph/text/2025-teems.txt	pdfs/2025-teems.pdf	Enclave-based oblivious mailbox: servers hold messages in TEEs and route obliviously, so no flooding or trial decryption is needed.	Cost model: 220 clients in conversations in under 1 s with 205 cores, 18x better latency and throughput than prior work. Trust: TEE integrity and confidentiality (side channels excluded or mitigated by oblivious algorithms); distributed enclaves.
2025-thiemt-anonymitywrapper	2025	PB3-receiver-privacy	building_block	Generic Anonymity Wrapper for Messaging Protocols	graph/text/2025-thiemt-anonymitywrapper.txt	pdfs/2025-thiemt-anonymitywrapper.pdf	Gives a way to put receiver anonymity with forward and post-compromise guarantees on top of a ratcheting session, where Bitmessage uses static address keys.	Anonymity Wrapper primitive that wraps ciphertexts of an existing messaging protocol (e.g. Signal) so they look random, with forward anonymity and post-compromise anonymity under state exposure; sender and receiver update algorithms refresh the anonymity state.
2025-tian-mls-pqcombiner	2025	PB5-sessions-groups-pq	building_block	Amortized PQ MLS Combiner (draft-ietf-mls-combiner-02)	graph/text/2025-tian-mls-pqcombiner.txt	pdfs/2025-tian-mls-pqcombiner.md	Shows how to pay the post-quantum bandwidth cost only occasionally in a group session.	Combines a traditional MLS session with a post-quantum MLS session by seeding the exporter secret of the PQ session into the traditional one; supports cheap traditional-only (PARTIAL) and hybrid PQ (FULL) key updates so that PQ KEM and signature cost is amortised while keeping frequent key rotation; targets amortised PQ confidentiality and authenticity.
2025-tseng-mqttcloud	2025			Cloud-edge MQTT messaging for latency mitigation and broker memory footprint reduction	graph/text/2025-tseng-mqttcloud.txt	pdfs/2025-tseng-mqttcloud.pdf		Empirical and analytical validations have demonstrated the performance of the proposed design in latency mitigation, and the result shows that, empirically, the proposed design may save the run-time broker memory footprint by about 75%.
2025-upadhyay-efpix	2025	PB1-bitmessage-heirs	system	EFPIX: An Encrypted Flood Protocol for Metadata-Resistant Communication	graph/text/2025-upadhyay-efpix.txt	pdfs/2025-upadhyay-efpix.pdf	A modern flood-relay design in Bitmessage style: PoW, dedup and aging against spam, per-correspondent aliases so recipients do not trial-decrypt everything.	Single-author preprint; cites Bitmessage for identity management and compares features in a table.
2025-vac-waku-dandelion-spec	2025	PB1-bitmessage-heirs	system	DANDELION (Waku v2 Dandelion)	graph/text/2025-vac-waku-dandelion-spec.txt	pdfs/2025-vac-waku-dandelion-spec.md	Stem-and-fluff propagation for Waku relay to hide the originating node; the source-anonymity technique Bitmessage never used.	Living spec; year approximate; sibling slices hold copies (2025-waku-dandelion-spec).
2025-waku-dandelion-spec	2025	PB4-source-anonymity-spam	system	DANDELION (Logos/Waku application specification)	graph/text/2025-waku-dandelion-spec.txt	pdfs/2025-waku-dandelion-spec.md	Applies Dandelion to a gossip publish/subscribe messenger, the closest modern analogue of Bitmessage-style flooding plus a source-hiding stem.	Raw-status specification of a Dandelion-style stem/fluff layer for Waku relay messages. Adversary: passive observers among relay peers who attribute a message to the first peer to deliver it.
2025-waku-mix-spec	2025	PB4-source-anonymity-spam	system	WAKU-MIX	graph/text/2025-waku-mix-spec.txt	pdfs/2025-waku-mix-spec.md	A mixnet layer in front of a gossip pub/sub, the post-Bitmessage design point for sender anonymity.	Libp2p-based mixnet integration for Waku (sphinx packets, per-hop delays) giving sender anonymity for publish and request-response. Adversary: global passive observer limited by delay mixing, with some malicious mix nodes.
2025-wallez-thesis	2025	PB5-sessions-groups-pq	attack_or_audit	A Verification Framework for Secure Group Messaging	graph/text/2025-wallez-thesis.txt	pdfs/2025-wallez-thesis.pdf	none direct	Thesis covering the verified specification and implementation of MLS components (TreeSync authenticated group state, TreeKEM symbolic analysis, DY* framework); summarises the properties proved: group-state agreement, confidentiality, forward secrecy, PCS.
2025-wallez-treekem-verified	2025	PB5-sessions-groups-pq	attack_or_audit	TreeKEM: A Modular Machine-Checked Symbolic Security Analysis of Group Key Agreement in Messaging Layer Security	graph/text/2025-wallez-treekem-verified.txt	pdfs/2025-wallez-treekem-verified.pdf	Group-key assurance level that chan-style shared secrets cannot reach.	Machine-checked symbolic analysis of RFC 9420 TreeKEM that models the precise protocol (not an abstraction) and proves confidentiality, forward secrecy and post-compromise security with respect to bounded compromise, in a modular way (TreeSync, TreeKEM, TreeDEM).
2025-wang-i2ptimewilltell	2025	PB4-source-anonymity-spam	attack_or_audit	Time will Tell: Large-scale De-anonymization of Hidden I2P Services via Live Behavior Alignment (Extended Version)	graph/text/2025-wang-i2ptimewilltell.txt	pdfs/2025-wang-i2ptimewilltell.pdf	Recent I2P attack showing behavioural correlation defeats garlic routing.	I2PERCEPTION: low-cost method that reveals IP addresses of I2P hidden services by deploying floodfill routers to passively collect RouterInfo and aligning publication behaviour with live service behaviour. Adversary: attacker running floodfill routers (no need to control tunnel participants), passive.
2025-yuan-earlymfc	2025	PB4-source-anonymity-spam	attack_or_audit	Early-MFC: Enhanced Flow Correlation Attacks on Tor via Multi-view Triplet Networks with Early Network Traffic	graph/text/2025-yuan-earlymfc.txt	pdfs/2025-yuan-earlymfc.pdf	Correlation needs only short traces, so short Tor sessions for a messenger are not safe.	Early-MFC: flow correlation using only the early part of a connection via multi-view triplet networks over payload sizes and inter-packet delays. Adversary: passive observer of both ends of a Tor connection who must decide quickly from short traces.
2025-zhaisenbayev-ilyazh-web3e2e	2025	PB5-sessions-groups-pq	system	Ilyazh-Web3E2E: A Post-Quantum Hybrid Protocol for Forward-Secure Decentralized Messaging	graph/text/2025-zhaisenbayev-ilyazh-web3e2e.txt	pdfs/2025-zhaisenbayev-ilyazh-web3e2e.pdf	Decentralised-identity messaging with post-quantum hybrid ratcheting, a Bitmessage-like setting; security arguments are informal.	Proposes a post-quantum hybrid messaging protocol for Web3 identities: Double Ratchet extended with hybrid KEM (X25519 plus ML-KEM), hybrid authentication (Ed25519 plus ML-DSA) and re-encapsulation ratcheting; claims forward secrecy and post-compromise security; IND-CCA and AKE arguments are only sketched, with comparisons to PQXDH and PQ3 (single-author preprint without a full proof).
2026-agrawal-ibepirisogenies	2026	PB3-receiver-privacy	building_block	IBE and PIR from Isogenies	graph/text/2026-agrawal-ibepirisogenies.txt	pdfs/2026-agrawal-ibepirisogenies.pdf	A route to identity-addressed, recipient-hiding encryption (the Bitmessage address model) with post-quantum security.	First isogeny-based identity-based encryption (with anonymity: ciphertexts hide the recipient identity) and first isogeny-based single-server PIR with polylogarithmic communication; plausibly post-quantum. Theory result, no concrete costs.
2026-alpturer-aetherweave	2026			AetherWeave: Sybil-Resistant Robust Peer Discovery with Stake	graph/text/2026-alpturer-aetherweave.txt	pdfs/2026-alpturer-aetherweave.pdf		We present AetherWeave, a stake-backed peer-discovery protocol that ties network participation to deposited stake, raising the cost of large-scale attacks.
2026-arunachalaramanan-pirsurvey	2026	PB3-receiver-privacy	sok_or_survey	Private Information Retrieval: A Tutorial and Survey	graph/text/2026-arunachalaramanan-pirsurvey.txt	pdfs/2026-arunachalaramanan-pirsurvey.pdf	Replaces broadcast-and-trial-decrypt with indexed private retrieval: the recipient fetches only its slots and the server learns nothing about which; works only if the recipient can compute or look up the slot (a rendezvous or mailbox index)	Tutorial and survey: information-theoretic and computational PIR, single and multi-server, with and without preprocessing, plus keyword and batch PIR; compares concrete efficiency of paradigms and gives guidance for choosing one.
2026-auerbach-anonauthkem	2026	PB3-receiver-privacy	building_block	Symmetric and Asymmetric Anonymous Authenticated KEM	graph/text/2026-auerbach-anonauthkem.txt	pdfs/2026-auerbach-anonauthkem.pdf	Building block for sender- and recipient-anonymous encrypted objects with authentication, the missing piece in Bitmessage's static-key encryption.	Formal confidentiality, authenticity and anonymity notions for authenticated KEM with optional pre-shared keys, and efficient constructions for each key-combination; anonymity of senders and receivers is the focus.
2026-babbush-ec-crypto-quantum	2026	PB8-pq-anonymity	limit_or_theory	Securing Elliptic Curve Cryptocurrencies against Quantum Vulnerabilities: Resource Estimates and Mitigations	graph/text/2026-babbush-ec-crypto-quantum.txt	pdfs/2026-babbush-ec-crypto-quantum.pdf	Bitmessage addresses use secp256k1 keys; a quantum ECDLP solver recovers private keys from published public keys and decrypts recorded objects.	Resource estimates for breaking 256-bit elliptic-curve discrete logs (the secp256k1 curve underlying Bitcoin and Bitmessage's ECDSA/ECIES keys) and mitigation paths including migration to post-quantum signatures; relevant for exposure of long-lived static public keys.
2026-badolato-psmarkdistributed2	2026			PSMark: A Distributed IoT Benchmark for Publish/Subscribe Under Domain-Based Workloads	graph/text/2026-badolato-psmarkdistributed2.txt	pdfs/2026-badolato-psmarkdistributed2.pdf		The Publish/Subscribe (pub/sub) paradigm is widely used in the Internet of Things (IoT).
2026-bao-anonymity-xwing	2026	PB8-pq-anonymity	limit_or_theory	Anonymity of X-Wing and its Variants	graph/text/2026-bao-anonymity-xwing.txt	pdfs/2026-bao-anonymity-xwing.pdf	First anonymity proof for the default hybrid KEM, so hybrid post-quantum ciphertexts can serve as recipient-hidden objects.	First anonymity analysis of X-Wing (ML-KEM-768 + X25519; 1216 B public key, 1120 B ciphertext). Proves in the standard model that weak anonymity of any IND-CCA KEM implies full ANO-CCA (tight, memory-tight), then in the ROM that X-Wing is weakly anonymous if both X25519 (unconditionally) and ML-KEM-768 are; proposes a memory-tight variant and improves the original IND-CCA proof.
2026-bao-x3dh-tight	2026	PB5-sessions-groups-pq	limit_or_theory	Better Security Proofs for X3DH and XHMQV	graph/text/2026-bao-x3dh-tight.txt	pdfs/2026-bao-x3dh-tight.pdf	none direct	Tight security reductions for X3DH and its enhancement XHMQV under multi-user DH assumptions, so that concrete security with Curve25519 and XEdDSA approaches the intended 128-bit level instead of losing a factor in the number of sessions.
2026-basso-kopis	2026	PB8-pq-anonymity	building_block	Kopis: A KEM for Obfuscation	graph/text/2026-basso-kopis.txt	pdfs/2026-basso-kopis.pdf	Candidate recipient-anonymous, random-looking encapsulation for hidden-recipient objects.	Module-LWE based KEM specified so that public keys and ciphertexts are uniform bytestrings, removing the hash-to-vector, matrix-expansion and ciphertext-decompression machinery that obfuscating protocols (PAKE, OKEX) need to bolt onto ML-KEM. Alternative to Kemeleon encodings.
2026-cao-nymreputation	2026	PB2-metadata-private-systems	attack_or_audit	Analysis and Attacks on the Reputation System of Nym	graph/text/2026-cao-nymreputation.txt	pdfs/2026-cao-nymreputation.pdf	Attacks on the Nym reputation mechanism that decides which nodes carry traffic.	Cost model: none (attack analysis). Nym context stated in the paper: more than 550 nodes in 64 countries and about 3 billion packets per day; gateway plus up to three mix hops plus gateway; operators stake tokens and are selected into an active set by reputation. The paper attacks this reputation and selection system.
2026-cheval-dr-automated	2026	PB5-sessions-groups-pq	attack_or_audit	Automated formal analysis of Signal’s Double Ratchet: attacks, fixes and security proofs	graph/text/2026-cheval-dr-automated.txt	pdfs/2026-cheval-dr-automated.pdf	none direct	First formal analysis of the Double Ratchet that covers all features (including out-of-order arrivals), highly automated, over all key compromises, and proves post-compromise security (PCS); partial results for header-encrypted and PQ-extended variants; reports attacks on earlier or alternative versions and fixes.
2026-choi-roswhen	2026			When Discovery Becomes a Storm: A ROS 2 Discovery Model for Wireless Robotic Networks	graph/text/2026-choi-roswhen.txt	pdfs/2026-choi-roswhen.pdf		In Robot Operating System 2 (ROS 2), Data Distribution Service (DDS) participants must discover one another before exchanging data.
2026-chu-anamorphic	2026	PB5-sessions-groups-pq	attack_or_audit	Anamorphic Messaging: Analyzing the Double Ratchet, Triple Ratchet, PQ3, and MLS	graph/text/2026-chu-anamorphic.txt	pdfs/2026-chu-anamorphic.pdf	Coercion-resistance angle: a hidden channel under key-surrender duress; relevant to deniability and plausible deniability threat models.	Shows how anamorphic (hidden double-key) messages can be embedded in the Double Ratchet, Triple Ratchet, PQ3 and MLS randomness and key material, so a user forced to surrender keys can still convey hidden messages; analyses what each ratchet design leaves as embeddable spots.
2026-cinal-viewingkeycompromise	2026	PB3-receiver-privacy	attack_or_audit	Privacy Coins Under Viewing Key Compromise	graph/text/2026-cinal-viewingkeycompromise.txt	pdfs/2026-cinal-viewingkeycompromise.pdf	Delegating detection (view or detection keys) is the same trust move FMD and OMR make; this paper measures what an incoming-view-key holder learns.	Provable anonymity guarantees for Zcash and Firo when the incoming viewing key is compromised, problems with Monero, and ways a malicious party can surrender all view keys yet evade monitoring. Delegated detection capability has a privacy price.
2026-coijanovic-omnisphinx	2026	PB2-metadata-private-systems	system	OmniSphinx: Active Mix Networks	graph/text/2026-coijanovic-omnisphinx.txt	pdfs/2026-coijanovic-omnisphinx.pdf	Packet-format level defence against active attacks on Sphinx-like mixnets.	Cost model: see paper (mix network design resisting active adversaries).
2026-constantinides-hiddenservices	2026	PB2-metadata-private-systems	system	Hidden Services Protocol for Mixnets	graph/text/2026-constantinides-hiddenservices.txt	pdfs/2026-constantinides-hiddenservices.pdf	Receiver-anonymous services inside a mixnet; the mixnet analogue of Bitmessage's recipient privacy without flooding.	Cost model: raising the Sphinx payload from 2 KiB to 10 KiB cuts mean page-load latency about 5.2x and payload overhead from 21.7 to 4.3 percent versus the current Nym baseline; deeper rewrap adds 0.3 to 0.6 s. Finds first/last-hop attacks on Nym SURB replies. Authorship list shows three names on the title page; further names may exist.
2026-constantinides-introcircuits	2026	PB4-source-anonymity-spam	attack_or_audit	The Cost of Stability: Deanonymizing Onion Services Long-Lived Introduction Circuits	graph/text/2026-constantinides-introcircuits.txt	pdfs/2026-constantinides-introcircuits.pdf	Persistent circuit state in onion services as a deanonymisation surface for long-running receivers.	Intersection attack that exploits onion-service introduction circuits fixed for 18-24 hours: an adaptive adversary observing one relay at a time reconstructs the full circuit and locates the service; on live Tor, nine of nine runs succeeded with median time about 2.2 hours. Adversary: adaptive observer of one Tor relay at a time (a compromised or malicious relay), no global view.
2026-davitt-mixnetusability	2026	PB2-metadata-private-systems	measurement	Are we collaborative yet? A Usability Perspective on Mixnet Latency for Real-Time Applications	graph/text/2026-davitt-mixnetusability.txt	pdfs/2026-davitt-mixnetusability.pdf	User study on whether Nym-class latency suits real-time collaboration.	Cost model: measures mixnet latency tolerance with users; compares with Tor latency.
2026-dkve-keyvalidation	2026	PB5-sessions-groups-pq	building_block	DKVE: Decentralized Key Validation for End-to-End Encrypted Messaging	graph/text/2026-dkve-keyvalidation.txt	pdfs/2026-dkve-keyvalidation.pdf	Decentralised key validation addresses the key-binding problem Bitmessage avoids with self-certifying addresses, at the price of unreadable names.	Validates a contact's public key by cross-checking with mutual contacts in the social graph (OPRF and oblivious key-value stores to keep queries and contact lists private; sequential probability ratio test to detect server misbehaviour); simulations detect man-in-the-middle attacks above 97 percent for strong-to-moderate-tie networks; complements, does not replace, key transparency and out-of-band checks.
2026-draft-act	2026	PB4-source-anonymity-spam	building_block	Anonymous Credit Tokens (draft-schlesinger-cfrg-act-01)	graph/text/2026-draft-act.txt	pdfs/2026-draft-act.md	Budgeted anonymous admission (credits per request) as a generalisation of one-token-per-message stamps.	Anonymous credit tokens carrying a spendable balance: the client spends part of the credit per request and receives change, with unlinkable presentation and double-spend prevention. Adversary: client trying to double-spend or overspend; issuer trying to link spends.
2026-eldefrawy-pib3	2026	PB2-metadata-private-systems	system	Private Identity-based Bulletin Boards for Anonymous Messaging and Other Online Services	graph/text/2026-eldefrawy-pib3.txt	pdfs/2026-eldefrawy-pib3.pdf	Lets a sender post to a receiver known only by an identity (email address, pseudonym) without prior key exchange; Bitmessage addresses are such identities.	Cost model: HIBE with searchable ciphertexts; posts to non-colluding servers and receiver retrieval later; see paper for latency and throughput. Trust: non-colluding servers.
2026-esposito-verbeth	2026	PB2-metadata-private-systems	system	Verbeth: Secure Messaging with Metadata Minimization over Public Blockchain Logs	graph/text/2026-esposito-verbeth.txt	pdfs/2026-esposito-verbeth.pdf	Closest modern relative of Bitmessage: public log as the transport, first contact by KEM with trial decryption (or a TEE-backed private signaling service), then per-conversation topic rotation so conversations are unlinkable.	Cost model: no server of its own; economics and size limits of on-chain messaging analysed; first-contact discovery either long-term-key KEM with trial decryption (cost grows with the log) or private signaling backed by trusted hardware; topic rotation driven by the double-ratchet state. Main contribution is an analysis of metadata leakage under several adversaries.
2026-fasllija-mingle	2026	PB5-sessions-groups-pq	building_block	Signal and Ready to MINGLE: In-Band Gossip for Key Transparency Split-View Detection in E2EE Messengers	graph/text/2026-fasllija-mingle.txt	pdfs/2026-fasllija-mingle.pdf	Uses message traffic itself as the gossip channel, much as a gossip or flooding overlay would.	MINGLE: opportunistic in-band gossip of compact key-transparency commitments piggybacked on ordinary E2EE messages so that clients detect split-view equivocation without third-party auditors.
2026-firmansyah-decentralized-messaging-metadata	2026	PB1-bitmessage-heirs	measurement	Metadata Analysis and Forensic Resilience Evaluation of Decentralized Messaging Applications Using NIST SP 800-86	graph/text/2026-firmansyah-decentralized-messaging-metadata.txt	pdfs/2026-firmansyah-decentralized-messaging-metadata.pdf	Forensic recovery experiment on Session and BitChat: 47 message records recovered for Session, 12 BLE hop events for BitChat; evidence of what local metadata a flooding mesh leaves.	Diamond OA. Small experiment on one rooted phone.
2026-fisch-unifomr	2026	PB3-receiver-privacy	limit_or_theory	UnifOMR: Oblivious Message Retrieval with Near-optimal Concrete Efficiency	graph/text/2026-fisch-unifomr.txt	pdfs/2026-fisch-unifomr.pdf	Gives the receiver-privacy cost floor: a Bitmessage-style recipient-hiding retrieval is at best PIR-cost, which bounds what any non-broadcast design can save.	Shows OMR with strong detection-key-unlinkability is at least as hard as PIR (so OMR cannot be much cheaper than PIR), then builds UnifOMR on batch PIR as a black box. 2^19 messages of 612 bytes: about 25 s server time and 4 MB communication, versus over 1250 s and 260 KB for SophOMR (20x-1080x faster); costs are linear-size digests and two rounds.
2026-gajji-blockchainenabled	2026			BLOCKCHAIN-ENABLED PUBLISH-SUBSCRIBE ARCHITECTURE FOR SECURE IoT HEALTHCARE DATA TRANSMISSION	graph/text/2026-gajji-blockchainenabled.txt	pdfs/2026-gajji-blockchainenabled.pdf		The flexibility of the Internet of Things significantly helps the rapid deployment of health data transfer.
2026-gegenhuber-sendandpretend	2026	PB5-sessions-groups-pq	attack_or_audit	Send and Pretend: Exploiting Transcript Consistency Issues in End-to-End Encrypted Group Chats	graph/text/2026-gegenhuber-sendandpretend.txt	pdfs/2026-gegenhuber-sendandpretend.pdf	Participant/transcript consistency is a property store-and-forward flooding gives no help with; Bitmessage chans have no consistency guarantee either.	Shows that WhatsApp, Signal, iMessage, Threema and others guarantee no transcript consistency in group chats: a malicious member can selectively omit, reorder or alter content per recipient (via fallback paths or pairwise channels inside groups) without UI warnings, e.g. to rig polls; outlines low-overhead mitigations and UI signalling.
2026-gegenhuber-whatsapp-enumeration	2026	PB6-deployed-messengers	measurement	Hey there! You are using WhatsApp: Enumerating Three Billion Accounts for Security and Privacy	graph/text/2026-gegenhuber-whatsapp-enumeration.txt	pdfs/2026-gegenhuber-whatsapp-enumeration.pdf	Phone-number identifiers make the directory enumerable; Bitmessage's key-derived addresses avoid enumeration but give up discovery.	Probed over a hundred million phone numbers per hour against WhatsApp contact discovery without effective rate limiting; census of the user base; nearly half of numbers from the 2021 Facebook leak still active; found reuse of X25519 keys across devices and numbers. Shows an identifier-based directory leaks registration status and metadata at planetary scale despite E2EE.
2026-giorgi-ciphertextcompression	2026	PB3-receiver-privacy	building_block	Oblivious Ciphertext Compression via Linear Codes	graph/text/2026-giorgi-ciphertextcompression.txt	pdfs/2026-giorgi-ciphertextcompression.pdf	Cheaper digest step for the board-scan outsourcing that replaces Bitmessage's trial decryption.	Deterministic, perfectly correct oblivious compression and decompression of sparse encrypted vectors via linear codes; targets the compression step in OMR, PIR and encrypted search with smaller ciphertexts or lower compute than earlier schemes.
2026-gurel-collaborative	2026			Collaborative Rate Limiting Nullifier Signaling	graph/text/2026-gurel-collaborative.txt	pdfs/2026-gurel-collaborative.pdf		We introduce Collaborative RLN Signaling (coRLN), a protocol that lets $n$ parties register as a single RLN member and signal only by acting jointly.
2026-hafezi-aegon	2026	PB5-sessions-groups-pq	system	Aegon: Self-Auditable Key Transparency	graph/text/2026-hafezi-aegon.txt	pdfs/2026-hafezi-aegon.pdf	none direct	Aegon: key transparency whose server computation depends only on the updates in the current epoch (no per-epoch global invariance proofs), enabling short epochs and auditing by lightweight end users instead of global third-party auditors.
2026-hawkes-sokoutsourcedpsi	2026	PB3-receiver-privacy	sok_or_survey	SoK: Outsourced Private Set Intersection	graph/text/2026-hawkes-sokoutsourcedpsi.txt	pdfs/2026-hawkes-sokoutsourcedpsi.pdf	Bitmessage avoids contact discovery by publishing everything, but any scheme that routes by address or tag must solve how a user learns the right address or slot without revealing their contacts.	Framework of 12 properties (security, functionality, efficiency) and analysis of 20 outsourced PSI protocols where clients delegate the heavy work to an untrusted server, with an interactive selection tool and gaps relative to ordinary PSI.
2026-herouard-squirrel-ratchet	2026	PB5-sessions-groups-pq	attack_or_audit	Secrecy in Squirrel and the Post-Compromise Security of a Ratchet	graph/text/2026-herouard-squirrel-ratchet.txt	pdfs/2026-herouard-squirrel-ratchet.pdf	none direct	First mechanised computational-model proof of a ratchet's post-compromise security (using the Squirrel prover), covering a Signal-style ratchet; shows secrecy of session keys under state compromise with healing.
2026-hoover-lower-bounds-pir-preprocessing	2026	PB7-limits-theory-soks	limit_or_theory	Lower Bounds for PIR with Preprocessing from Blackbox Cryptography	graph/text/2026-hoover-lower-bounds-pir-preprocessing.txt	pdfs/2026-hoover-lower-bounds-pir-preprocessing.pdf	Rules out sublinear-cost private retrieval by black-box means, the 'no free lunch' behind trial-decrypt-everything.	Unconditional: if the client stores s bits about an n-bit database, then answering k = Omega(s) queries requires either Omega(n/s) amortized online communication or Omega(n/s) amortized server cryptographic operations, for schemes using any cryptography in a black-box way (random oracles, virtual black-box obfuscation). Tight against known constructions; also bounds for symmetric PIR with client preprocessing.
2026-janjua-tor-validators	2026			Techreport: Evaluating Tor-based Location Privacy for Ethereum Validators	graph/text/2026-janjua-tor-validators.txt	pdfs/2026-janjua-tor-validators.pdf		Evaluates 'Tor push' dissemination integrated with GossipSub to mitigate validator deanonymization.
2026-jarecki-x3dh-sas	2026	PB5-sessions-groups-pq	building_block	X3DH with Deniable Authentication without Trusted Third Parties	graph/text/2026-jarecki-x3dh-sas.txt	pdfs/2026-jarecki-x3dh-sas.pdf	Decentralised, directory-free authentication in the style of Bitmessage's out-of-band address exchange.	Extends X3DH to message authentication in the short-authenticated-string model (no trusted third party) using a VRF-based SAS scheme on ephemeral keys, keeping deniability and adding authentication without a PKI.
2026-kaptchuk-forget-me-not	2026	PB5-sessions-groups-pq	system	Forget-me-not Trees: Mass-scale Auditable Key Transparency from Hash Functions	graph/text/2026-kaptchuk-forget-me-not.txt	pdfs/2026-kaptchuk-forget-me-not.pdf	none direct	Forget-me-not trees (Merkle trees plus Bloom filters): key transparency with audit proofs about 500x smaller (from 15-30 MB to 30-60 KB), relying only on hash functions.
2026-kluner-ddsstreamrtps	2026			StreamRTPS: Increasing DDS Bandwidth Efficiency by Reducing Protocol Overhead	graph/text/2026-kluner-ddsstreamrtps.txt	pdfs/2026-kluner-ddsstreamrtps.pdf		In this paper, we propose three extensions to the Real-Time Publish Subscribe wire protocol, on which Data Distribution Service (DDS) is based, to improve bandwidth efficiency.
2026-kumar-lean-gossip	2026			Lean Gossip: Big Gains From Small Talk	graph/text/2026-kumar-lean-gossip.txt	pdfs/2026-kumar-lean-gossip.pdf		First systematic simulation sweep of GossipSub D and D_lazy under 0-30% churn in 1000 nodes; lean configs dominate Ethereum's deployed settings. Author-hosted preprint.
2026-kwiatkowski-rfc10024-ecdhemlkem	2026	PB5-sessions-groups-pq	building_block	Post-Quantum Traditional (PQ/T) Hybrid Key Agreement Mechanisms for TLS 1.3	graph/text/2026-kwiatkowski-rfc10024-ecdhemlkem.txt	pdfs/2026-kwiatkowski-rfc10024-ecdhemlkem.pdf	none direct	Standards-track hybrid key agreements for TLS 1.3 combining ECDHE (X25519, secp256r1/384r1) with ML-KEM (e.g. X25519MLKEM768); concretises the hybrid combiner with FIPS 203 KEMs; IND-CCA security if either component holds.
2026-li-letopir	2026	PB3-receiver-privacy	building_block	LetoPIR: Fast Keyword Private Information Retrieval with Logarithmic Communication	graph/text/2026-li-letopir.txt	pdfs/2026-li-letopir.pdf	Lowest-communication keyword lookup so far, directly usable for topic or tag retrieval.	Hintless keyword PIR with logarithmic communication: 12.4x-17.0x less communication than SparsePIR (USENIX'23) for databases of 256 MB to 4 GB with 256-byte records and over 3x less computation at 256 MB; 51.4x-184.8x less communication than KPIR (USENIX'25) at similar or better computation. Notes that Apple already deploys PIR for real-time caller ID lookup.
2026-li-pepper	2026	PB2-metadata-private-systems	system	Pepper: High-bandwidth and Scalable Anonymous Broadcast with Cryptographic Privacy	graph/text/2026-li-pepper.txt	pdfs/2026-li-pepper.pdf	Replaces Bitmessage's flood-and-trial-decrypt with DC-net rounds: every client sends every round, so the recipient/sender is hidden without proof-of-work, but the anonymity set is bounded by the round size.	Cost model: DC-net with DPFs; millisecond-level registration audits, thousands of channels, 1.2 to 20x higher effective messaging rates than state-of-the-art alternatives (per abstract). Authorship list truncated to the first three names shown on the title page.
2026-lian-mqttdais	2026			DAIS-MQTT: A Distributed MQTT Communication Method Based on Intelligent QoS Routing and Hierarchical Collaboration	graph/text/2026-lian-mqttdais.txt	pdfs/2026-lian-mqttdais.pdf		This paper proposes a distributed MQTT communication method based on intelligent QoS routing and hierarchical collaboration (DAIS-MQTT), which effectively addresses the scalability limitation of centralized proxies by enabling multi-level proxy...
2026-liang-securevent	2026			SECUREVENT: Hybrid AI/ML Security Monitoring for Distributed Event-Based Systems	graph/text/2026-liang-securevent.txt	pdfs/2026-liang-securevent.pdf		This paper proposes SECUREVENT, a hybrid AI/ML security-monitoring architecture for distributed event-based systems.
2026-luka0614-bitmessage-quantum-assessment	2026	PB1-bitmessage-heirs	attack_or_audit	Security analysis: Bitmessage vulnerability assessment regarding quantum computing threats (PyBitmessage issue 2344)	graph/text/2026-luka0614-bitmessage-quantum-assessment.txt	pdfs/2026-luka0614-bitmessage-quantum-assessment.md	Argues that secp256k1 static keys plus public storage of all ciphertext make Bitmessage a harvest-now-decrypt-later target; no forward secrecy, no post-quantum KEM.	Short issue text by an individual maintainer of forks (MiNode-Refined, PyBitRefined); weak as a paper but dated and technical, so kept as report.
2026-mallick-aquaman	2026	PB8-pq-anonymity	system	Aquaman: A Transparent Proxy Architecture for Quantum Resilient Key Establishment	graph/text/2026-mallick-aquaman.txt	pdfs/2026-mallick-aquaman.pdf	Illustrates the record-now-decrypt-later threat model; limited technical overlap.	Harvest-now-decrypt-later framing; proxy offloads PQC or splits a session key across diverse media with recovery probability decaying as (B/d)^n; 1000-run EC2 prototype. Weak relevance: engineering prototype, no anonymity analysis.
2026-mallick-onion-multicircuit	2026	PB8-pq-anonymity	system	Onion-Routed Multi-Circuit Key Establishment for Quantum-Resilient Sessions	graph/text/2026-mallick-onion-multicircuit.txt	pdfs/2026-mallick-onion-multicircuit.pdf	Alternative to post-quantum primitives for long-term confidentiality; relies on the anonymity network itself.	Splits a session key into fragments sent over distinct ephemeral Tor circuits so an adversary must deanonymize every circuit; prototype takes 13-20 s on average (about 88% Tor delay). Argument is a correlation bound, not a post-quantum primitive.
2026-mangipudi-auditable-cgka	2026	PB5-sessions-groups-pq	building_block	Auditable Continuous Group Key Agreement	graph/text/2026-mangipudi-auditable-cgka.txt	pdfs/2026-mangipudi-auditable-cgka.pdf	none direct	Auditable CGKA: lets a designated auditor recover past epoch keys and verify recovery remains possible, without a silent escrow; targets regulated sectors that otherwise log plaintext.
2026-mcmillion-keytrans-architecture	2026	PB5-sessions-groups-pq	system	Key Transparency Architecture (draft-ietf-keytrans-architecture-09)	graph/text/2026-mcmillion-keytrans-architecture.txt	pdfs/2026-mcmillion-keytrans-architecture.md	none direct	Terminology, interaction patterns and security properties of Key Transparency in group-messaging deployments; specifies what the protocol guarantees (and what it cannot, e.g. split-view defence needs gossip or third-party auditors).
2026-mcmillion-keytrans-protocol	2026	PB5-sessions-groups-pq	system	Key Transparency Protocol (draft-ietf-keytrans-protocol-05)	graph/text/2026-mcmillion-keytrans-protocol.txt	pdfs/2026-mcmillion-keytrans-protocol.md	Directory-based answer to the binding of names to keys that Bitmessage sidesteps with self-certifying addresses.	Protocol for a third-party-auditable key directory: a prefix tree of versioned keys inside a log; clients get inclusion/non-inclusion proofs, monotonicity and consistency checks; claims users either get the true key bindings or detect interference.
2026-medard-peer-turbo	2026			Optimum Peer-Turbo: A Scalable and Efficient Solution for P2P Broadcasting	graph/text/2026-medard-peer-turbo.txt	pdfs/2026-medard-peer-turbo.pdf		Coded broadcast for tree/star shard propagation under bounded time windows (Solana/Monad style).
2026-mukam-byzantineresilient	2026			Byzantine-resilient peer sampling for large-scale distributed systems	graph/text/2026-mukam-byzantineresilient.txt	pdfs/2026-mukam-byzantineresilient.pdf		Thesis on Byzantine-tolerant peer sampling, a membership building block for gossip dissemination.
2026-ndolo-bitcoinv2transport	2026	PB4-source-anonymity-spam	attack_or_audit	Security Analysis of Bitcoin's V2 Transport Protocol: Exploiting Design Implications for Sustained Eclipse and Downgrade Attacks	graph/text/2026-ndolo-bitcoinv2transport.txt	pdfs/2026-ndolo-bitcoinv2transport.pdf	Encrypted transport alone does not remove length leakage or downgrade risk for a flooding network; relevant to any messenger that layers transport encryption under flooding.	Security analysis of Bitcoin V2 (BIP324) encrypted P2P transport: a network-level attacker can identify application messages from TCP payload lengths, eclipse a node via properties of encrypted channels, and downgrade all connections to the unencrypted protocol using the compatibility mechanisms; validated with measurements, emulation and simulation. Adversary: on-path network-level attacker (active for eclipse and d
2026-paul-benchmarkingmessage	2026			Benchmarking Message Brokers for IoT Edge Computing: A Comprehensive Performance Study	graph/text/2026-paul-benchmarkingmessage.txt	pdfs/2026-paul-benchmarkingmessage.pdf		Asynchronous messaging is a cornerstone of modern distributed systems, enabling decoupled communication for scalable and resilient applications.
2026-qian-silentpayments	2026	PB3-receiver-privacy	attack_or_audit	Silent Payments, Formally: Security, Scanning Costs, and Blind Collaborative Payments	graph/text/2026-qian-silentpayments.txt	pdfs/2026-qian-silentpayments.pdf	Shows a receiver-side scan DoS: whoever can post chain data chooses the receiver's work, the same problem as Bitmessage's flood, bounded there by proof-of-work.	Game-based unlinkability proofs for BIP-352 and an attack-oriented analysis of receiver scan work: sender-chosen chain data lets an attacker inflate scan cost (quadratic in outputs; the 2026 Kmax cap makes it linear); any compliant scanner needs Omega(N+KM) operations; a set-probing scanner (Specs) is 39x faster on the worst case.
2026-rahimi-optimix	2026	PB2-metadata-private-systems	system	OptiMix: Scalable and Distributed Approaches for Latency Optimization in Modern Mixnets	graph/text/2026-rahimi-optimix.txt	pdfs/2026-rahimi-optimix.pdf	Distributed latency optimisation for modern mixnets.	Cost model: distributed latency-optimisation approaches; see paper.
2026-ramesh-sensing	2026			Sensing Censorship and Censuring Censors with Censorship-Evident Publishing Systems	graph/text/2026-ramesh-sensing.txt	pdfs/2026-ramesh-sensing.pdf		We study the complementary, rarely explored goal of making any censorship attempt transparent.
2026-ravi-remise	2026	PB2-metadata-private-systems	system	Remise: Authorized Anonymous Communication Systems	graph/text/2026-ravi-remise.txt	pdfs/2026-ravi-remise.pdf	Adds authorised-sender access control to DPF-based anonymous mailboxes; analogue of Bitmessage's PoW admission control but with credentials.	Cost model: two-server authorised anonymous communication on Distributed ORAM, in two modes (public anonymous bulletin board per epoch, and secret-shared channels with grantable and revocable read access); 80x lower online server time than PACL (Spectrum) for databases of size 2^24. Trust: at least one of two servers honest.
2026-rfc10024-ecdhe-mlkem-tls	2026	PB8-pq-anonymity	building_block	RFC 10024: Post-Quantum Traditional (PQ/T) Hybrid Key Agreement Mechanisms for TLS 1.3	graph/text/2026-rfc10024-ecdhe-mlkem-tls.txt	pdfs/2026-rfc10024-ecdhe-mlkem-tls.md	The deployed default hybrid; fixes the wire sizes any hybrid design is compared with.	Standardises X25519MLKEM768, SecP256r1MLKEM768 and SecP384r1MLKEM1024. X25519MLKEM768 client share is 1216 bytes (1184 ML-KEM encapsulation key + 32 X25519) and server share 1120 bytes (1088 ML-KEM ciphertext + 32); secp256r1 variant client share carries a 65-byte point plus the 1184-byte ML-KEM key.
2026-said-specs-to-apps	2026	PB5-sessions-groups-pq	attack_or_audit	From Specs to Apps: Verifying and Monitoring Models of Signal and WhatsApp	graph/text/2026-said-specs-to-apps.txt	pdfs/2026-said-specs-to-apps.pdf	none direct	Applies the SpecMon runtime monitor to WhatsApp Web and Signal Desktop to check whether observed executions conform to formal protocol models, bridging the gap between proven specifications and implementation behaviour.
2026-schadt-fosam	2026	PB1-bitmessage-heirs	system	FoSAM: Forward Secret Messaging in Ad-Hoc Networks	graph/text/2026-schadt-fosam.txt	pdfs/2026-schadt-fosam.pdf	Forward-secret messaging for ad-hoc and mesh networks without servers; targets the missing key-evolution of flood-based messengers.	Preprint.
2026-sen-ratelimiting	2026			Rate-Limiting Nullifiers for Gasless Sequencer Admission in Ethereum Layer-2 Rollups	graph/text/2026-sen-ratelimiting.txt	pdfs/2026-sen-ratelimiting.pdf		We present an idealized protocol architecture for gasless sequencer admission in Ethereum Layer-2 rollups based on Rate-Limiting Nullifiers (RLN) and a non-transferable reputation token (Karma).
2026-shen-trustmix	2026			TrustMix: How to Mix Messages in a Mobile Ad-Hoc Network	graph/text/2026-shen-trustmix.txt	pdfs/2026-shen-trustmix.pdf		In this paper, we present TrustMix, a mix protocol for MANETs that operates without any central trusted party.
2026-shi-ethereum-eclipse	2026	PB4-source-anonymity-spam	attack_or_audit	Eclipse Attacks on Ethereum's Peer-to-Peer Network	graph/text/2026-shi-ethereum-eclipse.txt	pdfs/2026-shi-ethereum-eclipse.pdf	Up-to-date check that overlay-eclipse remains practical, relevant for a modern flooding messenger.	End-to-end eclipse of post-Merge Ethereum execution-layer nodes on restart: poisoning the discovery table, poisoning the DNS-based peer list via the official DNS crawler (28 IP addresses over 100 days) and hijacking idle incoming connection slots (outgoing redirection success from 45 to 95 percent). Adversary: remote attacker with a small set of IP addresses and patience, no network position.
2026-shi-monero-tor	2026	PB4-source-anonymity-spam	attack_or_audit	Deanonymizing Monero Transactions in Tor Network	graph/text/2026-shi-monero-tor.txt	pdfs/2026-shi-monero-tor.pdf	Anonymity-network transport plus Dandelion++ still leaks when peer selection is restricted; shows peer-selection hardening matters for source privacy.	ProxyMark: a Monero node using Tor sends originated transactions only to two outgoing Tor hidden-service proxy nodes before clearnet spread, so an adversary occupying those outgoing connections sees origin. Adversary: active node that fills the victim outgoing slots on the Tor path; tested on live Tor, mainnet and testnet.
2026-shuhan-oblivioussignaling	2026	PB3-receiver-privacy	building_block	Oblivious Signaling	graph/text/2026-shuhan-oblivioussignaling.txt	pdfs/2026-shuhan-oblivioussignaling.pdf	Targets the same trade-off as Bitmessage's flood-and-scan model: delivering without per-recipient inboxes (which leak routing) and without every recipient scanning.	Asks whether a single untrusted server can support asynchronous delivery without learning destinations and without paying FHE scan cost on every retrieval. Argues OMR makes the retrieval of the whole board the central operation and pays heavy homomorphic work each time; proposes oblivious signaling as a cheaper structure. See the paper for the new construction and costs.
2026-simplex-channels-overview	2026	PB6-deployed-messengers	system	SimpleX Channels: overview and design	graph/text/2026-simplex-channels-overview.txt	pdfs/2026-simplex-channels-overview.md	Publish/subscribe to a named feed without every node ingesting everything (contrast Bitmessage broadcasts).	Design rationale for decentralised channels: owner-signed content, redundant relays, subscriber privacy. Hides subscriber identity from relays and other subscribers; owner is known.
2026-simplex-channels-protocol	2026	PB6-deployed-messengers	system	SimpleX Channels Protocol	graph/text/2026-simplex-channels-protocol.txt	pdfs/2026-simplex-channels-protocol.md	Channels are the closest SimpleX analogue to Bitmessage chans/broadcast, with relay trust instead of flooding.	Protocol for one-to-many channels via chat relays, so subscribers and owners stay unlinked from relay operators' view; roles for owners, relays and subscribers.
2026-tang-dumbomix	2026	PB2-metadata-private-systems	system	DumboMix: Robust Asynchronous Anonymous Broadcast Made Practical	graph/text/2026-tang-dumbomix.txt	pdfs/2026-tang-dumbomix.pdf	Mix-based answer to Bitmessage's source-timing and flooding weaknesses: layered encryption and cover traffic instead of broadcasting every object to every node.	Cost model: anonymous broadcast that keeps working under asynchrony; see paper for batch sizes. Trust: Byzantine fault tolerant server set.
2026-terzo-olvid	2026	PB6-deployed-messengers	attack_or_audit	Formal Security Analysis of the Olvid Messenger	graph/text/2026-terzo-olvid.txt	pdfs/2026-terzo-olvid.pdf	A deployed messenger built with identifier-free onboarding and its own AKE/CKA, analysed against the Signal benchmark.	First formal (Tamarin) analysis of Olvid, an E2EE messenger without phone numbers used by French officials: verifies mutual authentication, session-key secrecy, forward secrecy and replay protection against an active adversary, but shows Olvid is not secure in the eCK model (does not meet properties of Signal-class protocols), uncovers a potential timing leakage and discusses Olvid's anonymity claims. Content/session
2026-trinh-gossipsub-das	2026			Evaluating GossipSub for Data Availability Sampling Under Ethereum Consensus Deadlines	graph/text/2026-trinh-gossipsub-das.txt	pdfs/2026-trinh-gossipsub-das.pdf		Master's thesis evaluating GossipSub for DAS dissemination within slot deadlines.
2026-ungrund-spatiallyaware	2026			A Spatially-Aware Publish-Subscribe Middleware for IoT Applications	graph/text/2026-ungrund-spatiallyaware.txt	pdfs/2026-ungrund-spatiallyaware.pdf		Spatial and proximity awareness are critical enablers for efficient communication in Cyber-Physical Systems (CPS) and the Internet of Things (IoT).
2026-urushigaki-session-attacks	2026	PB6-deployed-messengers	attack_or_audit	Practical Attacks on a Decentralized Secure Messenger Session	graph/text/2026-urushigaki-session-attacks.txt	pdfs/2026-urushigaki-session-attacks.pdf	Shows that dropping Signal's ratchet for a stateless long-term-key design reintroduces the authentication gaps of Bitmessage-style static-key schemes.	Implementation-driven analysis of Session Protocol V1 (1:1 and closed groups): no mutual public-key authentication and no binding to monotonic counters. Three practical attacks by malicious server nodes or insiders: impersonation via public-key substitution, message timestamp forgery, and message dropping/replay. Concerns authentication and ordering; routing metadata properties not the focus.
2026-ye-duet	2026			Duet: Co-Optimizing P2P Message Propagation and Rotating-Leader Consensus	graph/text/2026-ye-duet.txt	pdfs/2026-ye-duet.pdf		Tree-based reliable broadcast with gossip fallback integrated into Tendermint and libp2p; up to 7.26x throughput over gossip.
2026-zarchy-selfmix	2026	PB2-metadata-private-systems	building_block	Verifiable SelfMix	graph/text/2026-zarchy-selfmix.txt	pdfs/2026-zarchy-selfmix.pdf	Verifiable mixing where users shuffle themselves.	Cost model: verifiable self-mix (VSM) for messages on a public bulletin board; users write their ciphertext to a hidden unique slot in a public table (Unique Number Selection plus Secure Mapping of Private Permutation), giving unconditional individual verifiability without trusting a mix server. Proofs in the malicious model; positioned between centralised mixnets and DC-net/MPC shuffles.
2026-zhang-bitcoin-trafficanalysis	2026	PB4-source-anonymity-spam	attack_or_audit	Deanonymizing Bitcoin Transactions via Network Traffic Analysis with Semi-supervised Learning	graph/text/2026-zhang-bitcoin-trafficanalysis.txt	pdfs/2026-zhang-bitcoin-trafficanalysis.pdf	Machine-learning traffic analysis on top of flooding: shows source timing leakage persists under transport encryption.	NTSSL: transaction deanonymisation combining network traffic analysis with semi-supervised learning (pseudo-labels from unsupervised clustering) and NTSSL+ with cross-layer transaction clustering; reported 1.6x better than a prior ML approach. Adversary: passive network observer with traffic traces and few labels.
iog-are-continuous-stop-and-go-mixnets-provably-secure		H-iog		Are continuous stop-and-go mixnets provably secure?	graph/text/iog-are-continuous-stop-and-go-mixnets-provably-secure.txt	pdfs/iog-are-continuous-stop-and-go-mixnets-provably-secure.pdf		IOG research library; listing text: Download paper All papers All papers Are continuous stop-and-go mixnets provably secure? Debajyoti Das Claudia Diaz Aggelos Kiayias Chief Scientist Thomas Zacharias July/2024 PETS '24 #mixnets This work formally analyzes
iog-continuous-group-key-agreement-with-active-security		H-iog		Continuous Group Key Agreement with Active Security	graph/text/iog-continuous-group-key-agreement-with-active-security.txt	pdfs/iog-continuous-group-key-agreement-with-active-security.pdf		IOG research library; listing text: Download paper All papers All papers Continuous Group Key Agreement with Active Security Joël Alwen Sandro Coretti Daniel Jost Marta Mularczyk November/2020 TCC '20 #cryptography A continuous group key agreement (CGKA) p
iog-correctness-of-broadcast-via-multicast-graphically-and-forma		H-iog		Correctness of Broadcast via Multicast: Graphically and Formally	graph/text/iog-correctness-of-broadcast-via-multicast-graphically-and-forma.txt	pdfs/iog-correctness-of-broadcast-via-multicast-graphically-and-forma.pdf		IOG research library; listing text: Download paper All papers All papers Correctness of Broadcast via Multicast: Graphically and Formally Wolfgang Jeltsch Software Engineer Well-Typed Javier Díaz September/2022 FROM '22 #multicast Maintaining data consiste
iog-cougar-fast-and-eclipse-resilient-dissemination-for-blockcha		H-iog		CougaR: Fast and Eclipse-Resilient Dissemination for Blockchain Networks	graph/text/iog-cougar-fast-and-eclipse-resilient-dissemination-for-blockcha.txt	pdfs/iog-cougar-fast-and-eclipse-resilient-dissemination-for-blockcha.pdf		IOG research library; listing text: Download paper All papers All papers CougaR: Fast and Eclipse-Resilient Dissemination for Blockchain Networks Evangelos Kolyvas Spyros Voulgaris June/2022 #networking Despite their development for over a decade, a key pr
iog-full-analysis-of-nakamoto-consensus-in-bounded-delay-network		H-iog		Full Analysis of Nakamoto Consensus in Bounded-Delay Networks	graph/text/iog-full-analysis-of-nakamoto-consensus-in-bounded-delay-network.txt	pdfs/iog-full-analysis-of-nakamoto-consensus-in-bounded-delay-network.pdf		IOG research library; listing text: Download paper All papers All papers Full Analysis of Nakamoto Consensus in Bounded-Delay Networks Juan Garay Aggelos Kiayias Chief Scientist Nikos Leonardos March/2020 ePrint Archive #blockchain #nakamoto #proof-of-work
iog-high-throughput-permissionless-blockchain-consensus-under-re		H-iog		High-Throughput Permissionless Blockchain Consensus under Realistic Network Assumptions	graph/text/iog-high-throughput-permissionless-blockchain-consensus-under-re.txt	pdfs/iog-high-throughput-permissionless-blockchain-consensus-under-re.pdf		IOG research library; listing text: Download paper All papers All papers High-Throughput Permissionless Blockchain Consensus under Realistic Network Assumptions Sandro Coretti Matthias Fitzi Research Fellow Academic Research Aggelos Kiayias Chief Scientist
iog-kachina-foundations-of-private-smart-contracts		H-iog		Kachina - Foundations of Private Smart Contracts	graph/text/iog-kachina-foundations-of-private-smart-contracts.txt	pdfs/iog-kachina-foundations-of-private-smart-contracts.pdf		IOG research library; listing text: Download paper All papers All papers Kachina - Foundations of Private Smart Contracts Thomas Kerber Technical Architect Engineering Aggelos Kiayias Chief Scientist Markulf Kohlweiss Research Fellow Academic Research June
iog-message-passing-in-the-extended-utxo-ledger-model		H-iog		Message-passing in the Extended UTxO Ledger Model	graph/text/iog-message-passing-in-the-extended-utxo-ledger-model.txt	pdfs/iog-message-passing-in-the-extended-utxo-ledger-model.pdf		IOG research library; listing text: Download paper All papers All papers Message-passing in the Extended UTxO Ledger Model Polina Vinogradova Research Engineer Engineering Orestis Melkonian March/2024 WTSC 2024 #UTXO #smartcontract A notable problem faced
iog-modular-design-of-secure-group-messaging-protocols-and-the-s		H-iog		Modular Design of Secure Group Messaging Protocols and the Security of MLS	graph/text/iog-modular-design-of-secure-group-messaging-protocols-and-the-s.txt	pdfs/iog-modular-design-of-secure-group-messaging-protocols-and-the-s.pdf		IOG research library; listing text: Download paper All papers All papers Modular Design of Secure Group Messaging Protocols and the Security of MLS Joël Alwen Sandro Coretti Yevgeniy Dodis Yiannis Tselekounis November/2021 ACM CCS '21 #cryptography The Mes
iog-ouroboros-crypsinous-privacy-preserving-proof-of-stake		H-iog		Ouroboros Crypsinous: Privacy-Preserving Proof-of-Stake	graph/text/iog-ouroboros-crypsinous-privacy-preserving-proof-of-stake.txt	pdfs/iog-ouroboros-crypsinous-privacy-preserving-proof-of-stake.pdf		IOG research library; listing text: Download paper All papers All papers Ouroboros Crypsinous: Privacy-Preserving Proof-of-Stake Thomas Kerber Technical Architect Engineering Markulf Kohlweiss Research Fellow Academic Research Aggelos Kiayias Chief Scienti
iog-proofs-about-network-communication-for-humans-and-machines		H-iog		Proofs about Network Communication: For Humans and Machines	graph/text/iog-proofs-about-network-communication-for-humans-and-machines.txt	pdfs/iog-proofs-about-network-communication-for-humans-and-machines.pdf		IOG research library; listing text: Download paper All papers All papers Proofs about Network Communication: For Humans and Machines Wolfgang Jeltsch Software Engineer Well-Typed Javier Díaz June/2023 ICE '23 Many concurrent and distributed systems are saf
iog-scramble-adaptive-decentralized-overlay-construction-for-blo		H-iog		SCRamble: Adaptive Decentralized Overlay Construction for Blockchain Networks	graph/text/iog-scramble-adaptive-decentralized-overlay-construction-for-blo.txt	pdfs/iog-scramble-adaptive-decentralized-overlay-construction-for-blo.pdf		IOG research library; listing text: Download paper All papers All papers SCRamble: Adaptive Decentralized Overlay Construction for Blockchain Networks Evangelos Kolyvas Alexandros Antonov Spyros Voulgaris January/2026 ICDCN '26 #networking Despite being un
iog-securecyclon-dependable-peer-sampling		H-iog		SecureCyclon: Dependable Peer Sampling	graph/text/iog-securecyclon-dependable-peer-sampling.txt	pdfs/iog-securecyclon-dependable-peer-sampling.pdf		IOG research library; listing text: Download paper All papers All papers SecureCyclon: Dependable Peer Sampling Alexandros Antonov Spyros Voulgaris July/2023 ICDCS '23 #gossip #networking Overlay management is the cornerstone of building robust and dependa
iog-security-analysis-and-improvements-for-the-ietf-mls-standard		H-iog		Security Analysis and Improvements for the IETF MLS Standard for Group Messaging	graph/text/iog-security-analysis-and-improvements-for-the-ietf-mls-standard.txt	pdfs/iog-security-analysis-and-improvements-for-the-ietf-mls-standard.pdf		IOG research library; listing text: Download paper All papers All papers Security Analysis and Improvements for the IETF MLS Standard for Group Messaging Joël Alwen Sandro Coretti Yevgeniy Dodis Yiannis Tselekounis August/2020 CRYPTO '20 #cryptography Secu
iog-setchain-algorithms-for-blockchain-scalability		H-iog		Setchain Algorithms for Blockchain Scalability	graph/text/iog-setchain-algorithms-for-blockchain-scalability.txt	pdfs/iog-setchain-algorithms-for-blockchain-scalability.pdf		IOG research library; listing text: Download paper All papers All papers Setchain Algorithms for Blockchain Scalability Arivarasan Karmegam Gabina Luz Bianchi Margarita Capretto Martin Ceresa Antonio Fernandez Anta Cesar Sanchez October/2025 CCS '25 #bft #
iog-sok-communication-across-distributed-ledgers		H-iog		SoK: Communication Across Distributed Ledgers	graph/text/iog-sok-communication-across-distributed-ledgers.txt	pdfs/iog-sok-communication-across-distributed-ledgers.pdf		IOG research library; listing text: Download paper All papers All papers SoK: Communication Across Distributed Ledgers Alexei Zamyatin Mustafa Al-Bassam Dionysis Zindros Junior Research Fellow Academic Research Eleftherios Kokoris-Kogias Pedro Moreno-Sanch
iog-state-machine-replication-among-strangers-fast-and-self-suff		H-iog		State Machine Replication Among Strangers, Fast and Self-Sufficient	graph/text/iog-state-machine-replication-among-strangers-fast-and-self-suff.txt	pdfs/iog-state-machine-replication-among-strangers-fast-and-self-suff.pdf		IOG research library; listing text: Download paper All papers All papers State Machine Replication Among Strangers, Fast and Self-Sufficient Juan Garay Aggelos Kiayias Chief Scientist Yu Shen August/2025 Crypto '25 A set of unacquainted parties, some of wh
iog-syra-sybil-resilient-anonymous-signatures-with-applications-		H-iog		SyRA: Sybil-Resilient Anonymous Signatures with Applications to Decentralized Identity	graph/text/iog-syra-sybil-resilient-anonymous-signatures-with-applications-.txt	pdfs/iog-syra-sybil-resilient-anonymous-signatures-with-applications-.pdf		IOG research library; listing text: Download paper All papers All papers SyRA: Sybil-Resilient Anonymous Signatures with Applications to Decentralized Identity Elizabeth Crites Aggelos Kiayias Chief Scientist Markulf Kohlweiss Research Fellow Academic Rese
iog-turn-based-communication-channels		H-iog		Turn-Based Communication Channels	graph/text/iog-turn-based-communication-channels.txt	pdfs/iog-turn-based-communication-channels.pdf		IOG research library; listing text: Download paper All papers All papers Turn-Based Communication Channels Carlo Brunetta Mario Larangeira Research Fellow Academic Research Bei Liang Aikaterini Mitrokotsa Keisuke Tanaka November/2021 ProvSec '21 #hash func
iog-what-did-come-out-of-it-analysis-and-improvements-of-didcomm		H-iog		What Did Come Out of It? Analysis and Improvements of DIDComm Messaging	graph/text/iog-what-did-come-out-of-it-analysis-and-improvements-of-didcomm.txt	pdfs/iog-what-did-come-out-of-it-analysis-and-improvements-of-didcomm.pdf		IOG research library; listing text: Download paper All papers All papers What Did Come Out of It? Analysis and Improvements of DIDComm Messaging Christian Badertscher Research Fellow Academic Research Fabio Banfi Jesus Diaz October/2024 ACM CCS '24 #ssi Se
iog-zswap-zk-snark-based-non-interactive-multi-asset-swaps		H-iog		Zswap: zk-SNARK Based Non-Interactive Multi-Asset Swaps	graph/text/iog-zswap-zk-snark-based-non-interactive-multi-asset-swaps.txt	pdfs/iog-zswap-zk-snark-based-non-interactive-multi-asset-swaps.pdf		IOG research library; listing text: Download paper All papers All papers Zswap: zk-SNARK Based Non-Interactive Multi-Asset Swaps Felix Engelmann Thomas Kerber Technical Architect Engineering Markulf Kohlweiss Research Fellow Academic Research Mikhail Volkh
midnight-coip-0001	2026	M-midnight-proposals		COIP-0001: coip-0001		pdfs/midnight-coip-0001.md		Compact improvement proposal 0001. coip-0001
midnight-coip-0002	2026	M-midnight-proposals		COIP-0002: coip-0002		pdfs/midnight-coip-0002.md		Compact improvement proposal 0002. coip-0002
midnight-coip-0003	2026	M-midnight-proposals		COIP-0003: Appendix B. Zerocash Example		pdfs/midnight-coip-0003.md		Compact improvement proposal 0003. Appendix B. Zerocash Example
midnight-coip-0004	2026	M-midnight-proposals		COIP-0004: coip-0004		pdfs/midnight-coip-0004.md		Compact improvement proposal 0004. coip-0004
midnight-coip-0005	2026	M-midnight-proposals		COIP-0005: coip-0005		pdfs/midnight-coip-0005.md		Compact improvement proposal 0005. coip-0005
midnight-mip-0001	2026	M-midnight-proposals		MIP-0001: Midnight Improvement Proposal Process		pdfs/midnight-mip-0001.md		MIP-0001 (Accepted, Governance). Midnight Improvement Proposal Process
midnight-mip-0002	2026	M-midnight-proposals		MIP-0002: Public Contract Log Emission for Compact Smart Contracts		pdfs/midnight-mip-0002.md		MIP-0002 (Accepted, Core). Public Contract Log Emission for Compact Smart Contracts
midnight-mip-0003	2026	M-midnight-proposals		MIP-0003: ECDSA signature support		pdfs/midnight-mip-0003.md		MIP-0003 (Accepted, Core). ECDSA signature support
midnight-mip-0004	2026	M-midnight-proposals		MIP-0004: Fungible Token Standard with UTXO Conversion Extensions		pdfs/midnight-mip-0004.md		MIP-0004 (Draft, Standards). Fungible Token Standard with UTXO Conversion Extensions
midnight-mip-0005	2026	M-midnight-proposals		MIP-0005: Offer Files		pdfs/midnight-mip-0005.md		MIP-0005 (Proposed, Standards). Offer Files
midnight-mip-0006	2026	M-midnight-proposals		MIP-0006: Peer-to-Peer Atomic Swaps		pdfs/midnight-mip-0006.md		MIP-0006 (Proposed, Standards). Peer-to-Peer Atomic Swaps
midnight-mip-0007	2026	M-midnight-proposals		MIP-0007: Midnight Name Service — Canonical Registry and Resolver Standard		pdfs/midnight-mip-0007.md		MIP-0007 (Proposed, Standards). Midnight Name Service — Canonical Registry and Resolver Standard
midnight-mip-0008	2026	M-midnight-proposals		MIP-0008: CAIP-2 Network Identifiers for Midnight		pdfs/midnight-mip-0008.md		MIP-0008 (Draft, Standards). CAIP-2 Network Identifiers for Midnight
midnight-mip-0009	2026	M-midnight-proposals		MIP-0009: Lazy Contract State Query RPC		pdfs/midnight-mip-0009.md		MIP-0009 (Proposed, Standards). Lazy Contract State Query RPC
midnight-mip-0010	2026	M-midnight-proposals		MIP-0010: Consensus Migration from Aura to BABE		pdfs/midnight-mip-0010.md		MIP-0010 (Proposed, Core). Consensus Migration from Aura to BABE
midnight-mip-0011	2026	M-midnight-proposals		MIP-0011: Native Shielded Token Standard		pdfs/midnight-mip-0011.md		MIP-0011 (Proposed, Standards). Native Shielded Token Standard
midnight-mip-0012	2026	M-midnight-proposals		MIP-0012: Contract Custody of Midnight-Native Assets		pdfs/midnight-mip-0012.md		MIP-0012 (Proposed, Standards). Contract Custody of Midnight-Native Assets
midnight-mip-0013	2026	M-midnight-proposals		MIP-0013: Multi-key Account Authorisation for Custody Contracts		pdfs/midnight-mip-0013.md		MIP-0013 (Proposed, Standards). Multi-key Account Authorisation for Custody Contracts
midnight-mip-0014	2026	M-midnight-proposals		MIP-0014: Native Unshielded Token Standard		pdfs/midnight-mip-0014.md		MIP-0014 (Proposed, Standards). Native Unshielded Token Standard
midnight-mip-0015	2026	M-midnight-proposals		MIP-0015: Wallet-derived deterministic secrets		pdfs/midnight-mip-0015.md		MIP-0015 (Proposed, Standards). Wallet-derived deterministic secrets
midnight-mip-0016	2026	M-midnight-proposals		MIP-0016: NIGHT Staking		pdfs/midnight-mip-0016.md		MIP-0016 (Draft, Core). NIGHT Staking
midnight-mip-0017	2026	M-midnight-proposals		MIP-0017: Signature-Authorized Shielded Spends with VRF Nullifiers		pdfs/midnight-mip-0017.md		MIP-0017 (Proposed, Core). Signature-Authorized Shielded Spends with VRF Nullifiers
midnight-mip-0018	2026	M-midnight-proposals		MIP-0018: On-Chain Token Metadata Emission (`TokenMetadata` Events)		pdfs/midnight-mip-0018.md		MIP-0018 (Proposed, Standards). On-Chain Token Metadata Emission (`TokenMetadata` Events)
midnight-mip-0019	2026	M-midnight-proposals		MIP-0019: Multipart Event		pdfs/midnight-mip-0019.md		MIP-0019 (Proposed, Standards). Multipart Event
midnight-mps-0001	2026	M-midnight-proposals		MPS-0001: Midnight Problem Statement Process		pdfs/midnight-mps-0001.md		MPS-0001 (Draft, Governance). Midnight Problem Statement Process
midnight-mps-0002	2026	M-midnight-proposals		MPS-0002: Midnight Developer Tooling		pdfs/midnight-mps-0002.md		MPS-0002 (Proposed, Libraries and Tooling). Midnight Developer Tooling
midnight-mps-0003	2026	M-midnight-proposals		MPS-0003: CAIP-2 Compliant Network Identifiers for Wallet Ecosystem Integration		pdfs/midnight-mps-0003.md		MPS-0003 (Proposed, Standards). CAIP-2 Compliant Network Identifiers for Wallet Ecosystem Integration
midnight-mps-0004	2026	M-midnight-proposals		MPS-0004: Trustworthy Delegated Proof Generation for Privacy-Preserving Transactions		pdfs/midnight-mps-0004.md		MPS-0004 (Proposed, Ledger). Trustworthy Delegated Proof Generation for Privacy-Preserving Transactions
midnight-mps-0005	2026	M-midnight-proposals		MPS-0005: Event Emission Support for Compact Smart Contracts (Phase 1)		pdfs/midnight-mps-0005.md		MPS-0005 (Proposed, Standards). Event Emission Support for Compact Smart Contracts (Phase 1)
midnight-mps-0006	2026	M-midnight-proposals		MPS-0006: Institutional Custody for Native Shielded Assets (ZSwap)		pdfs/midnight-mps-0006.md		MPS-0006 (Proposed, Core). Institutional Custody for Native Shielded Assets (ZSwap)
midnight-mps-0007	2026	M-midnight-proposals		MPS-0007: Node-Side Visibility of Ledger Events		pdfs/midnight-mps-0007.md		MPS-0007 (Proposed, Core). Node-Side Visibility of Ledger Events
midnight-mps-0008	2026	M-midnight-proposals		MPS-0008: Native Keccak Hashing for Signature Verification		pdfs/midnight-mps-0008.md		MPS-0008 (Proposed, Libraries and Tooling). Native Keccak Hashing for Signature Verification
midnight-mps-0009	2026	M-midnight-proposals		MPS-0009: RSA 1024/2048 Signature Verification		pdfs/midnight-mps-0009.md		MPS-0009 (Proposed, Libraries and Tooling). RSA 1024/2048 Signature Verification
midnight-mps-0010	2026	M-midnight-proposals		MPS-0010: ECDSA/secp256k1 Signature Verification		pdfs/midnight-mps-0010.md		MPS-0010 (Proposed, Libraries and Tooling). ECDSA/secp256k1 Signature Verification
midnight-mps-0011	2026	M-midnight-proposals		MPS-0011: Native Cryptographic Primitives for Prime Stablecoin Integration		pdfs/midnight-mps-0011.md		MPS-0011 (Proposed, Libraries and Tooling). Native Cryptographic Primitives for Prime Stablecoin Integration
midnight-mps-0012	2026	M-midnight-proposals		MPS-0012: Human-Readable Aliasing for Midnight Accounts		pdfs/midnight-mps-0012.md		MPS-0012 (Accepted, Standards). Human-Readable Aliasing for Midnight Accounts
midnight-mps-0013	2026	M-midnight-proposals		MPS-0013: zswap business logic		pdfs/midnight-mps-0013.md		MPS-0013 (Proposed, Core). zswap business logic
midnight-mps-0014	2026	M-midnight-proposals		MPS-0014: Proof Verification in Compact		pdfs/midnight-mps-0014.md		MPS-0014 (Proposed, Core). Proof Verification in Compact
midnight-mps-0015	2026	M-midnight-proposals		MPS-0015: Agent Identity Gap on Midnight		pdfs/midnight-mps-0015.md		MPS-0015 (Proposed, Standards). Agent Identity Gap on Midnight
midnight-mps-0016	2026	M-midnight-proposals		MPS-0016: Custodian-Compatible Shielded Wallet Generation		pdfs/midnight-mps-0016.md		MPS-0016 (Proposed, Core). Custodian-Compatible Shielded Wallet Generation
midnight-mps-0018	2026	M-midnight-proposals		MPS-0018: Multi-key Account Custody for Midnight-Native Assets		pdfs/midnight-mps-0018.md		MPS-0018 (Proposed, Libraries and Tooling). Multi-key Account Custody for Midnight-Native Assets
midnight-mps-0019	2026	M-midnight-proposals		MPS-0019: Block Production Rewards in NIGHT		pdfs/midnight-mps-0019.md		MPS-0019 (Proposed, Core). Block Production Rewards in NIGHT
midnight-mps-0020	2026	M-midnight-proposals		MPS-0020: Perfromance Benchmarking and Improvement		pdfs/midnight-mps-0020.md		MPS-0020 (Proposed, Core). Perfromance Benchmarking and Improvement
midnight-mps-0021	2026	M-midnight-proposals		MPS-0021: Phase 2- Contract 2 Contract		pdfs/midnight-mps-0021.md		MPS-0021 (Proposed, Core). Phase 2- Contract 2 Contract
midnight-mps-0022	2026	M-midnight-proposals		MPS-0022: A Standard, Language-Agnostic Representation of Compiled Compact Contracts		pdfs/midnight-mps-0022.md		MPS-0022 (Proposed, Standards). A Standard, Language-Agnostic Representation of Compiled Compact Contracts
midnight-mps-0023	2026	M-midnight-proposals		MPS-0023: Standard Interface for Privacy-Preserving Real World Assets		pdfs/midnight-mps-0023.md		MPS-0023 (Proposed, Standards). Standard Interface for Privacy-Preserving Real World Assets
midnight-mps-0024	2026	M-midnight-proposals		MPS-0024: Custodian-Safe Native Shielded Asset Transfer		pdfs/midnight-mps-0024.md		MPS-0024 (Proposed, Core). Custodian-Safe Native Shielded Asset Transfer
midnight-mps-0025	2026	M-midnight-proposals		MPS-0025: Source-of-Funds Evidence for Incoming Shielded Assets		pdfs/midnight-mps-0025.md		MPS-0025 (Proposed, Core). Source-of-Funds Evidence for Incoming Shielded Assets
midnight-mps-0026	2026	M-midnight-proposals		MPS-0026: Censorship Vulnerabilities in Deterministic Block Producer Selection		pdfs/midnight-mps-0026.md		MPS-0026 (Proposed, Core). Censorship Vulnerabilities in Deterministic Block Producer Selection
midnight-mps-0027	2026	M-midnight-proposals		MPS-0027: Domain Separation for Midnight Hash Constructions		pdfs/midnight-mps-0027.md		MPS-0027 (Proposed, Libraries and Tooling). Domain Separation for Midnight Hash Constructions
midnight-mps-0028	2026	M-midnight-proposals		MPS-0028: Pre-Finality State Visibility for Indexer and Wallet		pdfs/midnight-mps-0028.md		MPS-0028 (Proposed, Core). Pre-Finality State Visibility for Indexer and Wallet
midnight-mps-0029	2026	M-midnight-proposals		MPS-0029: Caller Identity Access in Compact Circuits		pdfs/midnight-mps-0029.md		MPS-0029 (Proposed, Core). Caller Identity Access in Compact Circuits
midnight-mps-0030	2026	M-midnight-proposals		MPS-0030: Decentralization Through Large-Scale Validator Participation		pdfs/midnight-mps-0030.md		MPS-0030 (Proposed, Core). Decentralization Through Large-Scale Validator Participation
midnight-mps-0031	2026	M-midnight-proposals		MPS-0031: Community-Governed DUST Grant DAO		pdfs/midnight-mps-0031.md		MPS-0031 (Proposed, Ecosystem). Community-Governed DUST Grant DAO
midnight-mps-0032	2026	M-midnight-proposals		MPS-0032: History Management for Midnight		pdfs/midnight-mps-0032.md		MPS-0032 (Proposed, Core). History Management for Midnight
midnight-mps-0033	2026	M-midnight-proposals		MPS-0033: mNIGHT to cNIGHT		pdfs/midnight-mps-0033.md		MPS-0033 (Proposed, Core). mNIGHT to cNIGHT
midnight-mps-0034	2026	M-midnight-proposals		MPS-0034: Native NIGHT Staking on the Midnight Network		pdfs/midnight-mps-0034.md		MPS-0034 (Proposed, Core). Native NIGHT Staking on the Midnight Network
midnight-mps-0035	2026	M-midnight-proposals		MPS-0035: Shielded Spend Authorization Requires Exposing the Spend Key		pdfs/midnight-mps-0035.md		MPS-0035 (Proposed, Core). Shielded Spend Authorization Requires Exposing the Spend Key
midnight-mps-0036	2026	M-midnight-proposals		MPS-0036: Security-Review Evidence for Compact Contract Releases		pdfs/midnight-mps-0036.md		MPS-0036 (Proposed, Standards). Security-Review Evidence for Compact Contract Releases
midnight-mps-0037	2026	M-midnight-proposals		MPS-0037: Heritable Rights for Self-Replicating Off-Chain Assets		pdfs/midnight-mps-0037.md		MPS-0037 (Proposed, Standards). Heritable Rights for Self-Replicating Off-Chain Assets
midnight-mps-0038	2026	M-midnight-proposals		MPS-0038: Operational Cost of Cardano Observation		pdfs/midnight-mps-0038.md		MPS-0038 (Draft, Core). Operational Cost of Cardano Observation
midnight-mps-0039	2026	M-midnight-proposals		MPS-0039: Calling a Contract Requires Its Full Compiled Artifacts		pdfs/midnight-mps-0039.md		MPS-0039 (Proposed, Libraries and Tooling). Calling a Contract Requires Its Full Compiled Artifacts
midnight-mps-0040	2026	M-midnight-proposals		MPS-0040: Cross-Contract Call Provenance in Compact Circuits		pdfs/midnight-mps-0040.md		MPS-0040 (Proposed, Core). Cross-Contract Call Provenance in Compact Circuits
midnight-mps-0041	2026	M-midnight-proposals		MPS-0041: Custodian-Compatible Compact Contract Proof Generation		pdfs/midnight-mps-0041.md		MPS-0041 (Proposed, Core). Custodian-Compatible Compact Contract Proof Generation
midnight-mps-0042	2026	M-midnight-proposals		MPS-0042: Stable, Versioned and Well-Specified Serialization Format		pdfs/midnight-mps-0042.md		MPS-0042 (Proposed, Standards). Stable, Versioned and Well-Specified Serialization Format
midnight-mps-0043	2026	M-midnight-proposals		MPS-0043: Selective Disclosure to a Chosen Party		pdfs/midnight-mps-0043.md		MPS-0043 (Proposed, Core). Selective Disclosure to a Chosen Party
nostr-nip-01	2020	PB1-bitmessage-heirs	system	NIP-01: Basic protocol flow description	graph/text/nostr-nip-01.txt	pdfs/nostr-nip-01.md	Events signed with the author key, relays that store and serve them by filter; defines the relay model every DM scheme runs on (relay sees pubkeys, tags and filters).	Living spec; year approximate (project start 2019-2020).
nostr-nip-04	2022	PB1-bitmessage-heirs	system	NIP-04: Encrypted Direct Message (deprecated)	graph/text/nostr-nip-04.txt	pdfs/nostr-nip-04.md	Legacy DM: kind-4 event, ECDH shared secret with AES-256-CBC, sender and recipient pubkeys and timing visible to relays. Unlike Bitmessage it hides nothing about the pair.	Marked unrecommended in favour of NIP-17; year approximate. Practical attacks in Kimura et al. 2025.
nostr-nip-13	2022	PB1-bitmessage-heirs	building_block	NIP-13: Proof of Work	graph/text/nostr-nip-13.txt	pdfs/nostr-nip-13.md	Hashcash-style leading-zero-bits proof carried in an event nonce tag; relays may require it as an anti-spam admission, the Bitmessage mechanism in a relay setting.	Living spec; year approximate.
nostr-nip-17	2023	PB1-bitmessage-heirs	system	NIP-17: Private Direct Messages	graph/text/nostr-nip-17.txt	pdfs/nostr-nip-17.md	Current DM scheme: NIP-44 encryption inside NIP-59 gift wraps, delivered to the relays listed in the recipient relay list; relay learns the recipient but not the sender. Receiver privacy is via relay choice, not ambiguity.	Living spec; year approximate (merged around 2024).
nostr-nip-44	2023	PB1-bitmessage-heirs	building_block	NIP-44: Encrypted Payloads (versioned)	graph/text/nostr-nip-44.txt	pdfs/nostr-nip-44.md	ECDH + HKDF + ChaCha20 + HMAC with padding; fixes the malleability and length leak of NIP-04; still no forward secrecy.	Audited by Cure53 per the spec text; year approximate.
nostr-nip-59	2023	PB1-bitmessage-heirs	system	NIP-59: Gift Wrap	graph/text/nostr-nip-59.txt	pdfs/nostr-nip-59.md	Rumor, seal, gift wrap: the author event is sealed to the recipient, then wrapped under a throw-away key with randomised timestamps; hides the sender from relays but the recipient pubkey tag stays visible unless the recipient authenticates 	Living spec; year approximate.
spec-katzenpost-groupchat	2025	PB2-metadata-private-systems	system	Group Chat Specification (Katzenpost)	graph/text/spec-katzenpost-groupchat.txt	pdfs/spec-katzenpost-groupchat.pdf	Group messaging on Pigeonhole boxes, the mixnet counterpart of Bitmessage chans.	Cost model: depends on Pigeonhole; no numbers. Katzenpost spec (undated PDF; year is an estimate from the Echomix and Katzenpost repository history).
spec-katzenpost-kemsphinx	2023	PB2-metadata-private-systems	building_block	KEM Sphinx Packet Format (Katzenpost specification)	graph/text/spec-katzenpost-kemsphinx.txt	pdfs/spec-katzenpost-kemsphinx.pdf	KEM-based Sphinx preserving bitwise unlinkability, constant packet size and route-length hiding.	Cost model: replaces NIKE with KEM at the price of larger headers. Katzenpost spec (undated PDF; year is an estimate from the Echomix and Katzenpost repository history).
spec-katzenpost-mixdecoy	2024	PB2-metadata-private-systems	attack_or_audit	Propagation of mix decoy loop statistics (Katzenpost specification)	graph/text/spec-katzenpost-mixdecoy.txt	pdfs/spec-katzenpost-mixdecoy.pdf	Defence against (n-1) attacks that use strategic packet loss: nodes publish decoy-loop statistics.	Cost model: extra statistics traffic with directory authority. Katzenpost spec (undated PDF; year is an estimate from the Echomix and Katzenpost repository history).
spec-katzenpost-mixnet	2017	PB2-metadata-private-systems	system	Katzenpost Mix Network Specification	graph/text/spec-katzenpost-mixnet.txt	pdfs/spec-katzenpost-mixnet.pdf	Mix-based answer to Bitmessage's source-timing and flooding weaknesses: layered encryption and cover traffic instead of broadcasting every object to every node.	Cost model: high-level architecture of a Loopix-style decryption mixnet with entry, middle and service layers, directory authorities, Poisson mix delays and loop decoys; no throughput figures. Katzenpost spec (undated PDF; year is an estimate from the Echomix and Katzenpost repository history).
spec-katzenpost-packetreplay	2023	PB2-metadata-private-systems	building_block	Sphinx Packet Replay Detection (Katzenpost specification)	graph/text/spec-katzenpost-packetreplay.txt	pdfs/spec-katzenpost-packetreplay.pdf	Replay detection that Bitmessage handles with object-hash dedup; here per-hop tag caches with epoch rotation.	Cost model: memory per node grows with packets per epoch. Katzenpost spec (undated PDF; year is an estimate from the Echomix and Katzenpost repository history).
spec-katzenpost-pigeonhole	2025	PB2-metadata-private-systems	system	Pigeonhole Protocol Specification (Katzenpost)	graph/text/spec-katzenpost-pigeonhole.txt	pdfs/spec-katzenpost-pigeonhole.pdf	Replaces mailbox servers with scattered storage: clients write and read pseudorandom boxes through the mixnet, a direct successor to Bitmessage's shared object store.	Cost model: box-based streams (BACAP), all-or-nothing group writes; no throughput numbers. Katzenpost spec (undated PDF; year is an estimate from the Echomix and Katzenpost repository history).
spec-katzenpost-sphinx	2017	PB2-metadata-private-systems	building_block	Katzenpost Sphinx Cryptographic Packet Format Specification	graph/text/spec-katzenpost-sphinx.txt	pdfs/spec-katzenpost-sphinx.pdf	Concrete Sphinx parameterisation used by Katzenpost; the packet format layer that stops per-hop linking.	Cost model: fixed-size packets, per-hop DH blinding, SURB replies. Katzenpost spec (undated PDF; year is an estimate from the Echomix and Katzenpost repository history).
